spawn lldb -f /Users/artyomantoshkin/h90-re/H90 Control.app/Contents/MacOS/H90 Control
(lldb) target create "/Users/artyomantoshkin/h90-re/H90 Control.app/Contents/MacOS/H90 Control"
process launch --stop-at-entry
Current executable set to '/Users/artyomantoshkin/h90-re/H90 Control.app/Contents/MacOS/H90 Control' (arm64).
(lldb) Process 6589 stopped
* thread #1, stop reason = signal SIGSTOP
    frame #0: 0x00000001006287c0 dyld`_dyld_start
dyld`_dyld_start:
->  0x1006287c0 <+0>:  mov    x0, sp
    0x1006287c4 <+4>:  and    sp, x0, #0xfffffffffffffff0
    0x1006287c8 <+8>:  mov    x29, #0x0                 ; =0 
    0x1006287cc <+12>: mov    x30, #0x0                 ; =0 
Target 0: (H90 Control) stopped.
Process 6589 launched: '/Users/artyomantoshkin/h90-re/H90 Control.app/Contents/MacOS/H90 Control' (arm64)
(lldb) image lookup -n ___lldb_unnamed_symbol857
1 match found in /Users/artyomantoshkin/h90-re/H90 Control.app/Contents/MacOS/H90 Control:
        Address: H90 Control[0x00000001000130ac] (H90 Control.__TEXT.__text + 45212)
        Summary: H90 Control`___lldb_unnamed_symbol857
(lldb) image lookup -n ___lldb_unnamed_symbol866
1 match found in /Users/artyomantoshkin/h90-re/H90 Control.app/Contents/MacOS/H90 Control:
        Address: H90 Control[0x0000000100014328] (H90 Control.__TEXT.__text + 49944)
        Summary: H90 Control`___lldb_unnamed_symbol866
(lldb) breakpoint set -a 0x10001336c
Breakpoint 1: where = H90 Control`___lldb_unnamed_symbol857 + 704, address = 0x000000010001336c
(lldb) breakpoint set -a 0x0000000100014328
Breakpoint 2: where = H90 Control`___lldb_unnamed_symbol866, address = 0x0000000100014328
(lldb) continue
Process 6589 resuming
2026-08-05 15:59:02.123054+0300 H90 Control[6589:44562] Unable to open mach-O at path: default.metallib  Error:2
2026-08-05 15:59:02.160243+0300 H90 Control[6589:44519] [plugin] AddInstanceForFactory: No factory registered for id <CFUUID 0x11bb85390> F8BB1C28-BAE8-11D6-9C31-00039315CD46
2026-08-05 15:59:02.167278+0300 H90 Control[6589:44519]       HALC_ShellObject.mm:615    HALC_ShellObject::SetPropertyData: call to the proxy failed, Error: 1852797029 (nope)
continue
2026-08-05 15:59:17.169916+0300 H90 Control[6589:44519] [StateRestoration] WARNING: Secure coding is not enabled for restorable state! Enable secure coding by implementing NSApplicationDelegate.applicationSupportsSecureRestorableState: and returning YES.
continue
continue
Process 6589 stopped
* thread #1, name = 'JUCE Message Thread', queue = 'com.apple.main-thread', stop reason = breakpoint 1.1
    frame #0: 0x000000010001336c H90 Control`___lldb_unnamed_symbol857 + 704
H90 Control`___lldb_unnamed_symbol857:
->  0x10001336c <+704>: bl     0x100477330               ; symbol stub for: MIDISendEventList
    0x100013370 <+708>: b      0x100013380               ; <+724>
    0x100013374 <+712>: mov    x0, x1
    0x100013378 <+716>: mov    x1, x2
Target 0: (H90 Control) stopped.
(lldb) script print("==BP=1 n=1==")
script print("SEND")
thread info
==BP=1 n=1==
(lldb) thread backtrace -c 30
SEND
(lldb) thread #1: tid = 0xade7, 0x000000010001336c H90 Control`___lldb_unnamed_symbol857 + 704, name = 'JUCE Message Thread', queue = 'com.apple.main-thread', stop reason = breakpoint 1.1

(lldb) register read x0 x1 x2 x3 x4
memory read -f x -c 300 -s 4 --force $x2
* thread #1, name = 'JUCE Message Thread', queue = 'com.apple.main-thread', stop reason = breakpoint 1.1
  * frame #0: 0x000000010001336c H90 Control`___lldb_unnamed_symbol857 + 704
    frame #1: 0x000000010021e068 H90 Control`___lldb_unnamed_symbol7315 + 220
    frame #2: 0x000000010021bfac H90 Control`___lldb_unnamed_symbol7310 + 328
    frame #3: 0x0000000100261450 H90 Control`___lldb_unnamed_symbol7834 + 216
    frame #4: 0x0000000100313434 H90 Control`___lldb_unnamed_symbol9590 + 820
    frame #5: 0x00000001001dd1b0 H90 Control`___lldb_unnamed_symbol6448 + 240
    frame #6: 0x0000000100123de0 H90 Control`___lldb_unnamed_symbol3554 + 420
    frame #7: 0x00000001001237f0 H90 Control`___lldb_unnamed_symbol3549 + 156
    frame #8: 0x00000001001230d4 H90 Control`___lldb_unnamed_symbol3534 + 512
    frame #9: 0x0000000100114b0c H90 Control`___lldb_unnamed_symbol3332 + 788
    frame #10: 0x0000000100113c8c H90 Control`___lldb_unnamed_symbol3324 + 380
    frame #11: 0x000000010010e934 H90 Control`___lldb_unnamed_symbol3256 + 316
    frame #12: 0x00000001a1dfa55c AppKit`_routeMouseUpEvent + 132
    frame #13: 0x00000001a135bc20 AppKit`-[NSWindow(NSEventRouting) _reallySendEvent:isDelayedEvent:] + 440
    frame #14: 0x00000001a135b8a0 AppKit`-[NSWindow(NSEventRouting) sendEvent:] + 288
    frame #15: 0x00000001a1bd36c0 AppKit`-[NSApplication(NSEventRouting) sendEvent:] + 1504
    frame #16: 0x00000001a17d242c AppKit`-[NSApplication _handleEvent:] + 60
    frame #17: 0x00000001a1228c0c AppKit`-[NSApplication run] + 520
    frame #18: 0x00000001001f0410 H90 Control`___lldb_unnamed_symbol6836 + 276
    frame #19: 0x000000019ce86b98 dyld`start + 6076
(lldb)       x0 = 0x00000000011b408e
      x1 = 0x00000000011b4013
      x2 = 0x000000016fdfd2b0
      x3 = 0x0000000e62c10115
      x4 = 0x0000000000000002
(lldb) expr -- (*(unsigned int*)($x2 + 16)) & 0xffff
continue
0x16fdfd2b0: 0x00000001 0x00000001 0x62c10115 0x0000000e
0x16fdfd2c0: 0x00000010 0x30161c77 0x00011600 0x3026030c
0x16fdfd2d0: 0x00000000 0x30260100 0x06000e00 0x30264000
0x16fdfd2e0: 0x00020000 0x30260000 0x00006000 0x30260400
0x16fdfd2f0: 0x00002000 0x30260001 0x00040000 0x30320000
0x16fdfd300: 0x00000000 0x00000000 0x00000000 0x00000000
0x16fdfd310: 0x00000000 0x00000000 0x00000000 0x00000000
0x16fdfd320: 0x00000000 0x00000000 0x00000000 0x00000000
0x16fdfd330: 0x00000000 0x00000000 0x00000000 0x00000000
0x16fdfd340: 0x00000000 0x00000000 0x00000000 0x00000000
0x16fdfd350: 0x00000000 0x00000000 0x00000000 0x00000000
0x16fdfd360: 0x00000000 0x00000000 0x00000000 0x00000000
0x16fdfd370: 0x00000000 0x00000000 0x00000000 0x00000000
0x16fdfd380: 0x00000000 0x00000000 0x00000000 0x00000000
0x16fdfd390: 0x00000000 0x00000000 0x00000000 0x00000000
0x16fdfd3a0: 0x00000000 0x00000000 0x00000000 0x00000000
0x16fdfd3b0: 0x00000000 0x00000000 0x00000000 0x00000000
0x16fdfd3c0: 0x00000000 0x00000001 0x001e70a0 0x00000001
0x16fdfd3d0: 0x62c10115 0x0000000e 0x011b4013 0x011b408e
0x16fdfd3e0: 0x6fdfd3e8 0x00000001 0x30320000 0x00000000
0x16fdfd3f0: 0x6fdfd268 0x00000001 0x6fdfd2a8 0x00000001
0x16fdfd400: 0x6fdfd280 0x00000001 0x6fdfd298 0x00000001
0x16fdfd410: 0x4bf55220 0x00000001 0x4bf55260 0x00000001
0x16fdfd420: 0x00000001 0x00000000 0x4d039230 0x00000001
0x16fdfd430: 0x6fdfd4a8 0x00000001 0x00002710 0x00000000
0x16fdfd440: 0x4d0392d8 0x00000001 0x00000000 0x00000000
0x16fdfd450: 0x6fdfd608 0x00000001 0x00000004 0x00000000
0x16fdfd460: 0x6fdfd5e8 0x00000001 0x6fdfd560 0x00000001
0x16fdfd470: 0x6fdfd540 0x00000001 0x0021e068 0x00000001
0x16fdfd480: 0x00000000 0x00000000 0x4bf0a950 0x00000001
0x16fdfd490: 0x4bf0a930 0x00000001 0x00000000 0x00000000
0x16fdfd4a0: 0x40079860 0x00000c00 0x4bf0a950 0x00000001
0x16fdfd4b0: 0x00000000 0x00000000 0x0000002e 0x00000001
0x16fdfd4c0: 0x00000000 0x00000000 0x0000002e 0x00000000
0x16fdfd4d0: 0x4bf0a950 0x00000001 0x00000000 0x00000000
0x16fdfd4e0: 0x00000000 0x00000000 0xe0510068 0xb82ff30b
0x16fdfd4f0: 0x00000001 0x00000000 0x4d039210 0x00000001
0x16fdfd500: 0x00000000 0x00000000 0x00000003 0x00000000
0x16fdfd510: 0x00000000 0x00000000 0x00002710 0x00000000
0x16fdfd520: 0x4d0392d8 0x00000001 0x00000004 0x00000000
0x16fdfd530: 0x6fdfd730 0x00000001 0x6fdfd770 0x00000001
0x16fdfd540: 0x6fdfd690 0x00000001 0x0021bfac 0x00000001
0x16fdfd550: 0x0b1ba1a0 0x00000002 0x4d039210 0x00000001
0x16fdfd560: 0x00000000 0x00000000 0x00000000 0x00000000
0x16fdfd570: 0x00000000 0x00000000 0x00000200 0x00000000
0x16fdfd580: 0x7fffffff 0x00000001 0x00000008 0x00000000
0x16fdfd590: 0x00000200 0x00000000 0x00000020 0x00000001
0x16fdfd5a0: 0x4bf0a750 0x00000001 0x4bf0a930 0x00000001
0x16fdfd5b0: 0x4bf0a750 0x00000001 0x00000000 0x00000000
0x16fdfd5c0: 0x00000000 0x00000000 0x9d2a0100 0x00000001
0x16fdfd5d0: 0x00000004 0x00000000 0x4d030100 0x00000001
0x16fdfd5e0: 0x00000000 0x00000000 0x00771cf0 0x04000001
0x16fdfd5f0: 0x00000000 0x00000000 0x00000000 0x00000000
0x16fdfd600: 0x00000000 0x00000000 0x00771cf0 0x03000001
0x16fdfd610: 0x4bf6fb30 0x00000001 0x4bf6fb50 0x00000001
0x16fdfd620: 0x4bf6fb50 0x00000001 0x00634000 0x00000001
0x16fdfd630: 0x6fdfd670 0x00000001 0x9d027be8 0x00000001
0x16fdfd640: 0x6fdfdca0 0x00000001 0xe0510068 0xb82ff30b
0x16fdfd650: 0x00000000 0x00000000 0x005d39b8 0x00000001
0x16fdfd660: 0x6fdfdca0 0x00000001 0x4d039300 0x00000001
0x16fdfd670: 0x4d039330 0x00000001 0x4d0392d8 0x00000001
0x16fdfd680: 0x6fdfdba0 0x00000001 0x4d039210 0x00000001
0x16fdfd690: 0x6fdfd7e0 0x00000001 0x00261450 0x00000001
0x16fdfd6a0: 0x6fdfd730 0x00000001 0x9d028dc4 0x00000001
0x16fdfd6b0: 0x00000000 0x00000000 0x00000000 0x00000000
0x16fdfd6c0: 0x0055820b 0x00000001 0x00558114 0x00000001
0x16fdfd6d0: 0x00000008 0x00000000 0x4d06c948 0x00000001
0x16fdfd6e0: 0x00000001 0x00000000 0x4d039210 0x00000001
0x16fdfd6f0: 0x6fdfd9a8 0x00000001 0x4be1b0a0 0x00000001
0x16fdfd700: 0x6fdfd858 0x00000001 0x00638000 0x00000001
0x16fdfd710: 0x005969e0 0x00000001 0x00000040 0x00000000
0x16fdfd720: 0x00000000 0x00000000 0x00634000 0x00000001
0x16fdfd730: 0x6fdfd704 0x00000001 0x00000000 0x00000000
0x16fdfd740: 0x6fdfd803 0x00000001 0x4bf126a0 0x00000001
0x16fdfd750: 0x005969e0 0x00000001 0x4d039298 0x00000001
(lldb) (unsigned int) $1 = 16
(lldb) Process 6589 resuming
Process 6589 stopped
* thread #7, stop reason = breakpoint 2.1
    frame #0: 0x0000000100014328 H90 Control`___lldb_unnamed_symbol866
H90 Control`___lldb_unnamed_symbol866:
->  0x100014328 <+0>:  stp    d9, d8, [sp, #-0x40]!
    0x10001432c <+4>:  stp    x22, x21, [sp, #0x10]
    0x100014330 <+8>:  stp    x20, x19, [sp, #0x20]
    0x100014334 <+12>: stp    x29, x30, [sp, #0x30]
Target 0: (H90 Control) stopped.
(lldb) continue
Process 6589 resuming
Process 6589 stopped
* thread #7, stop reason = breakpoint 2.1
    frame #0: 0x0000000100014328 H90 Control`___lldb_unnamed_symbol866
H90 Control`___lldb_unnamed_symbol866:
->  0x100014328 <+0>:  stp    d9, d8, [sp, #-0x40]!
    0x10001432c <+4>:  stp    x22, x21, [sp, #0x10]
    0x100014330 <+8>:  stp    x20, x19, [sp, #0x20]
    0x100014334 <+12>: stp    x29, x30, [sp, #0x30]
Target 0: (H90 Control) stopped.
(lldb) continue
Process 6589 resuming
2026-08-05 15:59:31.911701+0300 H90 Control[6589:44948] [] nw_path_necp_check_for_updates Failed to copy updated result (22)
2026-08-05 15:59:41.176343+0300 H90 Control[6589:45170] [Default] Task <D2BCEAD9-8315-4229-979B-1799A0AAD47A>.<1> finished with error [-1001] Error Domain=NSURLErrorDomain Code=-1001 "The request timed out." UserInfo={_kCFStreamErrorCodeKey=-2102, NSUnderlyingError=0x14be06ab0 {Error Domain=kCFErrorDomainCFNetwork Code=-1001 "(null)" UserInfo={_kCFStreamErrorCodeKey=-2102, _kCFStreamErrorDomainKey=4}}, _NSURLErrorFailingURLSessionTaskErrorKey=LocalDataTask <D2BCEAD9-8315-4229-979B-1799A0AAD47A>.<1>, _NSURLErrorRelatedURLSessionTaskErrorKey=(
    "LocalDataTask <D2BCEAD9-8315-4229-979B-1799A0AAD47A>.<1>"
), NSLocalizedDescription=The request timed out., NSErrorFailingURLStringKey=https://services-prod.aws.eventideaudio.com/software-releases/XC-05987, NSErrorFailingURLKey=https://services-prod.aws.eventideaudio.com/software-releases/XC-05987, _kCFStreamErrorDomainKey=4}
continue
‼️ [HomeComponent.cpp:636].firmwareUpdateCheckComplete >  Failed to check for firmware updates: Could not communicate with Eventide server https://services-prod.aws.eventideaudio.com
2026-08-05 15:59:49.657451+0300 H90 Control[6589:44519] [CursorUI] ViewBridge to RemoteViewService Terminated: Error Domain=com.apple.ViewBridge Code=18 "(null)" UserInfo={com.apple.ViewBridge.error.hint=this process disconnected remote view controller -- benign unless unexpected, com.apple.ViewBridge.error.description=NSViewBridgeErrorCanceled}
continue
Process 6589 stopped
* thread #1, name = 'JUCE Message Thread', queue = 'com.apple.main-thread', stop reason = breakpoint 1.1
    frame #0: 0x000000010001336c H90 Control`___lldb_unnamed_symbol857 + 704
H90 Control`___lldb_unnamed_symbol857:
->  0x10001336c <+704>: bl     0x100477330               ; symbol stub for: MIDISendEventList
    0x100013370 <+708>: b      0x100013380               ; <+724>
    0x100013374 <+712>: mov    x0, x1
    0x100013378 <+716>: mov    x1, x2
Target 0: (H90 Control) stopped.
(lldb) script print("==BP=1 n=2==")
script print("SEND")
thread info
==BP=1 n=2==
(lldb) thread backtrace -c 30
SEND
(lldb) register read x0 x1 x2 x3 x4
thread #1: tid = 0xade7, 0x000000010001336c H90 Control`___lldb_unnamed_symbol857 + 704, name = 'JUCE Message Thread', queue = 'com.apple.main-thread', stop reason = breakpoint 1.1

(lldb) memory read -f x -c 300 -s 4 --force $x2
* thread #1, name = 'JUCE Message Thread', queue = 'com.apple.main-thread', stop reason = breakpoint 1.1
  * frame #0: 0x000000010001336c H90 Control`___lldb_unnamed_symbol857 + 704
    frame #1: 0x000000010021e068 H90 Control`___lldb_unnamed_symbol7315 + 220
    frame #2: 0x000000010021bfac H90 Control`___lldb_unnamed_symbol7310 + 328
    frame #3: 0x0000000100252460 H90 Control`___lldb_unnamed_symbol7744 + 152
    frame #4: 0x0000000100216db4 H90 Control`___lldb_unnamed_symbol7284 + 952
    frame #5: 0x0000000100307178 H90 Control`___lldb_unnamed_symbol9414 + 444
    frame #6: 0x0000000100123de0 H90 Control`___lldb_unnamed_symbol3554 + 420
    frame #7: 0x00000001001237f0 H90 Control`___lldb_unnamed_symbol3549 + 156
    frame #8: 0x00000001001230d4 H90 Control`___lldb_unnamed_symbol3534 + 512
    frame #9: 0x0000000100114b0c H90 Control`___lldb_unnamed_symbol3332 + 788
    frame #10: 0x0000000100113c8c H90 Control`___lldb_unnamed_symbol3324 + 380
    frame #11: 0x000000010010e934 H90 Control`___lldb_unnamed_symbol3256 + 316
    frame #12: 0x00000001a1dfa55c AppKit`_routeMouseUpEvent + 132
    frame #13: 0x00000001a135bc20 AppKit`-[NSWindow(NSEventRouting) _reallySendEvent:isDelayedEvent:] + 440
    frame #14: 0x00000001a135b8a0 AppKit`-[NSWindow(NSEventRouting) sendEvent:] + 288
    frame #15: 0x00000001a1bd36c0 AppKit`-[NSApplication(NSEventRouting) sendEvent:] + 1504
    frame #16: 0x00000001a17d242c AppKit`-[NSApplication _handleEvent:] + 60
    frame #17: 0x00000001a1228c0c AppKit`-[NSApplication run] + 520
    frame #18: 0x00000001001f0410 H90 Control`___lldb_unnamed_symbol6836 + 276
    frame #19: 0x000000019ce86b98 dyld`start + 6076
(lldb)       x0 = 0x00000000011b4090
      x1 = 0x00000000011b4013
      x2 = 0x000000016fdfd8b0
      x3 = 0x0000000e7f74f9ff
      x4 = 0x0000000000000002
(lldb) expr -- (*(unsigned int*)($x2 + 16)) & 0xffff
continue
0x16fdfd8b0: 0x00000001 0x00000001 0x7f74f9ff 0x0000000e
0x16fdfd8c0: 0x00000010 0x30161c77 0x00011600 0x3026030c
0x16fdfd8d0: 0x00000000 0x30260100 0x06000e00 0x30264000
0x16fdfd8e0: 0x00020000 0x30260000 0x00006000 0x30260400
0x16fdfd8f0: 0x00002000 0x30260001 0x00040000 0x30320000
0x16fdfd900: 0x00000000 0x00000000 0x00000000 0x00000000
0x16fdfd910: 0x00000000 0x00000000 0x00000000 0x00000000
0x16fdfd920: 0x00000000 0x00000000 0x00000000 0x00000000
0x16fdfd930: 0x00000000 0x00000000 0x00000000 0x00000000
0x16fdfd940: 0x00000000 0x00000000 0x00000000 0x00000000
0x16fdfd950: 0x00000000 0x00000000 0x00000000 0x00000000
0x16fdfd960: 0x00000000 0x00000000 0x00000000 0x00000000
0x16fdfd970: 0x00000000 0x00000000 0x00000000 0x00000000
0x16fdfd980: 0x00000000 0x00000000 0x00000000 0x00000000
0x16fdfd990: 0x00000000 0x00000000 0x00000000 0x00000000
0x16fdfd9a0: 0x00000000 0x00000000 0x00000000 0x00000000
0x16fdfd9b0: 0x00000000 0x00000000 0x00000000 0x00000000
0x16fdfd9c0: 0x00000000 0x00000001 0x001e70a0 0x00000001
0x16fdfd9d0: 0x7f74f9ff 0x0000000e 0x011b4013 0x011b4090
0x16fdfd9e0: 0x6fdfd9e8 0x00000001 0x30320000 0x00000000
0x16fdfd9f0: 0x6fdfd868 0x00000001 0x6fdfd8a8 0x00000001
0x16fdfda00: 0x6fdfd880 0x00000001 0x6fdfd898 0x00000001
0x16fdfda10: 0x3be761b0 0x00000001 0x3be761f0 0x00000001
0x16fdfda20: 0x00000000 0x00000000 0x1ba0a040 0x00000001
0x16fdfda30: 0x6fdfdaa8 0x00000001 0x00002710 0x00000000
0x16fdfda40: 0x1ba0a0e8 0x00000001 0x00000000 0x00000000
0x16fdfda50: 0x6fdfdc08 0x00000001 0x00000004 0x00000000
0x16fdfda60: 0x6fdfdbe8 0x00000001 0x6fdfdb60 0x00000001
0x16fdfda70: 0x6fdfdb40 0x00000001 0x0021e068 0x00000001
0x16fdfda80: 0x00000000 0x00000000 0x3be827e0 0x00000001
0x16fdfda90: 0x3be827c0 0x00000001 0x00000000 0x00000000
0x16fdfdaa0: 0x40079860 0x00000c00 0x3be978a0 0x00000001
0x16fdfdab0: 0x00000000 0x00000000 0x0000002e 0x00000001
0x16fdfdac0: 0x00000000 0x00000000 0x0000002e 0x00000000
0x16fdfdad0: 0x3be978a0 0x00000001 0x00000000 0x00000000
0x16fdfdae0: 0x00000000 0x00000000 0xe0510068 0xb82ff30b
0x16fdfdaf0: 0x00000000 0x00000000 0x4be18128 0x00000001
0x16fdfdb00: 0x00000000 0x00000000 0x00000003 0x00000000
0x16fdfdb10: 0x00000000 0x00000000 0x00002710 0x00000000
0x16fdfdb20: 0x1ba0a0e8 0x00000001 0x00000004 0x00000000
0x16fdfdb30: 0x6fdfdd10 0x00000001 0x6fdfddc0 0x00000001
0x16fdfdb40: 0x6fdfdc90 0x00000001 0x0021bfac 0x00000001
0x16fdfdb50: 0x0b1ba1a0 0x00000002 0x4be18128 0x00000001
0x16fdfdb60: 0x00000000 0x00000000 0x00000000 0x00000000
0x16fdfdb70: 0x00000000 0x00000000 0x00000200 0x00000000
0x16fdfdb80: 0x7fffffff 0x00000001 0x00000008 0x00000000
0x16fdfdb90: 0x00000200 0x00000000 0x00000020 0x00000001
0x16fdfdba0: 0x3be825e0 0x00000001 0x3be827c0 0x00000001
0x16fdfdbb0: 0x3be825e0 0x00000001 0x00000000 0x00000000
0x16fdfdbc0: 0x00000000 0x00000000 0x00000100 0x00000000
0x16fdfdbd0: 0x00000004 0x00000000 0x9d020100 0x00000001
0x16fdfdbe0: 0x00000000 0x00000000 0x00771cf0 0x04000001
0x16fdfdbf0: 0x00000000 0x00000000 0x00000000 0x00000000
0x16fdfdc00: 0x00000000 0x00000000 0x00771cf0 0x03000001
0x16fdfdc10: 0x3bea1230 0x00000001 0x3bea1250 0x00000001
0x16fdfdc20: 0x3bea1250 0x00000001 0x00634000 0x00000001
0x16fdfdc30: 0x6fdfdc70 0x00000001 0x9d027be8 0x00000001
0x16fdfdc40: 0x005d39a8 0x00000001 0xe0510068 0xb82ff30b
0x16fdfdc50: 0x00000000 0x00000000 0x00000003 0x00000000
0x16fdfdc60: 0x005d39a8 0x00000001 0x4be13570 0x00000001
0x16fdfdc70: 0x005d39a8 0x00000001 0x1ba0a020 0x00000001
0x16fdfdc80: 0x6fdfddc0 0x00000001 0x4d104cf0 0x00000001
0x16fdfdc90: 0x6fdfdd60 0x00000001 0x00252460 0x00000001
0x16fdfdca0: 0x00000030 0x00000000 0x4d03d350 0x00000001
0x16fdfdcb0: 0x005d39a8 0x00000001 0xffffffff 0x00000000
0x16fdfdcc0: 0x00000003 0x00000000 0x00000030 0x00000000
0x16fdfdcd0: 0x6fdfdd60 0x00000001 0x0000a6cc 0x00000001
0x16fdfdce0: 0x005ea000 0x00000001 0x00000000 0x00000000
0x16fdfdcf0: 0x00000000 0x00000000 0x6fdfdd18 0x00000001
0x16fdfdd00: 0x4d03d350 0x00000001 0x00000008 0x00000003
0x16fdfdd10: 0x00000004 0x00000000 0x00000000 0x00000000
0x16fdfdd20: 0x00000003 0x00000000 0x3beb9f20 0x00000001
0x16fdfdd30: 0x005d39a8 0x00000001 0x4be13570 0x00000001
0x16fdfdd40: 0x00000000 0x00000000 0x4be64170 0x00000001
0x16fdfdd50: 0x005d3de0 0x00000001 0xe1b49c45 0xffffffff
(lldb) (unsigned int) $3 = 16
(lldb) Process 6589 resuming
Process 6589 stopped
* thread #7, stop reason = breakpoint 2.1
    frame #0: 0x0000000100014328 H90 Control`___lldb_unnamed_symbol866
H90 Control`___lldb_unnamed_symbol866:
->  0x100014328 <+0>:  stp    d9, d8, [sp, #-0x40]!
    0x10001432c <+4>:  stp    x22, x21, [sp, #0x10]
    0x100014330 <+8>:  stp    x20, x19, [sp, #0x20]
    0x100014334 <+12>: stp    x29, x30, [sp, #0x30]
Target 0: (H90 Control) stopped.
(lldb) continue
Process 6589 resuming
Process 6589 stopped
* thread #7, stop reason = breakpoint 2.1
    frame #0: 0x0000000100014328 H90 Control`___lldb_unnamed_symbol866
H90 Control`___lldb_unnamed_symbol866:
->  0x100014328 <+0>:  stp    d9, d8, [sp, #-0x40]!
    0x10001432c <+4>:  stp    x22, x21, [sp, #0x10]
    0x100014330 <+8>:  stp    x20, x19, [sp, #0x20]
    0x100014334 <+12>: stp    x29, x30, [sp, #0x30]
Target 0: (H90 Control) stopped.
(lldb) continue
Process 6589 resuming
Process 6589 stopped
* thread #20, name = 'ThreadWithProgressView', stop reason = breakpoint 1.1
    frame #0: 0x000000010001336c H90 Control`___lldb_unnamed_symbol857 + 704
H90 Control`___lldb_unnamed_symbol857:
->  0x10001336c <+704>: bl     0x100477330               ; symbol stub for: MIDISendEventList
    0x100013370 <+708>: b      0x100013380               ; <+724>
    0x100013374 <+712>: mov    x0, x1
    0x100013378 <+716>: mov    x1, x2
Target 0: (H90 Control) stopped.
(lldb) script print("==BP=1 n=3==")
script print("SEND")
thread info
==BP=1 n=3==
(lldb) thread backtrace -c 30
SEND
(lldb) register read x0 x1 x2 x3 x4
thread #20: tid = 0xb257, 0x000000010001336c H90 Control`___lldb_unnamed_symbol857 + 704, name = 'ThreadWithProgressView', stop reason = breakpoint 1.1

(lldb) memory read -f x -c 300 -s 4 --force $x2
* thread #20, name = 'ThreadWithProgressView', stop reason = breakpoint 1.1
  * frame #0: 0x000000010001336c H90 Control`___lldb_unnamed_symbol857 + 704
    frame #1: 0x000000010021e068 H90 Control`___lldb_unnamed_symbol7315 + 220
    frame #2: 0x000000010021bfac H90 Control`___lldb_unnamed_symbol7310 + 328
    frame #3: 0x0000000100252460 H90 Control`___lldb_unnamed_symbol7744 + 152
    frame #4: 0x0000000100300cbc H90 Control`___lldb_unnamed_symbol9370 + 392
    frame #5: 0x0000000100034584 H90 Control`___lldb_unnamed_symbol1223 + 788
    frame #6: 0x000000019d227c0c libsystem_pthread.dylib`_pthread_start + 136
(lldb) expr -- (*(unsigned int*)($x2 + 16)) & 0xffff
      x0 = 0x00000000011b4090
      x1 = 0x00000000011b4013
      x2 = 0x000000016ff9e9b0
      x3 = 0x0000000e7f82b428
      x4 = 0x0000000000000002
(lldb) continue
0x16ff9e9b0: 0x00000001 0x00000001 0x7f82b428 0x0000000e
0x16ff9e9c0: 0x00000010 0x30161c77 0x00011600 0x3026030c
0x16ff9e9d0: 0x00000000 0x30260100 0x06000e00 0x30264000
0x16ff9e9e0: 0x00020000 0x30260000 0x00006000 0x30260400
0x16ff9e9f0: 0x00002000 0x30260001 0x00040000 0x30320000
0x16ff9ea00: 0x00000000 0x00000000 0x00000000 0x00000000
0x16ff9ea10: 0x00000000 0x00000000 0x00000000 0x00000000
0x16ff9ea20: 0x00000000 0x00000000 0x00000000 0x00000000
0x16ff9ea30: 0x00000000 0x00000000 0x00000000 0x00000000
0x16ff9ea40: 0x00000000 0x00000000 0x00000000 0x00000000
0x16ff9ea50: 0x00000000 0x00000000 0x00000000 0x00000000
0x16ff9ea60: 0x00000000 0x00000000 0x00000000 0x00000000
0x16ff9ea70: 0x00000000 0x00000000 0x00000000 0x00000000
0x16ff9ea80: 0x00000000 0x00000000 0x00000000 0x00000000
0x16ff9ea90: 0x00000000 0x00000000 0x00000000 0x00000000
0x16ff9eaa0: 0x00000000 0x00000000 0x00000000 0x00000000
0x16ff9eab0: 0x00000000 0x00000000 0x00000000 0x00000000
0x16ff9eac0: 0x00000000 0x00000001 0x001e70a0 0x00000001
0x16ff9ead0: 0x7f82b428 0x0000000e 0x011b4013 0x011b4090
0x16ff9eae0: 0x6ff9eae8 0x00000001 0x30320000 0x00000000
0x16ff9eaf0: 0x6ff9e968 0x00000001 0x6ff9e9a8 0x00000001
0x16ff9eb00: 0x6ff9e980 0x00000001 0x6ff9e998 0x00000001
0x16ff9eb10: 0x4bfb3250 0x00000001 0x4bfb3290 0x00000001
0x16ff9eb20: 0x00000000 0x00000000 0x1ba0a040 0x00000001
0x16ff9eb30: 0x6ff9eba8 0x00000001 0x00002710 0x00000000
0x16ff9eb40: 0x1ba0a0e8 0x00000001 0x00000000 0x00000000
0x16ff9eb50: 0x6ff9ed08 0x00000001 0x00000004 0x00000000
0x16ff9eb60: 0x6ff9ece8 0x00000001 0x6ff9ec60 0x00000001
0x16ff9eb70: 0x6ff9ec40 0x00000001 0x0021e068 0x00000001
0x16ff9eb80: 0x00000000 0x00000000 0x4bf6abd0 0x00000001
0x16ff9eb90: 0x4bf6abb0 0x00000001 0x00000000 0x00000000
0x16ff9eba0: 0x40079860 0x00000c00 0x4bfa8480 0x00000001
0x16ff9ebb0: 0x00000000 0x00000000 0x0000002e 0x00000001
0x16ff9ebc0: 0x00000000 0x00000000 0x0000002e 0x00000000
0x16ff9ebd0: 0x4bfa8480 0x00000001 0x00000000 0x00000000
0x16ff9ebe0: 0x00000000 0x00000000 0xe0510068 0xb82ff30b
0x16ff9ebf0: 0x00000000 0x00000000 0x00000000 0x00000000
0x16ff9ec00: 0x00000000 0x00000000 0x00000003 0x00000000
0x16ff9ec10: 0x00000000 0x00000000 0x00002710 0x00000000
0x16ff9ec20: 0x1ba0a0e8 0x00000001 0x00000004 0x00000000
0x16ff9ec30: 0x6ff9ee10 0x00000001 0x6ff9eef0 0x00000001
0x16ff9ec40: 0x6ff9ed90 0x00000001 0x0021bfac 0x00000001
0x16ff9ec50: 0x6ff9f0e0 0x00000001 0x00000000 0x00000000
0x16ff9ec60: 0x00000000 0x00000000 0x00000000 0x00000000
0x16ff9ec70: 0x00000000 0x00000000 0x00000200 0x00000000
0x16ff9ec80: 0x7fffffff 0x00000001 0x00000008 0x00000000
0x16ff9ec90: 0x00000200 0x00000000 0x00000020 0x00000001
0x16ff9eca0: 0x4bf6a9d0 0x00000001 0x4bf6abb0 0x00000001
0x16ff9ecb0: 0x4bf6a9d0 0x00000001 0x00000000 0x00000000
0x16ff9ecc0: 0x00000000 0x00000000 0x00000100 0x00000000
0x16ff9ecd0: 0x00000004 0x00000000 0x00000100 0x00000000
0x16ff9ece0: 0x00000000 0x00000000 0x00771cf0 0x04000001
0x16ff9ecf0: 0x00000000 0x00000000 0x00000000 0x00000000
0x16ff9ed00: 0x00000000 0x00000000 0x00771cf0 0x03000001
0x16ff9ed10: 0x4bf6abd0 0x00000001 0x4bf6abf0 0x00000001
0x16ff9ed20: 0x4bf6abf0 0x00000001 0x00634000 0x00000001
0x16ff9ed30: 0x6ff9ed70 0x00000001 0x9d027be8 0x00000001
0x16ff9ed40: 0x005d39a8 0x00000001 0xe0510068 0xb82ff30b
0x16ff9ed50: 0x00000000 0x00000000 0x00000000 0x00000000
0x16ff9ed60: 0x005d39a8 0x00000001 0x4bf6f490 0x00000001
0x16ff9ed70: 0x005d39a8 0x00000001 0x1ba0a020 0x00000001
0x16ff9ed80: 0x6ff9eef0 0x00000001 0x4d104cf0 0x00000001
0x16ff9ed90: 0x6ff9ee60 0x00000001 0x00252460 0x00000001
0x16ff9eda0: 0x00000002 0x00000000 0x6ff9f0e0 0x00000001
0x16ff9edb0: 0x00000009 0x00000000 0x4bf41e00 0x00000001
0x16ff9edc0: 0x4bfae7a0 0x00000001 0x0000000a 0x00000000
0x16ff9edd0: 0x08bae000 0x00000002 0x4bf00000 0x00000001
0x16ff9ede0: 0x00638080 0x00000001 0x00646e00 0x00000001
0x16ff9edf0: 0x6ff9ee60 0x00000001 0x9d02b99c 0x00000001
0x16ff9ee00: 0x400062e9 0x00000c00 0x0000003f 0x00000000
0x16ff9ee10: 0x00000004 0x00000000 0x00000000 0x00000000
0x16ff9ee20: 0x00000003 0x00000000 0x4bf4d090 0x00000001
0x16ff9ee30: 0x005d39a8 0x00000001 0x4bf6f490 0x00000001
0x16ff9ee40: 0x4c899040 0x00000001 0x4bf55410 0x00000001
0x16ff9ee50: 0x4bf55640 0x00000001 0x4bf55410 0x00000001
(lldb) (unsigned int) $5 = 16
(lldb) Process 6589 resuming
Process 6589 stopped
* thread #7, stop reason = breakpoint 2.1
    frame #0: 0x0000000100014328 H90 Control`___lldb_unnamed_symbol866
H90 Control`___lldb_unnamed_symbol866:
->  0x100014328 <+0>:  stp    d9, d8, [sp, #-0x40]!
    0x10001432c <+4>:  stp    x22, x21, [sp, #0x10]
    0x100014330 <+8>:  stp    x20, x19, [sp, #0x20]
    0x100014334 <+12>: stp    x29, x30, [sp, #0x30]
Target 0: (H90 Control) stopped.
(lldb) continue
Process 6589 resuming
Process 6589 stopped
* thread #7, stop reason = breakpoint 2.1
    frame #0: 0x0000000100014328 H90 Control`___lldb_unnamed_symbol866
H90 Control`___lldb_unnamed_symbol866:
->  0x100014328 <+0>:  stp    d9, d8, [sp, #-0x40]!
    0x10001432c <+4>:  stp    x22, x21, [sp, #0x10]
    0x100014330 <+8>:  stp    x20, x19, [sp, #0x20]
    0x100014334 <+12>: stp    x29, x30, [sp, #0x30]
Target 0: (H90 Control) stopped.
(lldb) continue
Process 6589 resuming
Process 6589 stopped
* thread #20, name = 'ThreadWithProgressView', stop reason = breakpoint 1.1
    frame #0: 0x000000010001336c H90 Control`___lldb_unnamed_symbol857 + 704
H90 Control`___lldb_unnamed_symbol857:
->  0x10001336c <+704>: bl     0x100477330               ; symbol stub for: MIDISendEventList
    0x100013370 <+708>: b      0x100013380               ; <+724>
    0x100013374 <+712>: mov    x0, x1
    0x100013378 <+716>: mov    x1, x2
Target 0: (H90 Control) stopped.
(lldb) script print("==BP=1 n=4==")
script print("SEND")
thread info
==BP=1 n=4==
(lldb) thread backtrace -c 30
SEND
(lldb) thread #20: tid = 0xb257, 0x000000010001336c H90 Control`___lldb_unnamed_symbol857 + 704, name = 'ThreadWithProgressView', stop reason = breakpoint 1.1

(lldb) register read x0 x1 x2 x3 x4
memory read -f x -c 300 -s 4 --force $x2
* thread #20, name = 'ThreadWithProgressView', stop reason = breakpoint 1.1
  * frame #0: 0x000000010001336c H90 Control`___lldb_unnamed_symbol857 + 704
    frame #1: 0x000000010024b4bc H90 Control`___lldb_unnamed_symbol7701 + 308
    frame #2: 0x000000010025553c H90 Control`___lldb_unnamed_symbol7751 + 220
    frame #3: 0x0000000100300fb0 H90 Control`___lldb_unnamed_symbol9370 + 1148
    frame #4: 0x0000000100034584 H90 Control`___lldb_unnamed_symbol1223 + 788
    frame #5: 0x000000019d227c0c libsystem_pthread.dylib`_pthread_start + 136
(lldb) expr -- (*(unsigned int*)($x2 + 16)) & 0xffff
      x0 = 0x00000000011b4090
      x1 = 0x00000000011b4013
      x2 = 0x000000016ff9eb10
      x3 = 0x0000000e7f8c62d0
      x4 = 0x0000000000000002
(lldb) continue
0x16ff9eb10: 0x00000001 0x00000001 0x7f8c62d0 0x0000000e
0x16ff9eb20: 0x0000001e 0x30161c77 0x00016400 0x3026080c
0x16ff9eb30: 0x00000000 0x30260100 0x07000e00 0x30264000
0x16ff9eb40: 0x00020000 0x30260000 0x00000002 0x30260600
0x16ff9eb50: 0x00000000 0x30264001 0x00080010 0x30260060
0x16ff9eb60: 0x00000000 0x30260800 0x00002006 0x30260000
0x16ff9eb70: 0x000c7a66 0x30264d5b 0x32636825 0x30267376
0x16ff9eb80: 0x0c083a6f 0x30264020 0x4a030648 0x3026216f
0x16ff9eb90: 0x5c511377 0x30360d1b 0x00000000 0x00000000
0x16ff9eba0: 0x00000000 0x00000000 0x00000000 0x00000000
0x16ff9ebb0: 0x00000000 0x00000000 0x00000000 0x00000000
0x16ff9ebc0: 0x00000000 0x00000000 0x00000000 0x00000000
0x16ff9ebd0: 0x00000000 0x00000000 0x00000000 0x00000000
0x16ff9ebe0: 0x00000000 0x00000000 0x00000000 0x00000000
0x16ff9ebf0: 0x00000000 0x00000000 0x00000000 0x00000000
0x16ff9ec00: 0x00000000 0x00000000 0x00000000 0x00000000
0x16ff9ec10: 0x00000000 0x00000000 0x00000000 0x00000000
0x16ff9ec20: 0x00000000 0x00000001 0x001e70a0 0x00000001
0x16ff9ec30: 0x7f8c62d0 0x0000000e 0x011b4013 0x011b4090
0x16ff9ec40: 0x6ff9ec48 0x00000001 0x30360d1b 0x00000000
0x16ff9ec50: 0x6ff9eac8 0x00000001 0x6ff9eb08 0x00000001
0x16ff9ec60: 0x6ff9eae0 0x00000001 0x6ff9eaf8 0x00000001
0x16ff9ec70: 0x3bede150 0x00000001 0x3bede1d0 0x00000001
0x16ff9ec80: 0x00000000 0x00000000 0x00000000 0x00000000
0x16ff9ec90: 0x4bf556a8 0x00000001 0x4bf556c0 0x00000001
0x16ff9eca0: 0x00000020 0x00000000 0x1b909d80 0x00000001
0x16ff9ecb0: 0x1b90a7d0 0x00000001 0x00000008 0x00000000
0x16ff9ecc0: 0x1ba0a040 0x00000001 0x6ff9ee78 0x00000001
0x16ff9ecd0: 0x6ff9edd0 0x00000001 0x0024b4bc 0x00000001
0x16ff9ece0: 0x00000000 0x00000000 0x4bf55600 0x00000001
0x16ff9ecf0: 0x00000200 0x00000000 0x7fffffff 0x00000001
0x16ff9ed00: 0x00000008 0x00000000 0x00000200 0x00000000
0x16ff9ed10: 0x00000048 0x00000000 0x3be579a0 0x00000001
0x16ff9ed20: 0x3be57b58 0x00000001 0x3be579a0 0x00000001
0x16ff9ed30: 0x00000000 0x00000000 0x00000000 0x00000000
0x16ff9ed40: 0x00000100 0x00000000 0x00000004 0x00000000
0x16ff9ed50: 0x67450100 0x00000c00 0x00000000 0x00000000
0x16ff9ed60: 0x00771cf0 0x08000001 0x3bebb5b0 0x00000001
0x16ff9ed70: 0x3bebb5f8 0x00000001 0x3bebb5f8 0x00000001
0x16ff9ed80: 0x3beba280 0x00000001 0x00000000 0x00000000
0x16ff9ed90: 0x0000005c 0x00000001 0x0000005c 0x00000000
0x16ff9eda0: 0x3beba280 0x00000001 0x00000000 0x00000000
0x16ff9edb0: 0x1b90a7d0 0x00000001 0x1b905ac0 0x00000001
0x16ff9edc0: 0x6ff9ee78 0x00000001 0x1ba0a020 0x00000001
0x16ff9edd0: 0x6ff9ee60 0x00000001 0x0025553c 0x00000001
0x16ff9ede0: 0x1b905880 0x00000001 0x1b909d80 0x00000001
0x16ff9edf0: 0x00000019 0x00000000 0x00000020 0x80000000
0x16ff9ee00: 0x1b909d80 0x00000001 0x00000019 0x00000000
0x16ff9ee10: 0x00000020 0x80000000 0x6ff9eef0 0x00000001
0x16ff9ee20: 0x6ff9ee08 0x00000001 0x1b905ac0 0x00000001
0x16ff9ee30: 0x005d39a8 0x00000001 0x01090000 0x00000000
0x16ff9ee40: 0x1ba0a020 0x00000001 0x4bf55410 0x00000001
0x16ff9ee50: 0x4bf55640 0x00000001 0x6ff9ee90 0x00000001
0x16ff9ee60: 0x6ff9ef70 0x00000001 0x00300fb0 0x00000001
0x16ff9ee70: 0x6ff9ef10 0x00000001 0x9d29bd80 0x00000001
0x16ff9ee80: 0x00000001 0x00000000 0x00595b10 0x00000001
0x16ff9ee90: 0x1b909af0 0x00000001 0x9d027be8 0x00000001
0x16ff9eea0: 0x005d5000 0x00000001 0x00000000 0x00000000
0x16ff9eeb0: 0x00000003 0x00000000 0x00000000 0x00000000
0x16ff9eec0: 0x00000000 0x00000000 0xe0510068 0xb82ff30b
0x16ff9eed0: 0x1b905880 0x00000001 0x00000000 0x00000000
0x16ff9eee0: 0x005d5000 0x00000001 0x4bf6f490 0x00000001
0x16ff9eef0: 0x1b90a7d0 0x00000001 0x00000000 0x00000000
0x16ff9ef00: 0x00000000 0x00000000 0x00000000 0x00000000
0x16ff9ef10: 0xe0510068 0xb82ff30b 0x4bf6f401 0x00000001
0x16ff9ef20: 0x00000000 0x00000000 0x00000000 0x00000000
0x16ff9ef30: 0x00000000 0x00000000 0x00000000 0x00000000
0x16ff9ef40: 0x005d5000 0x00000001 0x4bf6f490 0x00000001
0x16ff9ef50: 0x4c899040 0x00000001 0x4be0a1b0 0x00000001
0x16ff9ef60: 0x00000001 0x00000000 0x4bf55410 0x00000001
0x16ff9ef70: 0x6ff9efc0 0x00000001 0x00034584 0x00000001
0x16ff9ef80: 0x00000000 0x00000000 0x00000000 0x00000000
0x16ff9ef90: 0x00000000 0x00000000 0x00000000 0x00000000
0x16ff9efa0: 0x00000000 0x00000000 0x00000000 0x00000000
0x16ff9efb0: 0x00000000 0x00000000 0x6ff9f000 0x00000001
(lldb) (unsigned int) $7 = 30
(lldb) Process 6589 resuming
Process 6589 stopped
* thread #20, name = 'ThreadWithProgressView', stop reason = breakpoint 1.1
    frame #0: 0x000000010001336c H90 Control`___lldb_unnamed_symbol857 + 704
H90 Control`___lldb_unnamed_symbol857:
->  0x10001336c <+704>: bl     0x100477330               ; symbol stub for: MIDISendEventList
    0x100013370 <+708>: b      0x100013380               ; <+724>
    0x100013374 <+712>: mov    x0, x1
    0x100013378 <+716>: mov    x1, x2
Target 0: (H90 Control) stopped.
(lldb) script print("==BP=1 n=5==")
script print("SEND")
thread info
==BP=1 n=5==
(lldb) thread backtrace -c 30
SEND
(lldb) register read x0 x1 x2 x3 x4
thread #20: tid = 0xb257, 0x000000010001336c H90 Control`___lldb_unnamed_symbol857 + 704, name = 'ThreadWithProgressView', stop reason = breakpoint 1.1

(lldb) memory read -f x -c 300 -s 4 --force $x2
* thread #20, name = 'ThreadWithProgressView', stop reason = breakpoint 1.1
  * frame #0: 0x000000010001336c H90 Control`___lldb_unnamed_symbol857 + 704
    frame #1: 0x000000010021e068 H90 Control`___lldb_unnamed_symbol7315 + 220
    frame #2: 0x000000010021bfac H90 Control`___lldb_unnamed_symbol7310 + 328
    frame #3: 0x0000000100254ab8 H90 Control`___lldb_unnamed_symbol7750 + 272
    frame #4: 0x00000001003010a4 H90 Control`___lldb_unnamed_symbol9370 + 1392
    frame #5: 0x0000000100034584 H90 Control`___lldb_unnamed_symbol1223 + 788
    frame #6: 0x000000019d227c0c libsystem_pthread.dylib`_pthread_start + 136
(lldb) expr -- (*(unsigned int*)($x2 + 16)) & 0xffff
      x0 = 0x00000000011b4090
      x1 = 0x00000000011b4013
      x2 = 0x000000016ff9e900
      x3 = 0x0000000e7f8fd71e
      x4 = 0x0000000000000002
(lldb) continue
0x16ff9e900: 0x00000001 0x00000001 0x7f8fd71e 0x0000000e
0x16ff9e910: 0x00000010 0x30161c77 0x00016001 0x3026600c
0x16ff9e920: 0x00000000 0x30260100 0x06000e00 0x30264000
0x16ff9e930: 0x00020000 0x30260000 0x00000038 0x30260400
0x16ff9e940: 0x00002000 0x30260001 0x00040000 0x30320000
0x16ff9e950: 0x00000000 0x00000000 0x00000000 0x00000000
0x16ff9e960: 0x00000000 0x00000000 0x00000000 0x00000000
0x16ff9e970: 0x00000000 0x00000000 0x00000000 0x00000000
0x16ff9e980: 0x00000000 0x00000000 0x00000000 0x00000000
0x16ff9e990: 0x00000000 0x00000000 0x00000000 0x00000000
0x16ff9e9a0: 0x00000000 0x00000000 0x00000000 0x00000000
0x16ff9e9b0: 0x00000000 0x00000000 0x00000000 0x00000000
0x16ff9e9c0: 0x00000000 0x00000000 0x00000000 0x00000000
0x16ff9e9d0: 0x00000000 0x00000000 0x00000000 0x00000000
0x16ff9e9e0: 0x00000000 0x00000000 0x00000000 0x00000000
0x16ff9e9f0: 0x00000000 0x00000000 0x00000000 0x00000000
0x16ff9ea00: 0x00000000 0x00000000 0x00000000 0x00000000
0x16ff9ea10: 0x00000000 0x00000001 0x001e70a0 0x00000001
0x16ff9ea20: 0x7f8fd71e 0x0000000e 0x011b4013 0x011b4090
0x16ff9ea30: 0x6ff9ea38 0x00000001 0x30320000 0x00000000
0x16ff9ea40: 0x6ff9e8b8 0x00000001 0x6ff9e8f8 0x00000001
0x16ff9ea50: 0x6ff9e8d0 0x00000001 0x6ff9e8e8 0x00000001
0x16ff9ea60: 0x4bede760 0x00000001 0x4bede7a0 0x00000001
0x16ff9ea70: 0x00000000 0x00000000 0x1ba0a040 0x00000001
0x16ff9ea80: 0x6ff9eaf8 0x00000001 0x00007530 0x00000000
0x16ff9ea90: 0x1ba0a0e8 0x00000001 0x00000000 0x00000000
0x16ff9eaa0: 0x6ff9ec58 0x00000001 0x000000e1 0x00000000
0x16ff9eab0: 0x6ff9ec38 0x00000001 0x6ff9ebb0 0x00000001
0x16ff9eac0: 0x6ff9eb90 0x00000001 0x0021e068 0x00000001
0x16ff9ead0: 0x00000000 0x00000000 0x4bea1430 0x00000001
0x16ff9eae0: 0x4bea1410 0x00000001 0x00000000 0x00000000
0x16ff9eaf0: 0x40079860 0x00000c00 0x4bec2f80 0x00000001
0x16ff9eb00: 0x00000000 0x00000000 0x0000002e 0x00000001
0x16ff9eb10: 0x00000000 0x00000000 0x0000002e 0x00000000
0x16ff9eb20: 0x4bec2f80 0x00000001 0x00000000 0x00000000
0x16ff9eb30: 0x00000000 0x00000000 0xe0510068 0xb82ff30b
0x16ff9eb40: 0x00000000 0x00000000 0x00596828 0x00000001
0x16ff9eb50: 0x4bf556a8 0x00000001 0x000000e0 0x00000000
0x16ff9eb60: 0x00000000 0x00000000 0x00007530 0x00000000
0x16ff9eb70: 0x1ba0a0e8 0x00000001 0x000000e1 0x00000000
0x16ff9eb80: 0x6ff9eda0 0x00000001 0x6ff9ed98 0x00000001
0x16ff9eb90: 0x6ff9ece0 0x00000001 0x0021bfac 0x00000001
0x16ff9eba0: 0x6ff9f0e0 0x00000001 0x00596828 0x00000001
0x16ff9ebb0: 0x4bf556a8 0x00000001 0x00000000 0x00000000
0x16ff9ebc0: 0x00000000 0x00000000 0x00000200 0x00000000
0x16ff9ebd0: 0x7fffffff 0x00000001 0x00000008 0x00000000
0x16ff9ebe0: 0x00000200 0x00000000 0x00000020 0x00000001
0x16ff9ebf0: 0x4bea1230 0x00000001 0x4bea1410 0x00000001
0x16ff9ec00: 0x4bea1230 0x00000001 0x00000000 0x00000000
0x16ff9ec10: 0x00000000 0x00000000 0x6ff90100 0x00000001
0x16ff9ec20: 0x00000004 0x00000000 0x3beb0100 0x00000001
0x16ff9ec30: 0x00000000 0x00000000 0x00771cf0 0x61010001
0x16ff9ec40: 0x00000000 0x00000000 0x00000000 0x00000000
0x16ff9ec50: 0x00000000 0x00000000 0x00771cf0 0x60010001
0x16ff9ec60: 0x4bea1430 0x00000001 0x4bea1450 0x00000001
0x16ff9ec70: 0x4bea1450 0x00000001 0x00634000 0x00000001
0x16ff9ec80: 0x6ff9ecc0 0x00000001 0x9d027be8 0x00000001
0x16ff9ec90: 0x005d39a8 0x00000001 0xe0510068 0xb82ff30b
0x16ff9eca0: 0x4bf556a8 0x00000001 0x005d39a8 0x00000001
0x16ff9ecb0: 0x005d39a8 0x00000001 0x1ba0a020 0x00000001
0x16ff9ecc0: 0x4d105490 0x00000001 0x4bf55410 0x00000001
0x16ff9ecd0: 0x6ff9eef0 0x00000001 0x4d105480 0x00000001
0x16ff9ece0: 0x6ff9ee60 0x00000001 0x00254ab8 0x00000001
0x16ff9ecf0: 0x6ff9f0e0 0x00000001 0x00000000 0x00000000
0x16ff9ed00: 0x4bf556a8 0x00000001 0x4bf556c0 0x00000001
0x16ff9ed10: 0x0000000d 0x00000000 0x00638000 0x00000001
0x16ff9ed20: 0x00638080 0x00000001 0x00000000 0x00000000
0x16ff9ed30: 0x00000004 0x00000000 0x00648c00 0x00000001
0x16ff9ed40: 0x6ff9edd0 0x00000001 0x9d028dc4 0x00000001
0x16ff9ed50: 0x4bf556a8 0x00000001 0x4bf556c0 0x00000001
0x16ff9ed60: 0x6ff9edf0 0x00000001 0x9d02bcbc 0x00000001
0x16ff9ed70: 0x1b90a7d0 0x00000001 0x1b905ac0 0x00000001
0x16ff9ed80: 0x00000000 0x00000000 0x4bf04000 0x00000001
0x16ff9ed90: 0x00000002 0x0000000a 0x00638080 0x00000001
0x16ff9eda0: 0x000000e1 0x00000000 0x00000000 0x00000000
(lldb) (unsigned int) $9 = 16
(lldb) Process 6589 resuming
Process 6589 stopped
* thread #7, stop reason = breakpoint 2.1
    frame #0: 0x0000000100014328 H90 Control`___lldb_unnamed_symbol866
H90 Control`___lldb_unnamed_symbol866:
->  0x100014328 <+0>:  stp    d9, d8, [sp, #-0x40]!
    0x10001432c <+4>:  stp    x22, x21, [sp, #0x10]
    0x100014330 <+8>:  stp    x20, x19, [sp, #0x20]
    0x100014334 <+12>: stp    x29, x30, [sp, #0x30]
Target 0: (H90 Control) stopped.
(lldb) continue
Process 6589 resuming
Process 6589 stopped
* thread #7, stop reason = breakpoint 2.1
    frame #0: 0x0000000100014328 H90 Control`___lldb_unnamed_symbol866
H90 Control`___lldb_unnamed_symbol866:
->  0x100014328 <+0>:  stp    d9, d8, [sp, #-0x40]!
    0x10001432c <+4>:  stp    x22, x21, [sp, #0x10]
    0x100014330 <+8>:  stp    x20, x19, [sp, #0x20]
    0x100014334 <+12>: stp    x29, x30, [sp, #0x30]
Target 0: (H90 Control) stopped.
(lldb) continue
Process 6589 resuming
Process 6589 stopped
* thread #7, stop reason = breakpoint 2.1
    frame #0: 0x0000000100014328 H90 Control`___lldb_unnamed_symbol866
H90 Control`___lldb_unnamed_symbol866:
->  0x100014328 <+0>:  stp    d9, d8, [sp, #-0x40]!
    0x10001432c <+4>:  stp    x22, x21, [sp, #0x10]
    0x100014330 <+8>:  stp    x20, x19, [sp, #0x20]
    0x100014334 <+12>: stp    x29, x30, [sp, #0x30]
Target 0: (H90 Control) stopped.
(lldb) continue
Process 6589 resuming
Process 6589 stopped
* thread #7, stop reason = breakpoint 2.1
    frame #0: 0x0000000100014328 H90 Control`___lldb_unnamed_symbol866
H90 Control`___lldb_unnamed_symbol866:
->  0x100014328 <+0>:  stp    d9, d8, [sp, #-0x40]!
    0x10001432c <+4>:  stp    x22, x21, [sp, #0x10]
    0x100014330 <+8>:  stp    x20, x19, [sp, #0x20]
    0x100014334 <+12>: stp    x29, x30, [sp, #0x30]
Target 0: (H90 Control) stopped.
(lldb) continue
Process 6589 resuming
Process 6589 stopped
* thread #7, stop reason = breakpoint 2.1
    frame #0: 0x0000000100014328 H90 Control`___lldb_unnamed_symbol866
H90 Control`___lldb_unnamed_symbol866:
->  0x100014328 <+0>:  stp    d9, d8, [sp, #-0x40]!
    0x10001432c <+4>:  stp    x22, x21, [sp, #0x10]
    0x100014330 <+8>:  stp    x20, x19, [sp, #0x20]
    0x100014334 <+12>: stp    x29, x30, [sp, #0x30]
Target 0: (H90 Control) stopped.
(lldb) continue
Process 6589 resuming
Process 6589 stopped
* thread #7, stop reason = breakpoint 2.1
    frame #0: 0x0000000100014328 H90 Control`___lldb_unnamed_symbol866
H90 Control`___lldb_unnamed_symbol866:
->  0x100014328 <+0>:  stp    d9, d8, [sp, #-0x40]!
    0x10001432c <+4>:  stp    x22, x21, [sp, #0x10]
    0x100014330 <+8>:  stp    x20, x19, [sp, #0x20]
    0x100014334 <+12>: stp    x29, x30, [sp, #0x30]
Target 0: (H90 Control) stopped.
(lldb) continue
Process 6589 resuming
Process 6589 stopped
* thread #7, stop reason = breakpoint 2.1
    frame #0: 0x0000000100014328 H90 Control`___lldb_unnamed_symbol866
H90 Control`___lldb_unnamed_symbol866:
->  0x100014328 <+0>:  stp    d9, d8, [sp, #-0x40]!
    0x10001432c <+4>:  stp    x22, x21, [sp, #0x10]
    0x100014330 <+8>:  stp    x20, x19, [sp, #0x20]
    0x100014334 <+12>: stp    x29, x30, [sp, #0x30]
Target 0: (H90 Control) stopped.
(lldb) continue
Process 6589 resuming
Process 6589 stopped
* thread #7, stop reason = breakpoint 2.1
    frame #0: 0x0000000100014328 H90 Control`___lldb_unnamed_symbol866
H90 Control`___lldb_unnamed_symbol866:
->  0x100014328 <+0>:  stp    d9, d8, [sp, #-0x40]!
    0x10001432c <+4>:  stp    x22, x21, [sp, #0x10]
    0x100014330 <+8>:  stp    x20, x19, [sp, #0x20]
    0x100014334 <+12>: stp    x29, x30, [sp, #0x30]
Target 0: (H90 Control) stopped.
(lldb) continue
Process 6589 resuming
Process 6589 stopped
* thread #7, stop reason = breakpoint 2.1
    frame #0: 0x0000000100014328 H90 Control`___lldb_unnamed_symbol866
H90 Control`___lldb_unnamed_symbol866:
->  0x100014328 <+0>:  stp    d9, d8, [sp, #-0x40]!
    0x10001432c <+4>:  stp    x22, x21, [sp, #0x10]
    0x100014330 <+8>:  stp    x20, x19, [sp, #0x20]
    0x100014334 <+12>: stp    x29, x30, [sp, #0x30]
Target 0: (H90 Control) stopped.
(lldb) continue
Process 6589 resuming
Process 6589 stopped
* thread #7, stop reason = breakpoint 2.1
    frame #0: 0x0000000100014328 H90 Control`___lldb_unnamed_symbol866
H90 Control`___lldb_unnamed_symbol866:
->  0x100014328 <+0>:  stp    d9, d8, [sp, #-0x40]!
    0x10001432c <+4>:  stp    x22, x21, [sp, #0x10]
    0x100014330 <+8>:  stp    x20, x19, [sp, #0x20]
    0x100014334 <+12>: stp    x29, x30, [sp, #0x30]
Target 0: (H90 Control) stopped.
(lldb) continue
Process 6589 resuming
Process 6589 stopped
* thread #7, stop reason = breakpoint 2.1
    frame #0: 0x0000000100014328 H90 Control`___lldb_unnamed_symbol866
H90 Control`___lldb_unnamed_symbol866:
->  0x100014328 <+0>:  stp    d9, d8, [sp, #-0x40]!
    0x10001432c <+4>:  stp    x22, x21, [sp, #0x10]
    0x100014330 <+8>:  stp    x20, x19, [sp, #0x20]
    0x100014334 <+12>: stp    x29, x30, [sp, #0x30]
Target 0: (H90 Control) stopped.
(lldb) continue
Process 6589 resuming
Process 6589 stopped
* thread #7, stop reason = breakpoint 2.1
    frame #0: 0x0000000100014328 H90 Control`___lldb_unnamed_symbol866
H90 Control`___lldb_unnamed_symbol866:
->  0x100014328 <+0>:  stp    d9, d8, [sp, #-0x40]!
    0x10001432c <+4>:  stp    x22, x21, [sp, #0x10]
    0x100014330 <+8>:  stp    x20, x19, [sp, #0x20]
    0x100014334 <+12>: stp    x29, x30, [sp, #0x30]
Target 0: (H90 Control) stopped.
(lldb) continue
Process 6589 resuming
Process 6589 stopped
* thread #7, stop reason = breakpoint 2.1
    frame #0: 0x0000000100014328 H90 Control`___lldb_unnamed_symbol866
H90 Control`___lldb_unnamed_symbol866:
->  0x100014328 <+0>:  stp    d9, d8, [sp, #-0x40]!
    0x10001432c <+4>:  stp    x22, x21, [sp, #0x10]
    0x100014330 <+8>:  stp    x20, x19, [sp, #0x20]
    0x100014334 <+12>: stp    x29, x30, [sp, #0x30]
Target 0: (H90 Control) stopped.
(lldb) continue
Process 6589 resuming
Process 6589 stopped
* thread #7, stop reason = breakpoint 2.1
    frame #0: 0x0000000100014328 H90 Control`___lldb_unnamed_symbol866
H90 Control`___lldb_unnamed_symbol866:
->  0x100014328 <+0>:  stp    d9, d8, [sp, #-0x40]!
    0x10001432c <+4>:  stp    x22, x21, [sp, #0x10]
    0x100014330 <+8>:  stp    x20, x19, [sp, #0x20]
    0x100014334 <+12>: stp    x29, x30, [sp, #0x30]
Target 0: (H90 Control) stopped.
(lldb) continue
Process 6589 resuming
Process 6589 stopped
* thread #7, stop reason = breakpoint 2.1
    frame #0: 0x0000000100014328 H90 Control`___lldb_unnamed_symbol866
H90 Control`___lldb_unnamed_symbol866:
->  0x100014328 <+0>:  stp    d9, d8, [sp, #-0x40]!
    0x10001432c <+4>:  stp    x22, x21, [sp, #0x10]
    0x100014330 <+8>:  stp    x20, x19, [sp, #0x20]
    0x100014334 <+12>: stp    x29, x30, [sp, #0x30]
Target 0: (H90 Control) stopped.
(lldb) continue
Process 6589 resuming
Process 6589 stopped
* thread #7, stop reason = breakpoint 2.1
    frame #0: 0x0000000100014328 H90 Control`___lldb_unnamed_symbol866
H90 Control`___lldb_unnamed_symbol866:
->  0x100014328 <+0>:  stp    d9, d8, [sp, #-0x40]!
    0x10001432c <+4>:  stp    x22, x21, [sp, #0x10]
    0x100014330 <+8>:  stp    x20, x19, [sp, #0x20]
    0x100014334 <+12>: stp    x29, x30, [sp, #0x30]
Target 0: (H90 Control) stopped.
(lldb) continue
Process 6589 resuming
Process 6589 stopped
* thread #7, stop reason = breakpoint 2.1
    frame #0: 0x0000000100014328 H90 Control`___lldb_unnamed_symbol866
H90 Control`___lldb_unnamed_symbol866:
->  0x100014328 <+0>:  stp    d9, d8, [sp, #-0x40]!
    0x10001432c <+4>:  stp    x22, x21, [sp, #0x10]
    0x100014330 <+8>:  stp    x20, x19, [sp, #0x20]
    0x100014334 <+12>: stp    x29, x30, [sp, #0x30]
Target 0: (H90 Control) stopped.
(lldb) continue
Process 6589 resuming
Process 6589 stopped
* thread #7, stop reason = breakpoint 2.1
    frame #0: 0x0000000100014328 H90 Control`___lldb_unnamed_symbol866
H90 Control`___lldb_unnamed_symbol866:
->  0x100014328 <+0>:  stp    d9, d8, [sp, #-0x40]!
    0x10001432c <+4>:  stp    x22, x21, [sp, #0x10]
    0x100014330 <+8>:  stp    x20, x19, [sp, #0x20]
    0x100014334 <+12>: stp    x29, x30, [sp, #0x30]
Target 0: (H90 Control) stopped.
(lldb) continue
Process 6589 resuming
Process 6589 stopped
* thread #7, stop reason = breakpoint 2.1
    frame #0: 0x0000000100014328 H90 Control`___lldb_unnamed_symbol866
H90 Control`___lldb_unnamed_symbol866:
->  0x100014328 <+0>:  stp    d9, d8, [sp, #-0x40]!
    0x10001432c <+4>:  stp    x22, x21, [sp, #0x10]
    0x100014330 <+8>:  stp    x20, x19, [sp, #0x20]
    0x100014334 <+12>: stp    x29, x30, [sp, #0x30]
Target 0: (H90 Control) stopped.
(lldb) continue
Process 6589 resuming
Process 6589 stopped
* thread #7, stop reason = breakpoint 2.1
    frame #0: 0x0000000100014328 H90 Control`___lldb_unnamed_symbol866
H90 Control`___lldb_unnamed_symbol866:
->  0x100014328 <+0>:  stp    d9, d8, [sp, #-0x40]!
    0x10001432c <+4>:  stp    x22, x21, [sp, #0x10]
    0x100014330 <+8>:  stp    x20, x19, [sp, #0x20]
    0x100014334 <+12>: stp    x29, x30, [sp, #0x30]
Target 0: (H90 Control) stopped.
(lldb) continue
Process 6589 resuming
Process 6589 stopped
* thread #7, stop reason = breakpoint 2.1
    frame #0: 0x0000000100014328 H90 Control`___lldb_unnamed_symbol866
H90 Control`___lldb_unnamed_symbol866:
->  0x100014328 <+0>:  stp    d9, d8, [sp, #-0x40]!
    0x10001432c <+4>:  stp    x22, x21, [sp, #0x10]
    0x100014330 <+8>:  stp    x20, x19, [sp, #0x20]
    0x100014334 <+12>: stp    x29, x30, [sp, #0x30]
Target 0: (H90 Control) stopped.
(lldb) continue
Process 6589 resuming
Process 6589 stopped
* thread #7, stop reason = breakpoint 2.1
    frame #0: 0x0000000100014328 H90 Control`___lldb_unnamed_symbol866
H90 Control`___lldb_unnamed_symbol866:
->  0x100014328 <+0>:  stp    d9, d8, [sp, #-0x40]!
    0x10001432c <+4>:  stp    x22, x21, [sp, #0x10]
    0x100014330 <+8>:  stp    x20, x19, [sp, #0x20]
    0x100014334 <+12>: stp    x29, x30, [sp, #0x30]
Target 0: (H90 Control) stopped.
(lldb) continue
Process 6589 resuming
Process 6589 stopped
* thread #7, stop reason = breakpoint 2.1
    frame #0: 0x0000000100014328 H90 Control`___lldb_unnamed_symbol866
H90 Control`___lldb_unnamed_symbol866:
->  0x100014328 <+0>:  stp    d9, d8, [sp, #-0x40]!
    0x10001432c <+4>:  stp    x22, x21, [sp, #0x10]
    0x100014330 <+8>:  stp    x20, x19, [sp, #0x20]
    0x100014334 <+12>: stp    x29, x30, [sp, #0x30]
Target 0: (H90 Control) stopped.
(lldb) continue
Process 6589 resuming
Process 6589 stopped
* thread #20, name = 'ThreadWithProgressView', stop reason = breakpoint 1.1
    frame #0: 0x000000010001336c H90 Control`___lldb_unnamed_symbol857 + 704
H90 Control`___lldb_unnamed_symbol857:
->  0x10001336c <+704>: bl     0x100477330               ; symbol stub for: MIDISendEventList
    0x100013370 <+708>: b      0x100013380               ; <+724>
    0x100013374 <+712>: mov    x0, x1
    0x100013378 <+716>: mov    x1, x2
Target 0: (H90 Control) stopped.
(lldb) script print("==BP=1 n=6==")
script print("SEND")
thread info
==BP=1 n=6==
(lldb) thread backtrace -c 30
SEND
(lldb) thread #20: tid = 0xb257, 0x000000010001336c H90 Control`___lldb_unnamed_symbol857 + 704, name = 'ThreadWithProgressView', stop reason = breakpoint 1.1

(lldb) register read x0 x1 x2 x3 x4
memory read -f x -c 300 -s 4 --force $x2
* thread #20, name = 'ThreadWithProgressView', stop reason = breakpoint 1.1
  * frame #0: 0x000000010001336c H90 Control`___lldb_unnamed_symbol857 + 704
    frame #1: 0x000000010021e068 H90 Control`___lldb_unnamed_symbol7315 + 220
    frame #2: 0x000000010021bfac H90 Control`___lldb_unnamed_symbol7310 + 328
    frame #3: 0x0000000100253964 H90 Control`___lldb_unnamed_symbol7749 + 164
    frame #4: 0x00000001003011a4 H90 Control`___lldb_unnamed_symbol9370 + 1648
    frame #5: 0x0000000100034584 H90 Control`___lldb_unnamed_symbol1223 + 788
    frame #6: 0x000000019d227c0c libsystem_pthread.dylib`_pthread_start + 136
(lldb) expr -- (*(unsigned int*)($x2 + 16)) & 0xffff
      x0 = 0x00000000011b4090
      x1 = 0x00000000011b4013
      x2 = 0x000000016ff9e8b0
      x3 = 0x0000000e7fd4e8a8
      x4 = 0x0000000000000002
(lldb) continue
0x16ff9e8b0: 0x00000001 0x00000001 0x7fd4e8a8 0x0000000e
0x16ff9e8c0: 0x00000010 0x30161c77 0x00015100 0x3026200c
0x16ff9e8d0: 0x00000000 0x30260100 0x06000e00 0x30264000
0x16ff9e8e0: 0x00020000 0x30260000 0x00000008 0x30260400
0x16ff9e8f0: 0x00002000 0x30260001 0x00040000 0x30320000
0x16ff9e900: 0x00000000 0x00000000 0x00000000 0x00000000
0x16ff9e910: 0x00000000 0x00000000 0x00000000 0x00000000
0x16ff9e920: 0x00000000 0x00000000 0x00000000 0x00000000
0x16ff9e930: 0x00000000 0x00000000 0x00000000 0x00000000
0x16ff9e940: 0x00000000 0x00000000 0x00000000 0x00000000
0x16ff9e950: 0x00000000 0x00000000 0x00000000 0x00000000
0x16ff9e960: 0x00000000 0x00000000 0x00000000 0x00000000
0x16ff9e970: 0x00000000 0x00000000 0x00000000 0x00000000
0x16ff9e980: 0x00000000 0x00000000 0x00000000 0x00000000
0x16ff9e990: 0x00000000 0x00000000 0x00000000 0x00000000
0x16ff9e9a0: 0x00000000 0x00000000 0x00000000 0x00000000
0x16ff9e9b0: 0x00000000 0x00000000 0x00000000 0x00000000
0x16ff9e9c0: 0x00000000 0x00000001 0x001e70a0 0x00000001
0x16ff9e9d0: 0x7fd4e8a8 0x0000000e 0x011b4013 0x011b4090
0x16ff9e9e0: 0x6ff9e9e8 0x00000001 0x30320000 0x00000000
0x16ff9e9f0: 0x6ff9e868 0x00000001 0x6ff9e8a8 0x00000001
0x16ff9ea00: 0x6ff9e880 0x00000001 0x6ff9e898 0x00000001
0x16ff9ea10: 0x4becaa60 0x00000001 0x4becaaa0 0x00000001
0x16ff9ea20: 0x00000000 0x00000000 0x1ba0a040 0x00000001
0x16ff9ea30: 0x6ff9eaa8 0x00000001 0x00002710 0x00000000
0x16ff9ea40: 0x1ba0a0e8 0x00000001 0x00000000 0x00000000
0x16ff9ea50: 0x6ff9ec08 0x00000001 0x00000021 0x00000000
0x16ff9ea60: 0x6ff9ebe8 0x00000001 0x6ff9eb60 0x00000001
0x16ff9ea70: 0x6ff9eb40 0x00000001 0x0021e068 0x00000001
0x16ff9ea80: 0x00000000 0x00000000 0x4beaf680 0x00000001
0x16ff9ea90: 0x4beaf660 0x00000001 0x00000000 0x00000000
0x16ff9eaa0: 0x40079860 0x00000c00 0x4beddbf0 0x00000001
0x16ff9eab0: 0x00000000 0x00000000 0x0000002e 0x00000001
0x16ff9eac0: 0x00000000 0x00000000 0x0000002e 0x00000000
0x16ff9ead0: 0x4beddbf0 0x00000001 0x00000000 0x00000000
0x16ff9eae0: 0x00000000 0x00000000 0xe0510068 0xb82ff30b
0x16ff9eaf0: 0x00000000 0x00000000 0x00000000 0x00000000
0x16ff9eb00: 0x4bf556a8 0x00000001 0x00000020 0x00000000
0x16ff9eb10: 0x00000000 0x00000000 0x00002710 0x00000000
0x16ff9eb20: 0x1ba0a0e8 0x00000001 0x00000021 0x00000000
0x16ff9eb30: 0x6ff9ed38 0x00000001 0x6ff9ed30 0x00000001
0x16ff9eb40: 0x6ff9ec90 0x00000001 0x0021bfac 0x00000001
0x16ff9eb50: 0x6ff9f0e0 0x00000001 0x00000000 0x00000000
0x16ff9eb60: 0x4bf556a8 0x00000001 0x00000000 0x00000000
0x16ff9eb70: 0x00000000 0x00000000 0x00000200 0x00000000
0x16ff9eb80: 0x7fffffff 0x00000001 0x00000008 0x00000000
0x16ff9eb90: 0x00000200 0x00000000 0x00000020 0x00000001
0x16ff9eba0: 0x4beaf480 0x00000001 0x4beaf660 0x00000001
0x16ff9ebb0: 0x4beaf480 0x00000001 0x00000000 0x00000000
0x16ff9ebc0: 0x00000000 0x00000000 0x4be00100 0x00000001
0x16ff9ebd0: 0x00000004 0x00000000 0x00630100 0x00000001
0x16ff9ebe0: 0x00000000 0x00000000 0x00771cf0 0x21000001
0x16ff9ebf0: 0x00000000 0x00000000 0x00000000 0x00000000
0x16ff9ec00: 0x00000000 0x00000000 0x00771cf0 0x20000001
0x16ff9ec10: 0x4bea3740 0x00000001 0x4bea3760 0x00000001
0x16ff9ec20: 0x4bea3760 0x00000001 0x00634000 0x00000001
0x16ff9ec30: 0x6ff9ec70 0x00000001 0x9d027be8 0x00000001
0x16ff9ec40: 0x6ff9eef0 0x00000001 0xe0510068 0xb82ff30b
0x16ff9ec50: 0x4bf556a8 0x00000001 0x1ba0a020 0x00000001
0x16ff9ec60: 0x6ff9eef0 0x00000001 0x4d104d20 0x00000001
0x16ff9ec70: 0x1ba0a020 0x00000001 0x4bf55410 0x00000001
0x16ff9ec80: 0x4d104d30 0x00000001 0x6ff9ee90 0x00000001
0x16ff9ec90: 0x6ff9ee60 0x00000001 0x00253964 0x00000001
0x16ff9eca0: 0x6ff9ece0 0x00000001 0x0005e1a0 0x00000001
0x16ff9ecb0: 0x00000003 0x00000000 0x4bebcfd0 0x00000001
0x16ff9ecc0: 0x6ff9ed40 0x00000001 0x9d029a80 0x00000001
0x16ff9ecd0: 0x6ff9eef0 0x00000001 0x4d105480 0x00000001
0x16ff9ece0: 0x6ff9ee60 0x00000001 0x00255268 0x00000001
0x16ff9ecf0: 0x6ff9f0e0 0x00000001 0x00000000 0x00000000
0x16ff9ed00: 0x4bf556a8 0x00000001 0x4bf556c0 0x00000001
0x16ff9ed10: 0x0000000d 0x00000000 0x00638000 0x00000001
0x16ff9ed20: 0x00638080 0x00000001 0x00000000 0x00000000
0x16ff9ed30: 0x00000003 0x00000000 0x00648c21 0x00000001
0x16ff9ed40: 0x00000000 0x00000000 0x9d028d20 0x00000001
0x16ff9ed50: 0x4bebd000 0x00000001 0x4beca990 0x00000001
(lldb) (unsigned int) $11 = 16
(lldb) Process 6589 resuming
Process 6589 stopped
* thread #7, stop reason = breakpoint 2.1
    frame #0: 0x0000000100014328 H90 Control`___lldb_unnamed_symbol866
H90 Control`___lldb_unnamed_symbol866:
->  0x100014328 <+0>:  stp    d9, d8, [sp, #-0x40]!
    0x10001432c <+4>:  stp    x22, x21, [sp, #0x10]
    0x100014330 <+8>:  stp    x20, x19, [sp, #0x20]
    0x100014334 <+12>: stp    x29, x30, [sp, #0x30]
Target 0: (H90 Control) stopped.
(lldb) continue
Process 6589 resuming
Process 6589 stopped
* thread #7, stop reason = breakpoint 2.1
    frame #0: 0x0000000100014328 H90 Control`___lldb_unnamed_symbol866
H90 Control`___lldb_unnamed_symbol866:
->  0x100014328 <+0>:  stp    d9, d8, [sp, #-0x40]!
    0x10001432c <+4>:  stp    x22, x21, [sp, #0x10]
    0x100014330 <+8>:  stp    x20, x19, [sp, #0x20]
    0x100014334 <+12>: stp    x29, x30, [sp, #0x30]
Target 0: (H90 Control) stopped.
(lldb) continue
Process 6589 resuming
Process 6589 stopped
* thread #7, stop reason = breakpoint 2.1
    frame #0: 0x0000000100014328 H90 Control`___lldb_unnamed_symbol866
H90 Control`___lldb_unnamed_symbol866:
->  0x100014328 <+0>:  stp    d9, d8, [sp, #-0x40]!
    0x10001432c <+4>:  stp    x22, x21, [sp, #0x10]
    0x100014330 <+8>:  stp    x20, x19, [sp, #0x20]
    0x100014334 <+12>: stp    x29, x30, [sp, #0x30]
Target 0: (H90 Control) stopped.
(lldb) continue
Process 6589 resuming
Process 6589 stopped
* thread #7, stop reason = breakpoint 2.1
    frame #0: 0x0000000100014328 H90 Control`___lldb_unnamed_symbol866
H90 Control`___lldb_unnamed_symbol866:
->  0x100014328 <+0>:  stp    d9, d8, [sp, #-0x40]!
    0x10001432c <+4>:  stp    x22, x21, [sp, #0x10]
    0x100014330 <+8>:  stp    x20, x19, [sp, #0x20]
    0x100014334 <+12>: stp    x29, x30, [sp, #0x30]
Target 0: (H90 Control) stopped.
(lldb) continue
Process 6589 resuming
Process 6589 stopped
* thread #7, stop reason = breakpoint 2.1
    frame #0: 0x0000000100014328 H90 Control`___lldb_unnamed_symbol866
H90 Control`___lldb_unnamed_symbol866:
->  0x100014328 <+0>:  stp    d9, d8, [sp, #-0x40]!
    0x10001432c <+4>:  stp    x22, x21, [sp, #0x10]
    0x100014330 <+8>:  stp    x20, x19, [sp, #0x20]
    0x100014334 <+12>: stp    x29, x30, [sp, #0x30]
Target 0: (H90 Control) stopped.
(lldb) continue
Process 6589 resuming
Process 6589 stopped
* thread #7, stop reason = breakpoint 2.1
    frame #0: 0x0000000100014328 H90 Control`___lldb_unnamed_symbol866
H90 Control`___lldb_unnamed_symbol866:
->  0x100014328 <+0>:  stp    d9, d8, [sp, #-0x40]!
    0x10001432c <+4>:  stp    x22, x21, [sp, #0x10]
    0x100014330 <+8>:  stp    x20, x19, [sp, #0x20]
    0x100014334 <+12>: stp    x29, x30, [sp, #0x30]
Target 0: (H90 Control) stopped.
(lldb) continue
Process 6589 resuming
Process 6589 stopped
* thread #7, stop reason = breakpoint 2.1
    frame #0: 0x0000000100014328 H90 Control`___lldb_unnamed_symbol866
H90 Control`___lldb_unnamed_symbol866:
->  0x100014328 <+0>:  stp    d9, d8, [sp, #-0x40]!
    0x10001432c <+4>:  stp    x22, x21, [sp, #0x10]
    0x100014330 <+8>:  stp    x20, x19, [sp, #0x20]
    0x100014334 <+12>: stp    x29, x30, [sp, #0x30]
Target 0: (H90 Control) stopped.
(lldb) continue
Process 6589 resuming
Process 6589 stopped
* thread #7, stop reason = breakpoint 2.1
    frame #0: 0x0000000100014328 H90 Control`___lldb_unnamed_symbol866
H90 Control`___lldb_unnamed_symbol866:
->  0x100014328 <+0>:  stp    d9, d8, [sp, #-0x40]!
    0x10001432c <+4>:  stp    x22, x21, [sp, #0x10]
    0x100014330 <+8>:  stp    x20, x19, [sp, #0x20]
    0x100014334 <+12>: stp    x29, x30, [sp, #0x30]
Target 0: (H90 Control) stopped.
(lldb) continue
Process 6589 resuming
Process 6589 stopped
* thread #7, stop reason = breakpoint 2.1
    frame #0: 0x0000000100014328 H90 Control`___lldb_unnamed_symbol866
H90 Control`___lldb_unnamed_symbol866:
->  0x100014328 <+0>:  stp    d9, d8, [sp, #-0x40]!
    0x10001432c <+4>:  stp    x22, x21, [sp, #0x10]
    0x100014330 <+8>:  stp    x20, x19, [sp, #0x20]
    0x100014334 <+12>: stp    x29, x30, [sp, #0x30]
Target 0: (H90 Control) stopped.
(lldb) continue
Process 6589 resuming
Process 6589 stopped
* thread #7, stop reason = breakpoint 2.1
    frame #0: 0x0000000100014328 H90 Control`___lldb_unnamed_symbol866
H90 Control`___lldb_unnamed_symbol866:
->  0x100014328 <+0>:  stp    d9, d8, [sp, #-0x40]!
    0x10001432c <+4>:  stp    x22, x21, [sp, #0x10]
    0x100014330 <+8>:  stp    x20, x19, [sp, #0x20]
    0x100014334 <+12>: stp    x29, x30, [sp, #0x30]
Target 0: (H90 Control) stopped.
(lldb) continue
Process 6589 resuming
Process 6589 stopped
* thread #7, stop reason = breakpoint 2.1
    frame #0: 0x0000000100014328 H90 Control`___lldb_unnamed_symbol866
H90 Control`___lldb_unnamed_symbol866:
->  0x100014328 <+0>:  stp    d9, d8, [sp, #-0x40]!
    0x10001432c <+4>:  stp    x22, x21, [sp, #0x10]
    0x100014330 <+8>:  stp    x20, x19, [sp, #0x20]
    0x100014334 <+12>: stp    x29, x30, [sp, #0x30]
Target 0: (H90 Control) stopped.
(lldb) continue
Process 6589 resuming
Process 6589 stopped
* thread #7, stop reason = breakpoint 2.1
    frame #0: 0x0000000100014328 H90 Control`___lldb_unnamed_symbol866
H90 Control`___lldb_unnamed_symbol866:
->  0x100014328 <+0>:  stp    d9, d8, [sp, #-0x40]!
    0x10001432c <+4>:  stp    x22, x21, [sp, #0x10]
    0x100014330 <+8>:  stp    x20, x19, [sp, #0x20]
    0x100014334 <+12>: stp    x29, x30, [sp, #0x30]
Target 0: (H90 Control) stopped.
(lldb) continue
Process 6589 resuming
Process 6589 stopped
* thread #7, stop reason = breakpoint 2.1
    frame #0: 0x0000000100014328 H90 Control`___lldb_unnamed_symbol866
H90 Control`___lldb_unnamed_symbol866:
->  0x100014328 <+0>:  stp    d9, d8, [sp, #-0x40]!
    0x10001432c <+4>:  stp    x22, x21, [sp, #0x10]
    0x100014330 <+8>:  stp    x20, x19, [sp, #0x20]
    0x100014334 <+12>: stp    x29, x30, [sp, #0x30]
Target 0: (H90 Control) stopped.
(lldb) continue
Process 6589 resuming
Process 6589 stopped
* thread #7, stop reason = breakpoint 2.1
    frame #0: 0x0000000100014328 H90 Control`___lldb_unnamed_symbol866
H90 Control`___lldb_unnamed_symbol866:
->  0x100014328 <+0>:  stp    d9, d8, [sp, #-0x40]!
    0x10001432c <+4>:  stp    x22, x21, [sp, #0x10]
    0x100014330 <+8>:  stp    x20, x19, [sp, #0x20]
    0x100014334 <+12>: stp    x29, x30, [sp, #0x30]
Target 0: (H90 Control) stopped.
(lldb) continue
Process 6589 resuming
Process 6589 stopped
* thread #7, stop reason = breakpoint 2.1
    frame #0: 0x0000000100014328 H90 Control`___lldb_unnamed_symbol866
H90 Control`___lldb_unnamed_symbol866:
->  0x100014328 <+0>:  stp    d9, d8, [sp, #-0x40]!
    0x10001432c <+4>:  stp    x22, x21, [sp, #0x10]
    0x100014330 <+8>:  stp    x20, x19, [sp, #0x20]
    0x100014334 <+12>: stp    x29, x30, [sp, #0x30]
Target 0: (H90 Control) stopped.
(lldb) continue
Process 6589 resuming
Process 6589 stopped
* thread #7, stop reason = breakpoint 2.1
    frame #0: 0x0000000100014328 H90 Control`___lldb_unnamed_symbol866
H90 Control`___lldb_unnamed_symbol866:
->  0x100014328 <+0>:  stp    d9, d8, [sp, #-0x40]!
    0x10001432c <+4>:  stp    x22, x21, [sp, #0x10]
    0x100014330 <+8>:  stp    x20, x19, [sp, #0x20]
    0x100014334 <+12>: stp    x29, x30, [sp, #0x30]
Target 0: (H90 Control) stopped.
(lldb) continue
Process 6589 resuming
Process 6589 stopped
* thread #7, stop reason = breakpoint 2.1
    frame #0: 0x0000000100014328 H90 Control`___lldb_unnamed_symbol866
H90 Control`___lldb_unnamed_symbol866:
->  0x100014328 <+0>:  stp    d9, d8, [sp, #-0x40]!
    0x10001432c <+4>:  stp    x22, x21, [sp, #0x10]
    0x100014330 <+8>:  stp    x20, x19, [sp, #0x20]
    0x100014334 <+12>: stp    x29, x30, [sp, #0x30]
Target 0: (H90 Control) stopped.
(lldb) continue
Process 6589 resuming
Process 6589 stopped
* thread #7, stop reason = breakpoint 2.1
    frame #0: 0x0000000100014328 H90 Control`___lldb_unnamed_symbol866
H90 Control`___lldb_unnamed_symbol866:
->  0x100014328 <+0>:  stp    d9, d8, [sp, #-0x40]!
    0x10001432c <+4>:  stp    x22, x21, [sp, #0x10]
    0x100014330 <+8>:  stp    x20, x19, [sp, #0x20]
    0x100014334 <+12>: stp    x29, x30, [sp, #0x30]
Target 0: (H90 Control) stopped.
(lldb) continue
Process 6589 resuming
Process 6589 stopped
* thread #20, name = 'ThreadWithProgressView', stop reason = breakpoint 1.1
    frame #0: 0x000000010001336c H90 Control`___lldb_unnamed_symbol857 + 704
H90 Control`___lldb_unnamed_symbol857:
->  0x10001336c <+704>: bl     0x100477330               ; symbol stub for: MIDISendEventList
    0x100013370 <+708>: b      0x100013380               ; <+724>
    0x100013374 <+712>: mov    x0, x1
    0x100013378 <+716>: mov    x1, x2
Target 0: (H90 Control) stopped.
(lldb) script print("==BP=1 n=7==")
script print("SEND")
thread info
==BP=1 n=7==
(lldb) thread backtrace -c 30
SEND
(lldb) register read x0 x1 x2 x3 x4
thread #20: tid = 0xb257, 0x000000010001336c H90 Control`___lldb_unnamed_symbol857 + 704, name = 'ThreadWithProgressView', stop reason = breakpoint 1.1

(lldb) memory read -f x -c 300 -s 4 --force $x2
* thread #20, name = 'ThreadWithProgressView', stop reason = breakpoint 1.1
  * frame #0: 0x000000010001336c H90 Control`___lldb_unnamed_symbol857 + 704
    frame #1: 0x000000010021e068 H90 Control`___lldb_unnamed_symbol7315 + 220
    frame #2: 0x000000010021bfac H90 Control`___lldb_unnamed_symbol7310 + 328
    frame #3: 0x000000010024668c H90 Control`___lldb_unnamed_symbol7676 + 284
    frame #4: 0x00000001003012a4 H90 Control`___lldb_unnamed_symbol9370 + 1904
    frame #5: 0x0000000100034584 H90 Control`___lldb_unnamed_symbol1223 + 788
    frame #6: 0x000000019d227c0c libsystem_pthread.dylib`_pthread_start + 136
(lldb) expr -- (*(unsigned int*)($x2 + 16)) & 0xffff
      x0 = 0x00000000011b4090
      x1 = 0x00000000011b4013
      x2 = 0x000000016ff9e950
      x3 = 0x0000000e80073668
      x4 = 0x0000000000000002
(lldb) continue
0x16ff9e950: 0x00000001 0x00000001 0x80073668 0x0000000e
0x16ff9e960: 0x00000010 0x30161c77 0x00012b00 0x3026250c
0x16ff9e970: 0x00000000 0x30260100 0x06000e00 0x30264000
0x16ff9e980: 0x00020000 0x30260000 0x00002009 0x30260400
0x16ff9e990: 0x00002000 0x30260001 0x00040000 0x30320000
0x16ff9e9a0: 0x00000000 0x00000000 0x00000000 0x00000000
0x16ff9e9b0: 0x00000000 0x00000000 0x00000000 0x00000000
0x16ff9e9c0: 0x00000000 0x00000000 0x00000000 0x00000000
0x16ff9e9d0: 0x00000000 0x00000000 0x00000000 0x00000000
0x16ff9e9e0: 0x00000000 0x00000000 0x00000000 0x00000000
0x16ff9e9f0: 0x00000000 0x00000000 0x00000000 0x00000000
0x16ff9ea00: 0x00000000 0x00000000 0x00000000 0x00000000
0x16ff9ea10: 0x00000000 0x00000000 0x00000000 0x00000000
0x16ff9ea20: 0x00000000 0x00000000 0x00000000 0x00000000
0x16ff9ea30: 0x00000000 0x00000000 0x00000000 0x00000000
0x16ff9ea40: 0x00000000 0x00000000 0x00000000 0x00000000
0x16ff9ea50: 0x00000000 0x00000000 0x00000000 0x00000000
0x16ff9ea60: 0x00000000 0x00000001 0x001e70a0 0x00000001
0x16ff9ea70: 0x80073668 0x0000000e 0x011b4013 0x011b4090
0x16ff9ea80: 0x6ff9ea88 0x00000001 0x30320000 0x00000000
0x16ff9ea90: 0x6ff9e908 0x00000001 0x6ff9e948 0x00000001
0x16ff9eaa0: 0x6ff9e920 0x00000001 0x6ff9e938 0x00000001
0x16ff9eab0: 0x4bea6350 0x00000001 0x4bea6390 0x00000001
0x16ff9eac0: 0x00000000 0x00000000 0x1ba0a040 0x00000001
0x16ff9ead0: 0x6ff9eb48 0x00000001 0x00007530 0x00000000
0x16ff9eae0: 0x1ba0a0e8 0x00000001 0x00000000 0x00000000
0x16ff9eaf0: 0x6ff9eca8 0x00000001 0x00000026 0x00000000
0x16ff9eb00: 0x6ff9ec88 0x00000001 0x6ff9ec00 0x00000001
0x16ff9eb10: 0x6ff9ebe0 0x00000001 0x0021e068 0x00000001
0x16ff9eb20: 0x00000000 0x00000000 0x4befbe70 0x00000001
0x16ff9eb30: 0x4befbe50 0x00000001 0x00000000 0x00000000
0x16ff9eb40: 0x40079860 0x00000c00 0x4bef00d0 0x00000001
0x16ff9eb50: 0x00000000 0x00000000 0x0000002e 0x00000001
0x16ff9eb60: 0x00000000 0x00000000 0x0000002e 0x00000000
0x16ff9eb70: 0x4bef00d0 0x00000001 0x00000000 0x00000000
0x16ff9eb80: 0x00000000 0x00000000 0xe0510068 0xb82ff30b
0x16ff9eb90: 0x00000000 0x00000000 0x00000000 0x00000000
0x16ff9eba0: 0x4bf556a8 0x00000001 0x00000025 0x00000000
0x16ff9ebb0: 0x00000000 0x00000000 0x00007530 0x00000000
0x16ff9ebc0: 0x1ba0a0e8 0x00000001 0x00000026 0x00000000
0x16ff9ebd0: 0x6ff9eda0 0x00000001 0x6ff9ed98 0x00000001
0x16ff9ebe0: 0x6ff9ed30 0x00000001 0x0021bfac 0x00000001
0x16ff9ebf0: 0x6ff9f0e0 0x00000001 0x00000000 0x00000000
0x16ff9ec00: 0x4bf556a8 0x00000001 0x00000000 0x00000000
0x16ff9ec10: 0x00000000 0x00000000 0x00000200 0x00000000
0x16ff9ec20: 0x7fffffff 0x00000001 0x00000008 0x00000000
0x16ff9ec30: 0x00000200 0x00000000 0x00000020 0x00000001
0x16ff9ec40: 0x4befbc70 0x00000001 0x4befbe50 0x00000001
0x16ff9ec50: 0x4befbc70 0x00000001 0x00000000 0x00000000
0x16ff9ec60: 0x00000000 0x00000000 0x4d100100 0x00000001
0x16ff9ec70: 0x00000004 0x00000000 0x3c600100 0x00000001
0x16ff9ec80: 0x00000000 0x00000000 0x00771cf0 0x26000001
0x16ff9ec90: 0x00000000 0x00000000 0x00000000 0x00000000
0x16ff9eca0: 0x00000000 0x00000000 0x00771cf0 0x25000001
0x16ff9ecb0: 0x4befbe70 0x00000001 0x4befbe90 0x00000001
0x16ff9ecc0: 0x4befbe90 0x00000001 0x00634000 0x00000001
0x16ff9ecd0: 0x6ff9ed10 0x00000001 0x9d027be8 0x00000001
0x16ff9ece0: 0x005d39a8 0x00000001 0xe0510068 0xb82ff30b
0x16ff9ecf0: 0x4bf556a8 0x00000001 0x4bf556c0 0x00000001
0x16ff9ed00: 0x005d39a8 0x00000001 0x01090000 0x00000000
0x16ff9ed10: 0x4d104f80 0x00000001 0x4bf55410 0x00000001
0x16ff9ed20: 0x6ff9eef0 0x00000001 0x4d104f70 0x00000001
0x16ff9ed30: 0x6ff9ee60 0x00000001 0x0024668c 0x00000001
0x16ff9ed40: 0x6ff9edd0 0x00000001 0x9d028dc4 0x00000001
0x16ff9ed50: 0x00000000 0x00000000 0x1ba0a020 0x00000001
0x16ff9ed60: 0x00000260 0x00000000 0x3c60c6c0 0x00000001
0x16ff9ed70: 0x3c60c830 0x00000001 0x00000000 0x00000000
0x16ff9ed80: 0x00000000 0x00000000 0x00000000 0x00000000
0x16ff9ed90: 0x4bf556a8 0x00000001 0x4bf556c0 0x00000001
0x16ff9eda0: 0x005d3926 0x00000001 0x00000000 0x00000000
0x16ff9edb0: 0x1ba0a025 0x00000001 0x4bebd000 0x00000001
0x16ff9edc0: 0x4beeedf0 0x00000001 0x00000000 0x00000000
0x16ff9edd0: 0x00000000 0x00000000 0x00000000 0x00000000
0x16ff9ede0: 0x005d39a8 0x00000001 0x01090000 0x00000000
0x16ff9edf0: 0x1ba0a020 0x00000001 0x0000001c 0x00000000
(lldb) (unsigned int) $13 = 16
(lldb) Process 6589 resuming
Process 6589 stopped
* thread #7, stop reason = breakpoint 2.1
    frame #0: 0x0000000100014328 H90 Control`___lldb_unnamed_symbol866
H90 Control`___lldb_unnamed_symbol866:
->  0x100014328 <+0>:  stp    d9, d8, [sp, #-0x40]!
    0x10001432c <+4>:  stp    x22, x21, [sp, #0x10]
    0x100014330 <+8>:  stp    x20, x19, [sp, #0x20]
    0x100014334 <+12>: stp    x29, x30, [sp, #0x30]
Target 0: (H90 Control) stopped.
(lldb) continue
Process 6589 resuming
Process 6589 stopped
* thread #7, stop reason = breakpoint 2.1
    frame #0: 0x0000000100014328 H90 Control`___lldb_unnamed_symbol866
H90 Control`___lldb_unnamed_symbol866:
->  0x100014328 <+0>:  stp    d9, d8, [sp, #-0x40]!
    0x10001432c <+4>:  stp    x22, x21, [sp, #0x10]
    0x100014330 <+8>:  stp    x20, x19, [sp, #0x20]
    0x100014334 <+12>: stp    x29, x30, [sp, #0x30]
Target 0: (H90 Control) stopped.
(lldb) continue
Process 6589 resuming
Process 6589 stopped
* thread #20, name = 'ThreadWithProgressView', stop reason = breakpoint 1.1
    frame #0: 0x000000010001336c H90 Control`___lldb_unnamed_symbol857 + 704
H90 Control`___lldb_unnamed_symbol857:
->  0x10001336c <+704>: bl     0x100477330               ; symbol stub for: MIDISendEventList
    0x100013370 <+708>: b      0x100013380               ; <+724>
    0x100013374 <+712>: mov    x0, x1
    0x100013378 <+716>: mov    x1, x2
Target 0: (H90 Control) stopped.
(lldb) script print("==BP=1 n=8==")
script print("SEND")
thread info
==BP=1 n=8==
(lldb) thread backtrace -c 30
SEND
(lldb) register read x0 x1 x2 x3 x4
thread #20: tid = 0xb257, 0x000000010001336c H90 Control`___lldb_unnamed_symbol857 + 704, name = 'ThreadWithProgressView', stop reason = breakpoint 1.1

(lldb) memory read -f x -c 300 -s 4 --force $x2
* thread #20, name = 'ThreadWithProgressView', stop reason = breakpoint 1.1
  * frame #0: 0x000000010001336c H90 Control`___lldb_unnamed_symbol857 + 704
    frame #1: 0x000000010021e068 H90 Control`___lldb_unnamed_symbol7315 + 220
    frame #2: 0x000000010021bfac H90 Control`___lldb_unnamed_symbol7310 + 328
    frame #3: 0x000000010021b598 H90 Control`___lldb_unnamed_symbol7308 + 108
    frame #4: 0x000000010030137c H90 Control`___lldb_unnamed_symbol9370 + 2120
    frame #5: 0x0000000100034584 H90 Control`___lldb_unnamed_symbol1223 + 788
    frame #6: 0x000000019d227c0c libsystem_pthread.dylib`_pthread_start + 136
(lldb)       x0 = 0x00000000011b4090
expr -- (*(unsigned int*)($x2 + 16)) & 0xffff
      x1 = 0x00000000011b4013
      x2 = 0x000000016ff9ea20
      x3 = 0x0000000e8014e2ae
      x4 = 0x0000000000000002
(lldb) continue
0x16ff9ea20: 0x00000001 0x00000001 0x8014e2ae 0x0000000e
0x16ff9ea30: 0x00000010 0x30161c77 0x00016000 0x3026610c
0x16ff9ea40: 0x00000000 0x30260100 0x06000e00 0x30264000
0x16ff9ea50: 0x00020000 0x30260000 0x00002018 0x30260400
0x16ff9ea60: 0x00002000 0x30260001 0x00040000 0x30320000
0x16ff9ea70: 0x00000000 0x00000000 0x00000000 0x00000000
0x16ff9ea80: 0x00000000 0x00000000 0x00000000 0x00000000
0x16ff9ea90: 0x00000000 0x00000000 0x00000000 0x00000000
0x16ff9eaa0: 0x00000000 0x00000000 0x00000000 0x00000000
0x16ff9eab0: 0x00000000 0x00000000 0x00000000 0x00000000
0x16ff9eac0: 0x00000000 0x00000000 0x00000000 0x00000000
0x16ff9ead0: 0x00000000 0x00000000 0x00000000 0x00000000
0x16ff9eae0: 0x00000000 0x00000000 0x00000000 0x00000000
0x16ff9eaf0: 0x00000000 0x00000000 0x00000000 0x00000000
0x16ff9eb00: 0x00000000 0x00000000 0x00000000 0x00000000
0x16ff9eb10: 0x00000000 0x00000000 0x00000000 0x00000000
0x16ff9eb20: 0x00000000 0x00000000 0x00000000 0x00000000
0x16ff9eb30: 0x00000000 0x00000001 0x001e70a0 0x00000001
0x16ff9eb40: 0x8014e2ae 0x0000000e 0x011b4013 0x011b4090
0x16ff9eb50: 0x6ff9eb58 0x00000001 0x30320000 0x00000000
0x16ff9eb60: 0x6ff9e9d8 0x00000001 0x6ff9ea18 0x00000001
0x16ff9eb70: 0x6ff9e9f0 0x00000001 0x6ff9ea08 0x00000001
0x16ff9eb80: 0x10a04760 0x00000001 0x10a047a0 0x00000001
0x16ff9eb90: 0x00000000 0x00000000 0x1ba0a040 0x00000001
0x16ff9eba0: 0x6ff9ec18 0x00000001 0x00002710 0x00000000
0x16ff9ebb0: 0x1ba0a0e8 0x00000001 0x00000000 0x00000000
0x16ff9ebc0: 0x6ff9ed78 0x00000001 0x00000062 0x00000000
0x16ff9ebd0: 0x6ff9ed58 0x00000001 0x6ff9ecd0 0x00000001
0x16ff9ebe0: 0x6ff9ecb0 0x00000001 0x0021e068 0x00000001
0x16ff9ebf0: 0x00000000 0x00000000 0x10a05220 0x00000001
0x16ff9ec00: 0x10a05200 0x00000001 0x00000000 0x00000000
0x16ff9ec10: 0x40079860 0x00000c00 0x10a04220 0x00000001
0x16ff9ec20: 0x00000000 0x00000000 0x0000002e 0x00000001
0x16ff9ec30: 0x00000000 0x00000000 0x0000002e 0x00000000
0x16ff9ec40: 0x10a04220 0x00000001 0x00000000 0x00000000
0x16ff9ec50: 0x00000000 0x00000000 0xe0510068 0xb82ff30b
0x16ff9ec60: 0x00000000 0x00000000 0x00000000 0x00000000
0x16ff9ec70: 0x4bf556a8 0x00000001 0x00000061 0x00000000
0x16ff9ec80: 0x00000000 0x00000000 0x00002710 0x00000000
0x16ff9ec90: 0x1ba0a0e8 0x00000001 0x00000062 0x00000000
0x16ff9eca0: 0x6ff9ee20 0x00000001 0x6ff9ee18 0x00000001
0x16ff9ecb0: 0x6ff9ee00 0x00000001 0x0021bfac 0x00000001
0x16ff9ecc0: 0x6ff9f0e0 0x00000001 0x00000000 0x00000000
0x16ff9ecd0: 0x4bf556a8 0x00000001 0x00000000 0x00000000
0x16ff9ece0: 0x00000000 0x00000000 0x00000200 0x00000000
0x16ff9ecf0: 0x7fffffff 0x00000001 0x00000008 0x00000000
0x16ff9ed00: 0x00000200 0x00000000 0x00000020 0x00000001
0x16ff9ed10: 0x10a05020 0x00000001 0x10a05200 0x00000001
0x16ff9ed20: 0x10a05020 0x00000001 0x00000000 0x00000000
0x16ff9ed30: 0x00000000 0x00000000 0x00640100 0x00000001
0x16ff9ed40: 0x00000004 0x00000000 0x9d020100 0x00000001
0x16ff9ed50: 0x00000000 0x00000000 0x00771cf0 0x62000001
0x16ff9ed60: 0x00000000 0x00000000 0x00000000 0x00000000
0x16ff9ed70: 0x00000000 0x00000000 0x00771cf0 0x61000001
0x16ff9ed80: 0x10a044e0 0x00000001 0x10a04500 0x00000001
0x16ff9ed90: 0x10a04500 0x00000001 0x00634000 0x00000001
0x16ff9eda0: 0x6ff9ede0 0x00000001 0x9d027be8 0x00000001
0x16ff9edb0: 0x005d39a8 0x00000001 0xe0510068 0xb82ff30b
0x16ff9edc0: 0x4bf556a8 0x00000001 0x4bf556c0 0x00000001
0x16ff9edd0: 0x005d39a8 0x00000001 0x01090000 0x00000000
0x16ff9ede0: 0x1ba0a020 0x00000001 0x1ba0a020 0x00000001
0x16ff9edf0: 0x6ff9eeec 0x00000001 0x6ff9eef0 0x00000001
0x16ff9ee00: 0x6ff9ee60 0x00000001 0x0021b598 0x00000001
0x16ff9ee10: 0x00000000 0x00000000 0x00000000 0x00000000
0x16ff9ee20: 0x4bf55662 0x00000001 0x00000000 0x00000000
0x16ff9ee30: 0x005d3961 0x00000001 0x10a04550 0x00000001
0x16ff9ee40: 0x1ba0a020 0x00000001 0x4bf55410 0x00000001
0x16ff9ee50: 0x4bf55640 0x00000001 0x6ff9ee90 0x00000001
0x16ff9ee60: 0x6ff9ef70 0x00000001 0x0030137c 0x00000001
0x16ff9ee70: 0x6ff9ef10 0x00000001 0x005d39b8 0x00000001
0x16ff9ee80: 0x00000001 0x00000000 0x00595b10 0x00000001
0x16ff9ee90: 0x1b909af0 0x00000001 0x9d027be8 0x00000001
0x16ff9eea0: 0x005d5000 0x00000001 0x00000000 0x00000000
0x16ff9eeb0: 0x00000003 0x00000000 0x00000000 0x00000000
0x16ff9eec0: 0x00000000 0x00000000 0xe0510068 0xb82ff30b
(lldb) (unsigned int) $15 = 16
(lldb) Process 6589 resuming
Process 6589 stopped
* thread #7, stop reason = breakpoint 2.1
    frame #0: 0x0000000100014328 H90 Control`___lldb_unnamed_symbol866
H90 Control`___lldb_unnamed_symbol866:
->  0x100014328 <+0>:  stp    d9, d8, [sp, #-0x40]!
    0x10001432c <+4>:  stp    x22, x21, [sp, #0x10]
    0x100014330 <+8>:  stp    x20, x19, [sp, #0x20]
    0x100014334 <+12>: stp    x29, x30, [sp, #0x30]
Target 0: (H90 Control) stopped.
(lldb) continue
Process 6589 resuming
Process 6589 stopped
* thread #20, name = 'ThreadWithProgressView', stop reason = breakpoint 1.1
    frame #0: 0x000000010001336c H90 Control`___lldb_unnamed_symbol857 + 704
H90 Control`___lldb_unnamed_symbol857:
->  0x10001336c <+704>: bl     0x100477330               ; symbol stub for: MIDISendEventList
    0x100013370 <+708>: b      0x100013380               ; <+724>
    0x100013374 <+712>: mov    x0, x1
    0x100013378 <+716>: mov    x1, x2
Target 0: (H90 Control) stopped.
(lldb) script print("==BP=1 n=9==")
script print("SEND")
thread info
==BP=1 n=9==
(lldb) thread backtrace -c 30
SEND
(lldb) register read x0 x1 x2 x3 x4
thread #20: tid = 0xb257, 0x000000010001336c H90 Control`___lldb_unnamed_symbol857 + 704, name = 'ThreadWithProgressView', stop reason = breakpoint 1.1

(lldb) memory read -f x -c 300 -s 4 --force $x2
* thread #20, name = 'ThreadWithProgressView', stop reason = breakpoint 1.1
  * frame #0: 0x000000010001336c H90 Control`___lldb_unnamed_symbol857 + 704
    frame #1: 0x000000010021e068 H90 Control`___lldb_unnamed_symbol7315 + 220
    frame #2: 0x000000010021bfac H90 Control`___lldb_unnamed_symbol7310 + 328
    frame #3: 0x0000000100244734 H90 Control`___lldb_unnamed_symbol7668 + 140
    frame #4: 0x00000001003013fc H90 Control`___lldb_unnamed_symbol9370 + 2248
    frame #5: 0x0000000100034584 H90 Control`___lldb_unnamed_symbol1223 + 788
    frame #6: 0x000000019d227c0c libsystem_pthread.dylib`_pthread_start + 136
(lldb) expr -- (*(unsigned int*)($x2 + 16)) & 0xffff
      x0 = 0x00000000011b4090
      x1 = 0x00000000011b4013
      x2 = 0x000000016ff9e9f0
      x3 = 0x0000000e801c6606
      x4 = 0x0000000000000002
(lldb) continue
0x16ff9e9f0: 0x00000001 0x00000001 0x801c6606 0x0000000e
0x16ff9ea00: 0x00000012 0x30161c77 0x00016200 0x3026650c
0x16ff9ea10: 0x00000000 0x30260100 0x06000e00 0x30264000
0x16ff9ea20: 0x00020000 0x30260000 0x00002019 0x30260600
0x16ff9ea30: 0x00004000 0x30260002 0x00000010 0x30260000
0x16ff9ea40: 0x01000000 0x30353c0d 0x00000000 0x00000000
0x16ff9ea50: 0x00000000 0x00000000 0x00000000 0x00000000
0x16ff9ea60: 0x00000000 0x00000000 0x00000000 0x00000000
0x16ff9ea70: 0x00000000 0x00000000 0x00000000 0x00000000
0x16ff9ea80: 0x00000000 0x00000000 0x00000000 0x00000000
0x16ff9ea90: 0x00000000 0x00000000 0x00000000 0x00000000
0x16ff9eaa0: 0x00000000 0x00000000 0x00000000 0x00000000
0x16ff9eab0: 0x00000000 0x00000000 0x00000000 0x00000000
0x16ff9eac0: 0x00000000 0x00000000 0x00000000 0x00000000
0x16ff9ead0: 0x00000000 0x00000000 0x00000000 0x00000000
0x16ff9eae0: 0x00000000 0x00000000 0x00000000 0x00000000
0x16ff9eaf0: 0x00000000 0x00000000 0x00000000 0x00000000
0x16ff9eb00: 0x00000000 0x00000001 0x001e70a0 0x00000001
0x16ff9eb10: 0x801c6606 0x0000000e 0x011b4013 0x011b4090
0x16ff9eb20: 0x6ff9eb28 0x00000001 0x30353c0d 0x00000000
0x16ff9eb30: 0x6ff9e9a8 0x00000001 0x6ff9e9e8 0x00000001
0x16ff9eb40: 0x6ff9e9c0 0x00000001 0x6ff9e9d8 0x00000001
0x16ff9eb50: 0x4bf58170 0x00000001 0x4bf581b0 0x00000001
0x16ff9eb60: 0x00000000 0x00000000 0x1ba0a040 0x00000001
0x16ff9eb70: 0x6ff9ebe8 0x00000001 0x00007530 0x00000000
0x16ff9eb80: 0x1ba0a0e8 0x00000001 0x00000000 0x00000000
0x16ff9eb90: 0x6ff9ed48 0x00000001 0x00000066 0x00000000
0x16ff9eba0: 0x6ff9ed28 0x00000001 0x6ff9eca0 0x00000001
0x16ff9ebb0: 0x6ff9ec80 0x00000001 0x0021e068 0x00000001
0x16ff9ebc0: 0x00000000 0x00000000 0x4bf642b0 0x00000001
0x16ff9ebd0: 0x4bf64288 0x00000001 0x00000000 0x00000000
0x16ff9ebe0: 0x40079860 0x00000c00 0x4bfad490 0x00000001
0x16ff9ebf0: 0x00000000 0x00000000 0x00000037 0x00000001
0x16ff9ec00: 0x00000000 0x00000000 0x00000037 0x00000000
0x16ff9ec10: 0x4bfad490 0x00000001 0x00000000 0x00000000
0x16ff9ec20: 0x00000000 0x00000000 0xe0510068 0xb82ff30b
0x16ff9ec30: 0x00000000 0x00000000 0x00000000 0x00000000
0x16ff9ec40: 0x4bf556a8 0x00000001 0x00000065 0x00000000
0x16ff9ec50: 0x00000000 0x00000000 0x00007530 0x00000000
0x16ff9ec60: 0x1ba0a0e8 0x00000001 0x00000066 0x00000000
0x16ff9ec70: 0x6ff9edf0 0x00000001 0x6ff9ede8 0x00000001
0x16ff9ec80: 0x6ff9edd0 0x00000001 0x0021bfac 0x00000001
0x16ff9ec90: 0x1ba0a0e8 0x00000001 0x00000062 0x00000000
0x16ff9eca0: 0x6ff9ee20 0x00000001 0x00000000 0x00000000
0x16ff9ecb0: 0x6ff9ee00 0x00000001 0x00000200 0x00000000
0x16ff9ecc0: 0x7fffffff 0x00000001 0x00000008 0x00000000
0x16ff9ecd0: 0x00000200 0x00000000 0x00000028 0x00000000
0x16ff9ece0: 0x4bf640b0 0x00000001 0x4bf64288 0x00000001
0x16ff9ecf0: 0x4bf640b0 0x00000001 0x00000000 0x00000000
0x16ff9ed00: 0x00000000 0x00000000 0x6ff90100 0x00000001
0x16ff9ed10: 0x00000004 0x00000000 0x10a00100 0x00000001
0x16ff9ed20: 0x00000000 0x00000000 0x00771cf0 0x66000001
0x16ff9ed30: 0x00000000 0x00000000 0x00000000 0x00000000
0x16ff9ed40: 0x00000000 0x00000000 0x00771cf0 0x65000001
0x16ff9ed50: 0x4bfb1a10 0x00000001 0x4bfb1a38 0x00000001
0x16ff9ed60: 0x4bfb1a38 0x00000001 0x00634000 0x00000001
0x16ff9ed70: 0x6ff9edb0 0x00000001 0x9d027be8 0x00000001
0x16ff9ed80: 0x005d39a8 0x00000001 0xe0510068 0xb82ff30b
0x16ff9ed90: 0x4bf556a8 0x00000001 0x4bf556c0 0x00000001
0x16ff9eda0: 0x005d39a8 0x00000001 0x00000000 0x00000000
0x16ff9edb0: 0x0000035e 0x00000000 0x1ba0a020 0x00000001
0x16ff9edc0: 0x6ff9eef0 0x00000001 0x6ff9eed0 0x00000001
0x16ff9edd0: 0x6ff9ee60 0x00000001 0x00244734 0x00000001
0x16ff9ede0: 0x1ba0a020 0x00000001 0x1ba0a020 0x00000001
0x16ff9edf0: 0x6ff9ee66 0x00000001 0x00000000 0x00000000
0x16ff9ee00: 0x6ff9ee65 0x00000001 0x4bf4f1b0 0x00000001
0x16ff9ee10: 0x00000000 0x00000000 0x00000000 0x00000000
0x16ff9ee20: 0x4bf556a8 0x00000001 0x4bf556c0 0x00000001
0x16ff9ee30: 0x005d39a8 0x00000001 0x01090000 0x00000000
0x16ff9ee40: 0x1ba0a020 0x00000001 0x4bf55410 0x00000001
0x16ff9ee50: 0x4bf55640 0x00000001 0x6ff9ee90 0x00000001
0x16ff9ee60: 0x6ff9ef70 0x00000001 0x003013fc 0x00000001
0x16ff9ee70: 0x6ff9ef10 0x00000001 0x005d39b8 0x00000001
0x16ff9ee80: 0x00000001 0x00000000 0x00595b10 0x00000001
0x16ff9ee90: 0x1b909af0 0x00000001 0x9d027be8 0x00000001
(lldb) (unsigned int) $17 = 18
(lldb) Process 6589 resuming
Process 6589 stopped
* thread #7, stop reason = breakpoint 2.1
    frame #0: 0x0000000100014328 H90 Control`___lldb_unnamed_symbol866
H90 Control`___lldb_unnamed_symbol866:
->  0x100014328 <+0>:  stp    d9, d8, [sp, #-0x40]!
    0x10001432c <+4>:  stp    x22, x21, [sp, #0x10]
    0x100014330 <+8>:  stp    x20, x19, [sp, #0x20]
    0x100014334 <+12>: stp    x29, x30, [sp, #0x30]
Target 0: (H90 Control) stopped.
(lldb) continue
Process 6589 resuming
Process 6589 stopped
* thread #7, stop reason = breakpoint 2.1
    frame #0: 0x0000000100014328 H90 Control`___lldb_unnamed_symbol866
H90 Control`___lldb_unnamed_symbol866:
->  0x100014328 <+0>:  stp    d9, d8, [sp, #-0x40]!
    0x10001432c <+4>:  stp    x22, x21, [sp, #0x10]
    0x100014330 <+8>:  stp    x20, x19, [sp, #0x20]
    0x100014334 <+12>: stp    x29, x30, [sp, #0x30]
Target 0: (H90 Control) stopped.
(lldb) continue
Process 6589 resuming
Process 6589 stopped
* thread #7, stop reason = breakpoint 2.1
    frame #0: 0x0000000100014328 H90 Control`___lldb_unnamed_symbol866
H90 Control`___lldb_unnamed_symbol866:
->  0x100014328 <+0>:  stp    d9, d8, [sp, #-0x40]!
    0x10001432c <+4>:  stp    x22, x21, [sp, #0x10]
    0x100014330 <+8>:  stp    x20, x19, [sp, #0x20]
    0x100014334 <+12>: stp    x29, x30, [sp, #0x30]
Target 0: (H90 Control) stopped.
(lldb) continue
Process 6589 resuming
Process 6589 stopped
* thread #7, stop reason = breakpoint 2.1
    frame #0: 0x0000000100014328 H90 Control`___lldb_unnamed_symbol866
H90 Control`___lldb_unnamed_symbol866:
->  0x100014328 <+0>:  stp    d9, d8, [sp, #-0x40]!
    0x10001432c <+4>:  stp    x22, x21, [sp, #0x10]
    0x100014330 <+8>:  stp    x20, x19, [sp, #0x20]
    0x100014334 <+12>: stp    x29, x30, [sp, #0x30]
Target 0: (H90 Control) stopped.
(lldb) continue
Process 6589 resuming
Process 6589 stopped
* thread #7, stop reason = breakpoint 2.1
    frame #0: 0x0000000100014328 H90 Control`___lldb_unnamed_symbol866
H90 Control`___lldb_unnamed_symbol866:
->  0x100014328 <+0>:  stp    d9, d8, [sp, #-0x40]!
    0x10001432c <+4>:  stp    x22, x21, [sp, #0x10]
    0x100014330 <+8>:  stp    x20, x19, [sp, #0x20]
    0x100014334 <+12>: stp    x29, x30, [sp, #0x30]
Target 0: (H90 Control) stopped.
(lldb) continue
Process 6589 resuming
Process 6589 stopped
* thread #7, stop reason = breakpoint 2.1
    frame #0: 0x0000000100014328 H90 Control`___lldb_unnamed_symbol866
H90 Control`___lldb_unnamed_symbol866:
->  0x100014328 <+0>:  stp    d9, d8, [sp, #-0x40]!
    0x10001432c <+4>:  stp    x22, x21, [sp, #0x10]
    0x100014330 <+8>:  stp    x20, x19, [sp, #0x20]
    0x100014334 <+12>: stp    x29, x30, [sp, #0x30]
Target 0: (H90 Control) stopped.
(lldb) continue
Process 6589 resuming
Process 6589 stopped
* thread #7, stop reason = breakpoint 2.1
    frame #0: 0x0000000100014328 H90 Control`___lldb_unnamed_symbol866
H90 Control`___lldb_unnamed_symbol866:
->  0x100014328 <+0>:  stp    d9, d8, [sp, #-0x40]!
    0x10001432c <+4>:  stp    x22, x21, [sp, #0x10]
    0x100014330 <+8>:  stp    x20, x19, [sp, #0x20]
    0x100014334 <+12>: stp    x29, x30, [sp, #0x30]
Target 0: (H90 Control) stopped.
(lldb) continue
Process 6589 resuming
Process 6589 stopped
* thread #7, stop reason = breakpoint 2.1
    frame #0: 0x0000000100014328 H90 Control`___lldb_unnamed_symbol866
H90 Control`___lldb_unnamed_symbol866:
->  0x100014328 <+0>:  stp    d9, d8, [sp, #-0x40]!
    0x10001432c <+4>:  stp    x22, x21, [sp, #0x10]
    0x100014330 <+8>:  stp    x20, x19, [sp, #0x20]
    0x100014334 <+12>: stp    x29, x30, [sp, #0x30]
Target 0: (H90 Control) stopped.
(lldb) continue
Process 6589 resuming
Process 6589 stopped
* thread #7, stop reason = breakpoint 2.1
    frame #0: 0x0000000100014328 H90 Control`___lldb_unnamed_symbol866
H90 Control`___lldb_unnamed_symbol866:
->  0x100014328 <+0>:  stp    d9, d8, [sp, #-0x40]!
    0x10001432c <+4>:  stp    x22, x21, [sp, #0x10]
    0x100014330 <+8>:  stp    x20, x19, [sp, #0x20]
    0x100014334 <+12>: stp    x29, x30, [sp, #0x30]
Target 0: (H90 Control) stopped.
(lldb) continue
Process 6589 resuming
Process 6589 stopped
* thread #7, stop reason = breakpoint 2.1
    frame #0: 0x0000000100014328 H90 Control`___lldb_unnamed_symbol866
H90 Control`___lldb_unnamed_symbol866:
->  0x100014328 <+0>:  stp    d9, d8, [sp, #-0x40]!
    0x10001432c <+4>:  stp    x22, x21, [sp, #0x10]
    0x100014330 <+8>:  stp    x20, x19, [sp, #0x20]
    0x100014334 <+12>: stp    x29, x30, [sp, #0x30]
Target 0: (H90 Control) stopped.
(lldb) continue
Process 6589 resuming
Process 6589 stopped
* thread #7, stop reason = breakpoint 2.1
    frame #0: 0x0000000100014328 H90 Control`___lldb_unnamed_symbol866
H90 Control`___lldb_unnamed_symbol866:
->  0x100014328 <+0>:  stp    d9, d8, [sp, #-0x40]!
    0x10001432c <+4>:  stp    x22, x21, [sp, #0x10]
    0x100014330 <+8>:  stp    x20, x19, [sp, #0x20]
    0x100014334 <+12>: stp    x29, x30, [sp, #0x30]
Target 0: (H90 Control) stopped.
(lldb) continue
Process 6589 resuming
Process 6589 stopped
* thread #7, stop reason = breakpoint 2.1
    frame #0: 0x0000000100014328 H90 Control`___lldb_unnamed_symbol866
H90 Control`___lldb_unnamed_symbol866:
->  0x100014328 <+0>:  stp    d9, d8, [sp, #-0x40]!
    0x10001432c <+4>:  stp    x22, x21, [sp, #0x10]
    0x100014330 <+8>:  stp    x20, x19, [sp, #0x20]
    0x100014334 <+12>: stp    x29, x30, [sp, #0x30]
Target 0: (H90 Control) stopped.
(lldb) continue
Process 6589 resuming
Process 6589 stopped
* thread #7, stop reason = breakpoint 2.1
    frame #0: 0x0000000100014328 H90 Control`___lldb_unnamed_symbol866
H90 Control`___lldb_unnamed_symbol866:
->  0x100014328 <+0>:  stp    d9, d8, [sp, #-0x40]!
    0x10001432c <+4>:  stp    x22, x21, [sp, #0x10]
    0x100014330 <+8>:  stp    x20, x19, [sp, #0x20]
    0x100014334 <+12>: stp    x29, x30, [sp, #0x30]
Target 0: (H90 Control) stopped.
(lldb) continue
Process 6589 resuming
Process 6589 stopped
* thread #7, stop reason = breakpoint 2.1
    frame #0: 0x0000000100014328 H90 Control`___lldb_unnamed_symbol866
H90 Control`___lldb_unnamed_symbol866:
->  0x100014328 <+0>:  stp    d9, d8, [sp, #-0x40]!
    0x10001432c <+4>:  stp    x22, x21, [sp, #0x10]
    0x100014330 <+8>:  stp    x20, x19, [sp, #0x20]
    0x100014334 <+12>: stp    x29, x30, [sp, #0x30]
Target 0: (H90 Control) stopped.
(lldb) continue
Process 6589 resuming
Process 6589 stopped
* thread #7, stop reason = breakpoint 2.1
    frame #0: 0x0000000100014328 H90 Control`___lldb_unnamed_symbol866
H90 Control`___lldb_unnamed_symbol866:
->  0x100014328 <+0>:  stp    d9, d8, [sp, #-0x40]!
    0x10001432c <+4>:  stp    x22, x21, [sp, #0x10]
    0x100014330 <+8>:  stp    x20, x19, [sp, #0x20]
    0x100014334 <+12>: stp    x29, x30, [sp, #0x30]
Target 0: (H90 Control) stopped.
(lldb) continue
Process 6589 resuming
Process 6589 stopped
* thread #7, stop reason = breakpoint 2.1
    frame #0: 0x0000000100014328 H90 Control`___lldb_unnamed_symbol866
H90 Control`___lldb_unnamed_symbol866:
->  0x100014328 <+0>:  stp    d9, d8, [sp, #-0x40]!
    0x10001432c <+4>:  stp    x22, x21, [sp, #0x10]
    0x100014330 <+8>:  stp    x20, x19, [sp, #0x20]
    0x100014334 <+12>: stp    x29, x30, [sp, #0x30]
Target 0: (H90 Control) stopped.
(lldb) continue
Process 6589 resuming
Process 6589 stopped
* thread #7, stop reason = breakpoint 2.1
    frame #0: 0x0000000100014328 H90 Control`___lldb_unnamed_symbol866
H90 Control`___lldb_unnamed_symbol866:
->  0x100014328 <+0>:  stp    d9, d8, [sp, #-0x40]!
    0x10001432c <+4>:  stp    x22, x21, [sp, #0x10]
    0x100014330 <+8>:  stp    x20, x19, [sp, #0x20]
    0x100014334 <+12>: stp    x29, x30, [sp, #0x30]
Target 0: (H90 Control) stopped.
(lldb) continue
Process 6589 resuming
Process 6589 stopped
* thread #7, stop reason = breakpoint 2.1
    frame #0: 0x0000000100014328 H90 Control`___lldb_unnamed_symbol866
H90 Control`___lldb_unnamed_symbol866:
->  0x100014328 <+0>:  stp    d9, d8, [sp, #-0x40]!
    0x10001432c <+4>:  stp    x22, x21, [sp, #0x10]
    0x100014330 <+8>:  stp    x20, x19, [sp, #0x20]
    0x100014334 <+12>: stp    x29, x30, [sp, #0x30]
Target 0: (H90 Control) stopped.
(lldb) continue
Process 6589 resuming
Process 6589 stopped
* thread #7, stop reason = breakpoint 2.1
    frame #0: 0x0000000100014328 H90 Control`___lldb_unnamed_symbol866
H90 Control`___lldb_unnamed_symbol866:
->  0x100014328 <+0>:  stp    d9, d8, [sp, #-0x40]!
    0x10001432c <+4>:  stp    x22, x21, [sp, #0x10]
    0x100014330 <+8>:  stp    x20, x19, [sp, #0x20]
    0x100014334 <+12>: stp    x29, x30, [sp, #0x30]
Target 0: (H90 Control) stopped.
(lldb) continue
Process 6589 resuming
Process 6589 stopped
* thread #7, stop reason = breakpoint 2.1
    frame #0: 0x0000000100014328 H90 Control`___lldb_unnamed_symbol866
H90 Control`___lldb_unnamed_symbol866:
->  0x100014328 <+0>:  stp    d9, d8, [sp, #-0x40]!
    0x10001432c <+4>:  stp    x22, x21, [sp, #0x10]
    0x100014330 <+8>:  stp    x20, x19, [sp, #0x20]
    0x100014334 <+12>: stp    x29, x30, [sp, #0x30]
Target 0: (H90 Control) stopped.
(lldb) continue
Process 6589 resuming
Process 6589 stopped
* thread #7, stop reason = breakpoint 2.1
    frame #0: 0x0000000100014328 H90 Control`___lldb_unnamed_symbol866
H90 Control`___lldb_unnamed_symbol866:
->  0x100014328 <+0>:  stp    d9, d8, [sp, #-0x40]!
    0x10001432c <+4>:  stp    x22, x21, [sp, #0x10]
    0x100014330 <+8>:  stp    x20, x19, [sp, #0x20]
    0x100014334 <+12>: stp    x29, x30, [sp, #0x30]
Target 0: (H90 Control) stopped.
(lldb) continue
Process 6589 resuming
Process 6589 stopped
* thread #7, stop reason = breakpoint 2.1
    frame #0: 0x0000000100014328 H90 Control`___lldb_unnamed_symbol866
H90 Control`___lldb_unnamed_symbol866:
->  0x100014328 <+0>:  stp    d9, d8, [sp, #-0x40]!
    0x10001432c <+4>:  stp    x22, x21, [sp, #0x10]
    0x100014330 <+8>:  stp    x20, x19, [sp, #0x20]
    0x100014334 <+12>: stp    x29, x30, [sp, #0x30]
Target 0: (H90 Control) stopped.
(lldb) continue
Process 6589 resuming
Process 6589 stopped
* thread #7, stop reason = breakpoint 2.1
    frame #0: 0x0000000100014328 H90 Control`___lldb_unnamed_symbol866
H90 Control`___lldb_unnamed_symbol866:
->  0x100014328 <+0>:  stp    d9, d8, [sp, #-0x40]!
    0x10001432c <+4>:  stp    x22, x21, [sp, #0x10]
    0x100014330 <+8>:  stp    x20, x19, [sp, #0x20]
    0x100014334 <+12>: stp    x29, x30, [sp, #0x30]
Target 0: (H90 Control) stopped.
(lldb) continue
Process 6589 resuming
Process 6589 stopped
* thread #7, stop reason = breakpoint 2.1
    frame #0: 0x0000000100014328 H90 Control`___lldb_unnamed_symbol866
H90 Control`___lldb_unnamed_symbol866:
->  0x100014328 <+0>:  stp    d9, d8, [sp, #-0x40]!
    0x10001432c <+4>:  stp    x22, x21, [sp, #0x10]
    0x100014330 <+8>:  stp    x20, x19, [sp, #0x20]
    0x100014334 <+12>: stp    x29, x30, [sp, #0x30]
Target 0: (H90 Control) stopped.
(lldb) continue
Process 6589 resuming
Process 6589 stopped
* thread #7, stop reason = breakpoint 2.1
    frame #0: 0x0000000100014328 H90 Control`___lldb_unnamed_symbol866
H90 Control`___lldb_unnamed_symbol866:
->  0x100014328 <+0>:  stp    d9, d8, [sp, #-0x40]!
    0x10001432c <+4>:  stp    x22, x21, [sp, #0x10]
    0x100014330 <+8>:  stp    x20, x19, [sp, #0x20]
    0x100014334 <+12>: stp    x29, x30, [sp, #0x30]
Target 0: (H90 Control) stopped.
(lldb) continue
Process 6589 resuming
Process 6589 stopped
* thread #7, stop reason = breakpoint 2.1
    frame #0: 0x0000000100014328 H90 Control`___lldb_unnamed_symbol866
H90 Control`___lldb_unnamed_symbol866:
->  0x100014328 <+0>:  stp    d9, d8, [sp, #-0x40]!
    0x10001432c <+4>:  stp    x22, x21, [sp, #0x10]
    0x100014330 <+8>:  stp    x20, x19, [sp, #0x20]
    0x100014334 <+12>: stp    x29, x30, [sp, #0x30]
Target 0: (H90 Control) stopped.
(lldb) continue
Process 6589 resuming
Process 6589 stopped
* thread #7, stop reason = breakpoint 2.1
    frame #0: 0x0000000100014328 H90 Control`___lldb_unnamed_symbol866
H90 Control`___lldb_unnamed_symbol866:
->  0x100014328 <+0>:  stp    d9, d8, [sp, #-0x40]!
    0x10001432c <+4>:  stp    x22, x21, [sp, #0x10]
    0x100014330 <+8>:  stp    x20, x19, [sp, #0x20]
    0x100014334 <+12>: stp    x29, x30, [sp, #0x30]
Target 0: (H90 Control) stopped.
(lldb) continue
Process 6589 resuming
Process 6589 stopped
* thread #7, stop reason = breakpoint 2.1
    frame #0: 0x0000000100014328 H90 Control`___lldb_unnamed_symbol866
H90 Control`___lldb_unnamed_symbol866:
->  0x100014328 <+0>:  stp    d9, d8, [sp, #-0x40]!
    0x10001432c <+4>:  stp    x22, x21, [sp, #0x10]
    0x100014330 <+8>:  stp    x20, x19, [sp, #0x20]
    0x100014334 <+12>: stp    x29, x30, [sp, #0x30]
Target 0: (H90 Control) stopped.
(lldb) continue
Process 6589 resuming
Process 6589 stopped
* thread #7, stop reason = breakpoint 2.1
    frame #0: 0x0000000100014328 H90 Control`___lldb_unnamed_symbol866
H90 Control`___lldb_unnamed_symbol866:
->  0x100014328 <+0>:  stp    d9, d8, [sp, #-0x40]!
    0x10001432c <+4>:  stp    x22, x21, [sp, #0x10]
    0x100014330 <+8>:  stp    x20, x19, [sp, #0x20]
    0x100014334 <+12>: stp    x29, x30, [sp, #0x30]
Target 0: (H90 Control) stopped.
(lldb) continue
Process 6589 resuming
Process 6589 stopped
* thread #7, stop reason = breakpoint 2.1
    frame #0: 0x0000000100014328 H90 Control`___lldb_unnamed_symbol866
H90 Control`___lldb_unnamed_symbol866:
->  0x100014328 <+0>:  stp    d9, d8, [sp, #-0x40]!
    0x10001432c <+4>:  stp    x22, x21, [sp, #0x10]
    0x100014330 <+8>:  stp    x20, x19, [sp, #0x20]
    0x100014334 <+12>: stp    x29, x30, [sp, #0x30]
Target 0: (H90 Control) stopped.
(lldb) continue
Process 6589 resuming
Process 6589 stopped
* thread #7, stop reason = breakpoint 2.1
    frame #0: 0x0000000100014328 H90 Control`___lldb_unnamed_symbol866
H90 Control`___lldb_unnamed_symbol866:
->  0x100014328 <+0>:  stp    d9, d8, [sp, #-0x40]!
    0x10001432c <+4>:  stp    x22, x21, [sp, #0x10]
    0x100014330 <+8>:  stp    x20, x19, [sp, #0x20]
    0x100014334 <+12>: stp    x29, x30, [sp, #0x30]
Target 0: (H90 Control) stopped.
(lldb) continue
Process 6589 resuming
Process 6589 stopped
* thread #7, stop reason = breakpoint 2.1
    frame #0: 0x0000000100014328 H90 Control`___lldb_unnamed_symbol866
H90 Control`___lldb_unnamed_symbol866:
->  0x100014328 <+0>:  stp    d9, d8, [sp, #-0x40]!
    0x10001432c <+4>:  stp    x22, x21, [sp, #0x10]
    0x100014330 <+8>:  stp    x20, x19, [sp, #0x20]
    0x100014334 <+12>: stp    x29, x30, [sp, #0x30]
Target 0: (H90 Control) stopped.
(lldb) continue
Process 6589 resuming
Process 6589 stopped
* thread #7, stop reason = breakpoint 2.1
    frame #0: 0x0000000100014328 H90 Control`___lldb_unnamed_symbol866
H90 Control`___lldb_unnamed_symbol866:
->  0x100014328 <+0>:  stp    d9, d8, [sp, #-0x40]!
    0x10001432c <+4>:  stp    x22, x21, [sp, #0x10]
    0x100014330 <+8>:  stp    x20, x19, [sp, #0x20]
    0x100014334 <+12>: stp    x29, x30, [sp, #0x30]
Target 0: (H90 Control) stopped.
(lldb) continue
Process 6589 resuming
Process 6589 stopped
* thread #7, stop reason = breakpoint 2.1
    frame #0: 0x0000000100014328 H90 Control`___lldb_unnamed_symbol866
H90 Control`___lldb_unnamed_symbol866:
->  0x100014328 <+0>:  stp    d9, d8, [sp, #-0x40]!
    0x10001432c <+4>:  stp    x22, x21, [sp, #0x10]
    0x100014330 <+8>:  stp    x20, x19, [sp, #0x20]
    0x100014334 <+12>: stp    x29, x30, [sp, #0x30]
Target 0: (H90 Control) stopped.
(lldb) continue
Process 6589 resuming
Process 6589 stopped
* thread #7, stop reason = breakpoint 2.1
    frame #0: 0x0000000100014328 H90 Control`___lldb_unnamed_symbol866
H90 Control`___lldb_unnamed_symbol866:
->  0x100014328 <+0>:  stp    d9, d8, [sp, #-0x40]!
    0x10001432c <+4>:  stp    x22, x21, [sp, #0x10]
    0x100014330 <+8>:  stp    x20, x19, [sp, #0x20]
    0x100014334 <+12>: stp    x29, x30, [sp, #0x30]
Target 0: (H90 Control) stopped.
(lldb) continue
Process 6589 resuming
Process 6589 stopped
* thread #7, stop reason = breakpoint 2.1
    frame #0: 0x0000000100014328 H90 Control`___lldb_unnamed_symbol866
H90 Control`___lldb_unnamed_symbol866:
->  0x100014328 <+0>:  stp    d9, d8, [sp, #-0x40]!
    0x10001432c <+4>:  stp    x22, x21, [sp, #0x10]
    0x100014330 <+8>:  stp    x20, x19, [sp, #0x20]
    0x100014334 <+12>: stp    x29, x30, [sp, #0x30]
Target 0: (H90 Control) stopped.
(lldb) continue
Process 6589 resuming
Process 6589 stopped
* thread #7, stop reason = breakpoint 2.1
    frame #0: 0x0000000100014328 H90 Control`___lldb_unnamed_symbol866
H90 Control`___lldb_unnamed_symbol866:
->  0x100014328 <+0>:  stp    d9, d8, [sp, #-0x40]!
    0x10001432c <+4>:  stp    x22, x21, [sp, #0x10]
    0x100014330 <+8>:  stp    x20, x19, [sp, #0x20]
    0x100014334 <+12>: stp    x29, x30, [sp, #0x30]
Target 0: (H90 Control) stopped.
(lldb) continue
Process 6589 resuming
Process 6589 stopped
* thread #7, stop reason = breakpoint 2.1
    frame #0: 0x0000000100014328 H90 Control`___lldb_unnamed_symbol866
H90 Control`___lldb_unnamed_symbol866:
->  0x100014328 <+0>:  stp    d9, d8, [sp, #-0x40]!
    0x10001432c <+4>:  stp    x22, x21, [sp, #0x10]
    0x100014330 <+8>:  stp    x20, x19, [sp, #0x20]
    0x100014334 <+12>: stp    x29, x30, [sp, #0x30]
Target 0: (H90 Control) stopped.
(lldb) continue
Process 6589 resuming
Process 6589 stopped
* thread #7, stop reason = breakpoint 2.1
    frame #0: 0x0000000100014328 H90 Control`___lldb_unnamed_symbol866
H90 Control`___lldb_unnamed_symbol866:
->  0x100014328 <+0>:  stp    d9, d8, [sp, #-0x40]!
    0x10001432c <+4>:  stp    x22, x21, [sp, #0x10]
    0x100014330 <+8>:  stp    x20, x19, [sp, #0x20]
    0x100014334 <+12>: stp    x29, x30, [sp, #0x30]
Target 0: (H90 Control) stopped.
(lldb) continue
Process 6589 resuming
Process 6589 stopped
* thread #7, stop reason = breakpoint 2.1
    frame #0: 0x0000000100014328 H90 Control`___lldb_unnamed_symbol866
H90 Control`___lldb_unnamed_symbol866:
->  0x100014328 <+0>:  stp    d9, d8, [sp, #-0x40]!
    0x10001432c <+4>:  stp    x22, x21, [sp, #0x10]
    0x100014330 <+8>:  stp    x20, x19, [sp, #0x20]
    0x100014334 <+12>: stp    x29, x30, [sp, #0x30]
Target 0: (H90 Control) stopped.
(lldb) continue
Process 6589 resuming
Process 6589 stopped
* thread #7, stop reason = breakpoint 2.1
    frame #0: 0x0000000100014328 H90 Control`___lldb_unnamed_symbol866
H90 Control`___lldb_unnamed_symbol866:
->  0x100014328 <+0>:  stp    d9, d8, [sp, #-0x40]!
    0x10001432c <+4>:  stp    x22, x21, [sp, #0x10]
    0x100014330 <+8>:  stp    x20, x19, [sp, #0x20]
    0x100014334 <+12>: stp    x29, x30, [sp, #0x30]
Target 0: (H90 Control) stopped.
(lldb) continue
Process 6589 resuming
Process 6589 stopped
* thread #7, stop reason = breakpoint 2.1
    frame #0: 0x0000000100014328 H90 Control`___lldb_unnamed_symbol866
H90 Control`___lldb_unnamed_symbol866:
->  0x100014328 <+0>:  stp    d9, d8, [sp, #-0x40]!
    0x10001432c <+4>:  stp    x22, x21, [sp, #0x10]
    0x100014330 <+8>:  stp    x20, x19, [sp, #0x20]
    0x100014334 <+12>: stp    x29, x30, [sp, #0x30]
Target 0: (H90 Control) stopped.
(lldb) continue
Process 6589 resuming
Process 6589 stopped
* thread #7, stop reason = breakpoint 2.1
    frame #0: 0x0000000100014328 H90 Control`___lldb_unnamed_symbol866
H90 Control`___lldb_unnamed_symbol866:
->  0x100014328 <+0>:  stp    d9, d8, [sp, #-0x40]!
    0x10001432c <+4>:  stp    x22, x21, [sp, #0x10]
    0x100014330 <+8>:  stp    x20, x19, [sp, #0x20]
    0x100014334 <+12>: stp    x29, x30, [sp, #0x30]
Target 0: (H90 Control) stopped.
(lldb) continue
Process 6589 resuming
Process 6589 stopped
* thread #7, stop reason = breakpoint 2.1
    frame #0: 0x0000000100014328 H90 Control`___lldb_unnamed_symbol866
H90 Control`___lldb_unnamed_symbol866:
->  0x100014328 <+0>:  stp    d9, d8, [sp, #-0x40]!
    0x10001432c <+4>:  stp    x22, x21, [sp, #0x10]
    0x100014330 <+8>:  stp    x20, x19, [sp, #0x20]
    0x100014334 <+12>: stp    x29, x30, [sp, #0x30]
Target 0: (H90 Control) stopped.
(lldb) continue
Process 6589 resuming
Process 6589 stopped
* thread #7, stop reason = breakpoint 2.1
    frame #0: 0x0000000100014328 H90 Control`___lldb_unnamed_symbol866
H90 Control`___lldb_unnamed_symbol866:
->  0x100014328 <+0>:  stp    d9, d8, [sp, #-0x40]!
    0x10001432c <+4>:  stp    x22, x21, [sp, #0x10]
    0x100014330 <+8>:  stp    x20, x19, [sp, #0x20]
    0x100014334 <+12>: stp    x29, x30, [sp, #0x30]
Target 0: (H90 Control) stopped.
(lldb) continue
Process 6589 resuming
Process 6589 stopped
* thread #7, stop reason = breakpoint 2.1
    frame #0: 0x0000000100014328 H90 Control`___lldb_unnamed_symbol866
H90 Control`___lldb_unnamed_symbol866:
->  0x100014328 <+0>:  stp    d9, d8, [sp, #-0x40]!
    0x10001432c <+4>:  stp    x22, x21, [sp, #0x10]
    0x100014330 <+8>:  stp    x20, x19, [sp, #0x20]
    0x100014334 <+12>: stp    x29, x30, [sp, #0x30]
Target 0: (H90 Control) stopped.
(lldb) continue
Process 6589 resuming
Process 6589 stopped
* thread #7, stop reason = breakpoint 2.1
    frame #0: 0x0000000100014328 H90 Control`___lldb_unnamed_symbol866
H90 Control`___lldb_unnamed_symbol866:
->  0x100014328 <+0>:  stp    d9, d8, [sp, #-0x40]!
    0x10001432c <+4>:  stp    x22, x21, [sp, #0x10]
    0x100014330 <+8>:  stp    x20, x19, [sp, #0x20]
    0x100014334 <+12>: stp    x29, x30, [sp, #0x30]
Target 0: (H90 Control) stopped.
(lldb) continue
Process 6589 resuming
Process 6589 stopped
* thread #7, stop reason = breakpoint 2.1
    frame #0: 0x0000000100014328 H90 Control`___lldb_unnamed_symbol866
H90 Control`___lldb_unnamed_symbol866:
->  0x100014328 <+0>:  stp    d9, d8, [sp, #-0x40]!
    0x10001432c <+4>:  stp    x22, x21, [sp, #0x10]
    0x100014330 <+8>:  stp    x20, x19, [sp, #0x20]
    0x100014334 <+12>: stp    x29, x30, [sp, #0x30]
Target 0: (H90 Control) stopped.
(lldb) continue
Process 6589 resuming
Process 6589 stopped
* thread #7, stop reason = breakpoint 2.1
    frame #0: 0x0000000100014328 H90 Control`___lldb_unnamed_symbol866
H90 Control`___lldb_unnamed_symbol866:
->  0x100014328 <+0>:  stp    d9, d8, [sp, #-0x40]!
    0x10001432c <+4>:  stp    x22, x21, [sp, #0x10]
    0x100014330 <+8>:  stp    x20, x19, [sp, #0x20]
    0x100014334 <+12>: stp    x29, x30, [sp, #0x30]
Target 0: (H90 Control) stopped.
(lldb) continue
Process 6589 resuming
Process 6589 stopped
* thread #7, stop reason = breakpoint 2.1
    frame #0: 0x0000000100014328 H90 Control`___lldb_unnamed_symbol866
H90 Control`___lldb_unnamed_symbol866:
->  0x100014328 <+0>:  stp    d9, d8, [sp, #-0x40]!
    0x10001432c <+4>:  stp    x22, x21, [sp, #0x10]
    0x100014330 <+8>:  stp    x20, x19, [sp, #0x20]
    0x100014334 <+12>: stp    x29, x30, [sp, #0x30]
Target 0: (H90 Control) stopped.
(lldb) continue
Process 6589 resuming
Process 6589 stopped
* thread #7, stop reason = breakpoint 2.1
    frame #0: 0x0000000100014328 H90 Control`___lldb_unnamed_symbol866
H90 Control`___lldb_unnamed_symbol866:
->  0x100014328 <+0>:  stp    d9, d8, [sp, #-0x40]!
    0x10001432c <+4>:  stp    x22, x21, [sp, #0x10]
    0x100014330 <+8>:  stp    x20, x19, [sp, #0x20]
    0x100014334 <+12>: stp    x29, x30, [sp, #0x30]
Target 0: (H90 Control) stopped.
(lldb) continue
Process 6589 resuming
Process 6589 stopped
* thread #7, stop reason = breakpoint 2.1
    frame #0: 0x0000000100014328 H90 Control`___lldb_unnamed_symbol866
H90 Control`___lldb_unnamed_symbol866:
->  0x100014328 <+0>:  stp    d9, d8, [sp, #-0x40]!
    0x10001432c <+4>:  stp    x22, x21, [sp, #0x10]
    0x100014330 <+8>:  stp    x20, x19, [sp, #0x20]
    0x100014334 <+12>: stp    x29, x30, [sp, #0x30]
Target 0: (H90 Control) stopped.
(lldb) continue
Process 6589 resuming
Process 6589 stopped
* thread #7, stop reason = breakpoint 2.1
    frame #0: 0x0000000100014328 H90 Control`___lldb_unnamed_symbol866
H90 Control`___lldb_unnamed_symbol866:
->  0x100014328 <+0>:  stp    d9, d8, [sp, #-0x40]!
    0x10001432c <+4>:  stp    x22, x21, [sp, #0x10]
    0x100014330 <+8>:  stp    x20, x19, [sp, #0x20]
    0x100014334 <+12>: stp    x29, x30, [sp, #0x30]
Target 0: (H90 Control) stopped.
(lldb) continue
Process 6589 resuming
Process 6589 stopped
* thread #7, stop reason = breakpoint 2.1
    frame #0: 0x0000000100014328 H90 Control`___lldb_unnamed_symbol866
H90 Control`___lldb_unnamed_symbol866:
->  0x100014328 <+0>:  stp    d9, d8, [sp, #-0x40]!
    0x10001432c <+4>:  stp    x22, x21, [sp, #0x10]
    0x100014330 <+8>:  stp    x20, x19, [sp, #0x20]
    0x100014334 <+12>: stp    x29, x30, [sp, #0x30]
Target 0: (H90 Control) stopped.
(lldb) continue
Process 6589 resuming
Process 6589 stopped
* thread #7, stop reason = breakpoint 2.1
    frame #0: 0x0000000100014328 H90 Control`___lldb_unnamed_symbol866
H90 Control`___lldb_unnamed_symbol866:
->  0x100014328 <+0>:  stp    d9, d8, [sp, #-0x40]!
    0x10001432c <+4>:  stp    x22, x21, [sp, #0x10]
    0x100014330 <+8>:  stp    x20, x19, [sp, #0x20]
    0x100014334 <+12>: stp    x29, x30, [sp, #0x30]
Target 0: (H90 Control) stopped.
(lldb) continue
Process 6589 resuming
Process 6589 stopped
* thread #7, stop reason = breakpoint 2.1
    frame #0: 0x0000000100014328 H90 Control`___lldb_unnamed_symbol866
H90 Control`___lldb_unnamed_symbol866:
->  0x100014328 <+0>:  stp    d9, d8, [sp, #-0x40]!
    0x10001432c <+4>:  stp    x22, x21, [sp, #0x10]
    0x100014330 <+8>:  stp    x20, x19, [sp, #0x20]
    0x100014334 <+12>: stp    x29, x30, [sp, #0x30]
Target 0: (H90 Control) stopped.
(lldb) continue
Process 6589 resuming
Process 6589 stopped
* thread #7, stop reason = breakpoint 2.1
    frame #0: 0x0000000100014328 H90 Control`___lldb_unnamed_symbol866
H90 Control`___lldb_unnamed_symbol866:
->  0x100014328 <+0>:  stp    d9, d8, [sp, #-0x40]!
    0x10001432c <+4>:  stp    x22, x21, [sp, #0x10]
    0x100014330 <+8>:  stp    x20, x19, [sp, #0x20]
    0x100014334 <+12>: stp    x29, x30, [sp, #0x30]
Target 0: (H90 Control) stopped.
(lldb) continue
Process 6589 resuming
Process 6589 stopped
* thread #7, stop reason = breakpoint 2.1
    frame #0: 0x0000000100014328 H90 Control`___lldb_unnamed_symbol866
H90 Control`___lldb_unnamed_symbol866:
->  0x100014328 <+0>:  stp    d9, d8, [sp, #-0x40]!
    0x10001432c <+4>:  stp    x22, x21, [sp, #0x10]
    0x100014330 <+8>:  stp    x20, x19, [sp, #0x20]
    0x100014334 <+12>: stp    x29, x30, [sp, #0x30]
Target 0: (H90 Control) stopped.
(lldb) continue
Process 6589 resuming
Process 6589 stopped
* thread #7, stop reason = breakpoint 2.1
    frame #0: 0x0000000100014328 H90 Control`___lldb_unnamed_symbol866
H90 Control`___lldb_unnamed_symbol866:
->  0x100014328 <+0>:  stp    d9, d8, [sp, #-0x40]!
    0x10001432c <+4>:  stp    x22, x21, [sp, #0x10]
    0x100014330 <+8>:  stp    x20, x19, [sp, #0x20]
    0x100014334 <+12>: stp    x29, x30, [sp, #0x30]
Target 0: (H90 Control) stopped.
(lldb) continue
Process 6589 resuming
Process 6589 stopped
* thread #7, stop reason = breakpoint 2.1
    frame #0: 0x0000000100014328 H90 Control`___lldb_unnamed_symbol866
H90 Control`___lldb_unnamed_symbol866:
->  0x100014328 <+0>:  stp    d9, d8, [sp, #-0x40]!
    0x10001432c <+4>:  stp    x22, x21, [sp, #0x10]
    0x100014330 <+8>:  stp    x20, x19, [sp, #0x20]
    0x100014334 <+12>: stp    x29, x30, [sp, #0x30]
Target 0: (H90 Control) stopped.
(lldb) continue
Process 6589 resuming
Process 6589 stopped
* thread #7, stop reason = breakpoint 2.1
    frame #0: 0x0000000100014328 H90 Control`___lldb_unnamed_symbol866
H90 Control`___lldb_unnamed_symbol866:
->  0x100014328 <+0>:  stp    d9, d8, [sp, #-0x40]!
    0x10001432c <+4>:  stp    x22, x21, [sp, #0x10]
    0x100014330 <+8>:  stp    x20, x19, [sp, #0x20]
    0x100014334 <+12>: stp    x29, x30, [sp, #0x30]
Target 0: (H90 Control) stopped.
(lldb) continue
Process 6589 resuming
Process 6589 stopped
* thread #7, stop reason = breakpoint 2.1
    frame #0: 0x0000000100014328 H90 Control`___lldb_unnamed_symbol866
H90 Control`___lldb_unnamed_symbol866:
->  0x100014328 <+0>:  stp    d9, d8, [sp, #-0x40]!
    0x10001432c <+4>:  stp    x22, x21, [sp, #0x10]
    0x100014330 <+8>:  stp    x20, x19, [sp, #0x20]
    0x100014334 <+12>: stp    x29, x30, [sp, #0x30]
Target 0: (H90 Control) stopped.
(lldb) continue
Process 6589 resuming
Process 6589 stopped
* thread #7, stop reason = breakpoint 2.1
    frame #0: 0x0000000100014328 H90 Control`___lldb_unnamed_symbol866
H90 Control`___lldb_unnamed_symbol866:
->  0x100014328 <+0>:  stp    d9, d8, [sp, #-0x40]!
    0x10001432c <+4>:  stp    x22, x21, [sp, #0x10]
    0x100014330 <+8>:  stp    x20, x19, [sp, #0x20]
    0x100014334 <+12>: stp    x29, x30, [sp, #0x30]
Target 0: (H90 Control) stopped.
(lldb) continue
Process 6589 resuming
Process 6589 stopped
* thread #7, stop reason = breakpoint 2.1
    frame #0: 0x0000000100014328 H90 Control`___lldb_unnamed_symbol866
H90 Control`___lldb_unnamed_symbol866:
->  0x100014328 <+0>:  stp    d9, d8, [sp, #-0x40]!
    0x10001432c <+4>:  stp    x22, x21, [sp, #0x10]
    0x100014330 <+8>:  stp    x20, x19, [sp, #0x20]
    0x100014334 <+12>: stp    x29, x30, [sp, #0x30]
Target 0: (H90 Control) stopped.
(lldb) continue
Process 6589 resuming
Process 6589 stopped
* thread #7, stop reason = breakpoint 2.1
    frame #0: 0x0000000100014328 H90 Control`___lldb_unnamed_symbol866
H90 Control`___lldb_unnamed_symbol866:
->  0x100014328 <+0>:  stp    d9, d8, [sp, #-0x40]!
    0x10001432c <+4>:  stp    x22, x21, [sp, #0x10]
    0x100014330 <+8>:  stp    x20, x19, [sp, #0x20]
    0x100014334 <+12>: stp    x29, x30, [sp, #0x30]
Target 0: (H90 Control) stopped.
(lldb) continue
Process 6589 resuming
Process 6589 stopped
* thread #7, stop reason = breakpoint 2.1
    frame #0: 0x0000000100014328 H90 Control`___lldb_unnamed_symbol866
H90 Control`___lldb_unnamed_symbol866:
->  0x100014328 <+0>:  stp    d9, d8, [sp, #-0x40]!
    0x10001432c <+4>:  stp    x22, x21, [sp, #0x10]
    0x100014330 <+8>:  stp    x20, x19, [sp, #0x20]
    0x100014334 <+12>: stp    x29, x30, [sp, #0x30]
Target 0: (H90 Control) stopped.
(lldb) continue
Process 6589 resuming
Process 6589 stopped
* thread #7, stop reason = breakpoint 2.1
    frame #0: 0x0000000100014328 H90 Control`___lldb_unnamed_symbol866
H90 Control`___lldb_unnamed_symbol866:
->  0x100014328 <+0>:  stp    d9, d8, [sp, #-0x40]!
    0x10001432c <+4>:  stp    x22, x21, [sp, #0x10]
    0x100014330 <+8>:  stp    x20, x19, [sp, #0x20]
    0x100014334 <+12>: stp    x29, x30, [sp, #0x30]
Target 0: (H90 Control) stopped.
(lldb) continue
Process 6589 resuming
Process 6589 stopped
* thread #7, stop reason = breakpoint 2.1
    frame #0: 0x0000000100014328 H90 Control`___lldb_unnamed_symbol866
H90 Control`___lldb_unnamed_symbol866:
->  0x100014328 <+0>:  stp    d9, d8, [sp, #-0x40]!
    0x10001432c <+4>:  stp    x22, x21, [sp, #0x10]
    0x100014330 <+8>:  stp    x20, x19, [sp, #0x20]
    0x100014334 <+12>: stp    x29, x30, [sp, #0x30]
Target 0: (H90 Control) stopped.
(lldb) continue
Process 6589 resuming
Process 6589 stopped
* thread #7, stop reason = breakpoint 2.1
    frame #0: 0x0000000100014328 H90 Control`___lldb_unnamed_symbol866
H90 Control`___lldb_unnamed_symbol866:
->  0x100014328 <+0>:  stp    d9, d8, [sp, #-0x40]!
    0x10001432c <+4>:  stp    x22, x21, [sp, #0x10]
    0x100014330 <+8>:  stp    x20, x19, [sp, #0x20]
    0x100014334 <+12>: stp    x29, x30, [sp, #0x30]
Target 0: (H90 Control) stopped.
(lldb) continue
Process 6589 resuming
Process 6589 stopped
* thread #7, stop reason = breakpoint 2.1
    frame #0: 0x0000000100014328 H90 Control`___lldb_unnamed_symbol866
H90 Control`___lldb_unnamed_symbol866:
->  0x100014328 <+0>:  stp    d9, d8, [sp, #-0x40]!
    0x10001432c <+4>:  stp    x22, x21, [sp, #0x10]
    0x100014330 <+8>:  stp    x20, x19, [sp, #0x20]
    0x100014334 <+12>: stp    x29, x30, [sp, #0x30]
Target 0: (H90 Control) stopped.
(lldb) continue
Process 6589 resuming
Process 6589 stopped
* thread #7, stop reason = breakpoint 2.1
    frame #0: 0x0000000100014328 H90 Control`___lldb_unnamed_symbol866
H90 Control`___lldb_unnamed_symbol866:
->  0x100014328 <+0>:  stp    d9, d8, [sp, #-0x40]!
    0x10001432c <+4>:  stp    x22, x21, [sp, #0x10]
    0x100014330 <+8>:  stp    x20, x19, [sp, #0x20]
    0x100014334 <+12>: stp    x29, x30, [sp, #0x30]
Target 0: (H90 Control) stopped.
(lldb) continue
Process 6589 resuming
Process 6589 stopped
* thread #7, stop reason = breakpoint 2.1
    frame #0: 0x0000000100014328 H90 Control`___lldb_unnamed_symbol866
H90 Control`___lldb_unnamed_symbol866:
->  0x100014328 <+0>:  stp    d9, d8, [sp, #-0x40]!
    0x10001432c <+4>:  stp    x22, x21, [sp, #0x10]
    0x100014330 <+8>:  stp    x20, x19, [sp, #0x20]
    0x100014334 <+12>: stp    x29, x30, [sp, #0x30]
Target 0: (H90 Control) stopped.
(lldb) continue
Process 6589 resuming
Process 6589 stopped
* thread #7, stop reason = breakpoint 2.1
    frame #0: 0x0000000100014328 H90 Control`___lldb_unnamed_symbol866
H90 Control`___lldb_unnamed_symbol866:
->  0x100014328 <+0>:  stp    d9, d8, [sp, #-0x40]!
    0x10001432c <+4>:  stp    x22, x21, [sp, #0x10]
    0x100014330 <+8>:  stp    x20, x19, [sp, #0x20]
    0x100014334 <+12>: stp    x29, x30, [sp, #0x30]
Target 0: (H90 Control) stopped.
(lldb) continue
Process 6589 resuming
Process 6589 stopped
* thread #7, stop reason = breakpoint 2.1
    frame #0: 0x0000000100014328 H90 Control`___lldb_unnamed_symbol866
H90 Control`___lldb_unnamed_symbol866:
->  0x100014328 <+0>:  stp    d9, d8, [sp, #-0x40]!
    0x10001432c <+4>:  stp    x22, x21, [sp, #0x10]
    0x100014330 <+8>:  stp    x20, x19, [sp, #0x20]
    0x100014334 <+12>: stp    x29, x30, [sp, #0x30]
Target 0: (H90 Control) stopped.
(lldb) continue
Process 6589 resuming
Process 6589 stopped
* thread #7, stop reason = breakpoint 2.1
    frame #0: 0x0000000100014328 H90 Control`___lldb_unnamed_symbol866
H90 Control`___lldb_unnamed_symbol866:
->  0x100014328 <+0>:  stp    d9, d8, [sp, #-0x40]!
    0x10001432c <+4>:  stp    x22, x21, [sp, #0x10]
    0x100014330 <+8>:  stp    x20, x19, [sp, #0x20]
    0x100014334 <+12>: stp    x29, x30, [sp, #0x30]
Target 0: (H90 Control) stopped.
(lldb) continue
Process 6589 resuming
Process 6589 stopped
* thread #20, name = 'ThreadWithProgressView', stop reason = breakpoint 1.1
    frame #0: 0x000000010001336c H90 Control`___lldb_unnamed_symbol857 + 704
H90 Control`___lldb_unnamed_symbol857:
->  0x10001336c <+704>: bl     0x100477330               ; symbol stub for: MIDISendEventList
    0x100013370 <+708>: b      0x100013380               ; <+724>
    0x100013374 <+712>: mov    x0, x1
    0x100013378 <+716>: mov    x1, x2
Target 0: (H90 Control) stopped.
(lldb) script print("==BP=1 n=10==")
script print("SEND")
thread info
==BP=1 n=10==
(lldb) thread backtrace -c 30
SEND
(lldb) register read x0 x1 x2 x3 x4
thread #20: tid = 0xb257, 0x000000010001336c H90 Control`___lldb_unnamed_symbol857 + 704, name = 'ThreadWithProgressView', stop reason = breakpoint 1.1

(lldb) memory read -f x -c 300 -s 4 --force $x2
* thread #20, name = 'ThreadWithProgressView', stop reason = breakpoint 1.1
  * frame #0: 0x000000010001336c H90 Control`___lldb_unnamed_symbol857 + 704
    frame #1: 0x000000010021e068 H90 Control`___lldb_unnamed_symbol7315 + 220
    frame #2: 0x000000010021bfac H90 Control`___lldb_unnamed_symbol7310 + 328
    frame #3: 0x0000000100245e18 H90 Control`___lldb_unnamed_symbol7674 + 108
    frame #4: 0x0000000100301874 H90 Control`___lldb_unnamed_symbol9370 + 3392
    frame #5: 0x0000000100034584 H90 Control`___lldb_unnamed_symbol1223 + 788
    frame #6: 0x000000019d227c0c libsystem_pthread.dylib`_pthread_start + 136
(lldb) expr -- (*(unsigned int*)($x2 + 16)) & 0xffff
      x0 = 0x00000000011b4090
      x1 = 0x00000000011b4013
      x2 = 0x000000016ff9ea10
      x3 = 0x0000000e80ced113
      x4 = 0x0000000000000002
(lldb) continue
0x16ff9ea10: 0x00000001 0x00000001 0x80ced113 0x0000000e
0x16ff9ea20: 0x00000010 0x30161c77 0x00016e00 0x3026230c
0x16ff9ea30: 0x00000000 0x30260100 0x06000e00 0x30264000
0x16ff9ea40: 0x00020000 0x30260000 0x00006008 0x30260400
0x16ff9ea50: 0x00002000 0x30260001 0x00040000 0x30320000
0x16ff9ea60: 0x00000000 0x00000000 0x00000000 0x00000000
0x16ff9ea70: 0x00000000 0x00000000 0x00000000 0x00000000
0x16ff9ea80: 0x00000000 0x00000000 0x00000000 0x00000000
0x16ff9ea90: 0x00000000 0x00000000 0x00000000 0x00000000
0x16ff9eaa0: 0x00000000 0x00000000 0x00000000 0x00000000
0x16ff9eab0: 0x00000000 0x00000000 0x00000000 0x00000000
0x16ff9eac0: 0x00000000 0x00000000 0x00000000 0x00000000
0x16ff9ead0: 0x00000000 0x00000000 0x00000000 0x00000000
0x16ff9eae0: 0x00000000 0x00000000 0x00000000 0x00000000
0x16ff9eaf0: 0x00000000 0x00000000 0x00000000 0x00000000
0x16ff9eb00: 0x00000000 0x00000000 0x00000000 0x00000000
0x16ff9eb10: 0x00000000 0x00000000 0x00000000 0x00000000
0x16ff9eb20: 0x00000000 0x00000001 0x001e70a0 0x00000001
0x16ff9eb30: 0x80ced113 0x0000000e 0x011b4013 0x011b4090
0x16ff9eb40: 0x6ff9eb48 0x00000001 0x30320000 0x00000000
0x16ff9eb50: 0x6ff9e9c8 0x00000001 0x6ff9ea08 0x00000001
0x16ff9eb60: 0x6ff9e9e0 0x00000001 0x6ff9e9f8 0x00000001
0x16ff9eb70: 0x4bf58170 0x00000001 0x4bf581b0 0x00000001
0x16ff9eb80: 0x00000000 0x00000000 0x1ba0a040 0x00000001
0x16ff9eb90: 0x6ff9ec08 0x00000001 0x00007530 0x00000000
0x16ff9eba0: 0x1ba0a0e8 0x00000001 0x00000000 0x00000000
0x16ff9ebb0: 0x6ff9ed68 0x00000001 0x00000024 0x00000000
0x16ff9ebc0: 0x6ff9ed48 0x00000001 0x6ff9ecc0 0x00000001
0x16ff9ebd0: 0x6ff9eca0 0x00000001 0x0021e068 0x00000001
0x16ff9ebe0: 0x00000000 0x00000000 0x4bf63720 0x00000001
0x16ff9ebf0: 0x4bf63700 0x00000001 0x00000000 0x00000000
0x16ff9ec00: 0x40079860 0x00000c00 0x4bf63720 0x00000001
0x16ff9ec10: 0x00000000 0x00000000 0x0000002e 0x00000001
0x16ff9ec20: 0x00000000 0x00000000 0x0000002e 0x00000000
0x16ff9ec30: 0x4bf63720 0x00000001 0x00000000 0x00000000
0x16ff9ec40: 0x00000000 0x00000000 0xe0510068 0xb82ff30b
0x16ff9ec50: 0x00000000 0x00000000 0x00000000 0x00000000
0x16ff9ec60: 0x4bf556a8 0x00000001 0x00000023 0x00000000
0x16ff9ec70: 0x00000000 0x00000000 0x00007530 0x00000000
0x16ff9ec80: 0x1ba0a0e8 0x00000001 0x00000024 0x00000000
0x16ff9ec90: 0x6ff9ee20 0x00000001 0x6ff9ee18 0x00000001
0x16ff9eca0: 0x6ff9edf0 0x00000001 0x0021bfac 0x00000001
0x16ff9ecb0: 0x00000002 0x00000000 0x4bf04000 0x00000001
0x16ff9ecc0: 0x00000002 0x0000000a 0x00000000 0x00000000
0x16ff9ecd0: 0x00000000 0x00000000 0x00000200 0x00000000
0x16ff9ece0: 0x7fffffff 0x00000000 0x00000008 0x00000000
0x16ff9ecf0: 0x00000200 0x00000000 0x00000020 0x00000000
0x16ff9ed00: 0x4bf63520 0x00000001 0x4bf63700 0x00000001
0x16ff9ed10: 0x4bf63520 0x00000001 0x00000000 0x00000000
0x16ff9ed20: 0x00000000 0x00000000 0x9d020100 0x00000001
0x16ff9ed30: 0x00000004 0x00000000 0x00000100 0x00000000
0x16ff9ed40: 0x00000000 0x00000000 0x00771cf0 0x24000001
0x16ff9ed50: 0x00000000 0x00000000 0x00000000 0x00000000
0x16ff9ed60: 0x00000000 0x00000000 0x00771cf0 0x23000001
0x16ff9ed70: 0x4bfafff0 0x00000001 0x4bfb0010 0x00000001
0x16ff9ed80: 0x4bfb0010 0x00000001 0x00634000 0x00000001
0x16ff9ed90: 0x6ff9edd0 0x00000001 0x9d027be8 0x00000001
0x16ff9eda0: 0x005d39a8 0x00000001 0xe0510068 0xb82ff30b
0x16ff9edb0: 0x4bf556a8 0x00000001 0x4bf556c0 0x00000001
0x16ff9edc0: 0x005d39a8 0x00000001 0x01090000 0x00000000
0x16ff9edd0: 0x1ba0a020 0x00000001 0x1ba0a020 0x00000001
0x16ff9ede0: 0x6ff9eef0 0x00000001 0x6ff9eec8 0x00000001
0x16ff9edf0: 0x6ff9ee60 0x00000001 0x00245e18 0x00000001
0x16ff9ee00: 0x6ff9ee00 0x00000001 0x00000000 0x00000000
0x16ff9ee10: 0x00000000 0x00000000 0x00000000 0x00000000
0x16ff9ee20: 0x4bf55624 0x00000001 0x00000000 0x00000000
0x16ff9ee30: 0x005d3923 0x00000001 0x4bf4f1b0 0x00000001
0x16ff9ee40: 0x1ba0a020 0x00000001 0x4bf55410 0x00000001
0x16ff9ee50: 0x4bf55640 0x00000001 0x6ff9ee90 0x00000001
0x16ff9ee60: 0x6ff9ef70 0x00000001 0x00301874 0x00000001
0x16ff9ee70: 0x6ff9ef10 0x00000001 0x005d39b8 0x00000001
0x16ff9ee80: 0x00000001 0x00000000 0x00595b10 0x00000001
0x16ff9ee90: 0x1b909af0 0x00000001 0x9d027be8 0x00000001
0x16ff9eea0: 0x005d5000 0x00000001 0x00000000 0x00000000
0x16ff9eeb0: 0x00000003 0x00000000 0x00000000 0x00000000
(lldb) (unsigned int) $19 = 16
(lldb) Process 6589 resuming
Process 6589 stopped
* thread #7, stop reason = breakpoint 2.1
    frame #0: 0x0000000100014328 H90 Control`___lldb_unnamed_symbol866
H90 Control`___lldb_unnamed_symbol866:
->  0x100014328 <+0>:  stp    d9, d8, [sp, #-0x40]!
    0x10001432c <+4>:  stp    x22, x21, [sp, #0x10]
    0x100014330 <+8>:  stp    x20, x19, [sp, #0x20]
    0x100014334 <+12>: stp    x29, x30, [sp, #0x30]
Target 0: (H90 Control) stopped.
(lldb) continue
Process 6589 resuming
Process 6589 stopped
* thread #7, stop reason = breakpoint 2.1
    frame #0: 0x0000000100014328 H90 Control`___lldb_unnamed_symbol866
H90 Control`___lldb_unnamed_symbol866:
->  0x100014328 <+0>:  stp    d9, d8, [sp, #-0x40]!
    0x10001432c <+4>:  stp    x22, x21, [sp, #0x10]
    0x100014330 <+8>:  stp    x20, x19, [sp, #0x20]
    0x100014334 <+12>: stp    x29, x30, [sp, #0x30]
Target 0: (H90 Control) stopped.
(lldb) continue
Process 6589 resuming
Process 6589 stopped
* thread #7, stop reason = breakpoint 2.1
    frame #0: 0x0000000100014328 H90 Control`___lldb_unnamed_symbol866
H90 Control`___lldb_unnamed_symbol866:
->  0x100014328 <+0>:  stp    d9, d8, [sp, #-0x40]!
    0x10001432c <+4>:  stp    x22, x21, [sp, #0x10]
    0x100014330 <+8>:  stp    x20, x19, [sp, #0x20]
    0x100014334 <+12>: stp    x29, x30, [sp, #0x30]
Target 0: (H90 Control) stopped.
(lldb) continue
Process 6589 resuming
Process 6589 stopped
* thread #7, stop reason = breakpoint 2.1
    frame #0: 0x0000000100014328 H90 Control`___lldb_unnamed_symbol866
H90 Control`___lldb_unnamed_symbol866:
->  0x100014328 <+0>:  stp    d9, d8, [sp, #-0x40]!
    0x10001432c <+4>:  stp    x22, x21, [sp, #0x10]
    0x100014330 <+8>:  stp    x20, x19, [sp, #0x20]
    0x100014334 <+12>: stp    x29, x30, [sp, #0x30]
Target 0: (H90 Control) stopped.
(lldb) continue
Process 6589 resuming
Process 6589 stopped
* thread #7, stop reason = breakpoint 2.1
    frame #0: 0x0000000100014328 H90 Control`___lldb_unnamed_symbol866
H90 Control`___lldb_unnamed_symbol866:
->  0x100014328 <+0>:  stp    d9, d8, [sp, #-0x40]!
    0x10001432c <+4>:  stp    x22, x21, [sp, #0x10]
    0x100014330 <+8>:  stp    x20, x19, [sp, #0x20]
    0x100014334 <+12>: stp    x29, x30, [sp, #0x30]
Target 0: (H90 Control) stopped.
(lldb) continue
Process 6589 resuming
Process 6589 stopped
* thread #7, stop reason = breakpoint 2.1
    frame #0: 0x0000000100014328 H90 Control`___lldb_unnamed_symbol866
H90 Control`___lldb_unnamed_symbol866:
->  0x100014328 <+0>:  stp    d9, d8, [sp, #-0x40]!
    0x10001432c <+4>:  stp    x22, x21, [sp, #0x10]
    0x100014330 <+8>:  stp    x20, x19, [sp, #0x20]
    0x100014334 <+12>: stp    x29, x30, [sp, #0x30]
Target 0: (H90 Control) stopped.
(lldb) continue
Process 6589 resuming
Process 6589 stopped
* thread #7, stop reason = breakpoint 2.1
    frame #0: 0x0000000100014328 H90 Control`___lldb_unnamed_symbol866
H90 Control`___lldb_unnamed_symbol866:
->  0x100014328 <+0>:  stp    d9, d8, [sp, #-0x40]!
    0x10001432c <+4>:  stp    x22, x21, [sp, #0x10]
    0x100014330 <+8>:  stp    x20, x19, [sp, #0x20]
    0x100014334 <+12>: stp    x29, x30, [sp, #0x30]
Target 0: (H90 Control) stopped.
(lldb) continue
Process 6589 resuming
Process 6589 stopped
* thread #7, stop reason = breakpoint 2.1
    frame #0: 0x0000000100014328 H90 Control`___lldb_unnamed_symbol866
H90 Control`___lldb_unnamed_symbol866:
->  0x100014328 <+0>:  stp    d9, d8, [sp, #-0x40]!
    0x10001432c <+4>:  stp    x22, x21, [sp, #0x10]
    0x100014330 <+8>:  stp    x20, x19, [sp, #0x20]
    0x100014334 <+12>: stp    x29, x30, [sp, #0x30]
Target 0: (H90 Control) stopped.
(lldb) continue
Process 6589 resuming
Process 6589 stopped
* thread #7, stop reason = breakpoint 2.1
    frame #0: 0x0000000100014328 H90 Control`___lldb_unnamed_symbol866
H90 Control`___lldb_unnamed_symbol866:
->  0x100014328 <+0>:  stp    d9, d8, [sp, #-0x40]!
    0x10001432c <+4>:  stp    x22, x21, [sp, #0x10]
    0x100014330 <+8>:  stp    x20, x19, [sp, #0x20]
    0x100014334 <+12>: stp    x29, x30, [sp, #0x30]
Target 0: (H90 Control) stopped.
(lldb) continue
Process 6589 resuming
Process 6589 stopped
* thread #7, stop reason = breakpoint 2.1
    frame #0: 0x0000000100014328 H90 Control`___lldb_unnamed_symbol866
H90 Control`___lldb_unnamed_symbol866:
->  0x100014328 <+0>:  stp    d9, d8, [sp, #-0x40]!
    0x10001432c <+4>:  stp    x22, x21, [sp, #0x10]
    0x100014330 <+8>:  stp    x20, x19, [sp, #0x20]
    0x100014334 <+12>: stp    x29, x30, [sp, #0x30]
Target 0: (H90 Control) stopped.
(lldb) continue
Process 6589 resuming
Process 6589 stopped
* thread #7, stop reason = breakpoint 2.1
    frame #0: 0x0000000100014328 H90 Control`___lldb_unnamed_symbol866
H90 Control`___lldb_unnamed_symbol866:
->  0x100014328 <+0>:  stp    d9, d8, [sp, #-0x40]!
    0x10001432c <+4>:  stp    x22, x21, [sp, #0x10]
    0x100014330 <+8>:  stp    x20, x19, [sp, #0x20]
    0x100014334 <+12>: stp    x29, x30, [sp, #0x30]
Target 0: (H90 Control) stopped.
(lldb) continue
Process 6589 resuming
Process 6589 stopped
* thread #7, stop reason = breakpoint 2.1
    frame #0: 0x0000000100014328 H90 Control`___lldb_unnamed_symbol866
H90 Control`___lldb_unnamed_symbol866:
->  0x100014328 <+0>:  stp    d9, d8, [sp, #-0x40]!
    0x10001432c <+4>:  stp    x22, x21, [sp, #0x10]
    0x100014330 <+8>:  stp    x20, x19, [sp, #0x20]
    0x100014334 <+12>: stp    x29, x30, [sp, #0x30]
Target 0: (H90 Control) stopped.
(lldb) continue
Process 6589 resuming
Process 6589 stopped
* thread #7, stop reason = breakpoint 2.1
    frame #0: 0x0000000100014328 H90 Control`___lldb_unnamed_symbol866
H90 Control`___lldb_unnamed_symbol866:
->  0x100014328 <+0>:  stp    d9, d8, [sp, #-0x40]!
    0x10001432c <+4>:  stp    x22, x21, [sp, #0x10]
    0x100014330 <+8>:  stp    x20, x19, [sp, #0x20]
    0x100014334 <+12>: stp    x29, x30, [sp, #0x30]
Target 0: (H90 Control) stopped.
(lldb) continue
Process 6589 resuming
Process 6589 stopped
* thread #7, stop reason = breakpoint 2.1
    frame #0: 0x0000000100014328 H90 Control`___lldb_unnamed_symbol866
H90 Control`___lldb_unnamed_symbol866:
->  0x100014328 <+0>:  stp    d9, d8, [sp, #-0x40]!
    0x10001432c <+4>:  stp    x22, x21, [sp, #0x10]
    0x100014330 <+8>:  stp    x20, x19, [sp, #0x20]
    0x100014334 <+12>: stp    x29, x30, [sp, #0x30]
Target 0: (H90 Control) stopped.
(lldb) continue
Process 6589 resuming
Process 6589 stopped
* thread #20, name = 'ThreadWithProgressView', stop reason = breakpoint 1.1
    frame #0: 0x000000010001336c H90 Control`___lldb_unnamed_symbol857 + 704
H90 Control`___lldb_unnamed_symbol857:
->  0x10001336c <+704>: bl     0x100477330               ; symbol stub for: MIDISendEventList
    0x100013370 <+708>: b      0x100013380               ; <+724>
    0x100013374 <+712>: mov    x0, x1
    0x100013378 <+716>: mov    x1, x2
Target 0: (H90 Control) stopped.
(lldb) script print("==BP=1 n=11==")
script print("SEND")
thread info
==BP=1 n=11==
(lldb) thread backtrace -c 30
SEND
(lldb) register read x0 x1 x2 x3 x4
thread #20: tid = 0xb257, 0x000000010001336c H90 Control`___lldb_unnamed_symbol857 + 704, name = 'ThreadWithProgressView', stop reason = breakpoint 1.1

(lldb) memory read -f x -c 300 -s 4 --force $x2
* thread #20, name = 'ThreadWithProgressView', stop reason = breakpoint 1.1
  * frame #0: 0x000000010001336c H90 Control`___lldb_unnamed_symbol857 + 704
    frame #1: 0x000000010021e068 H90 Control`___lldb_unnamed_symbol7315 + 220
    frame #2: 0x000000010021bfac H90 Control`___lldb_unnamed_symbol7310 + 328
    frame #3: 0x0000000100244604 H90 Control`___lldb_unnamed_symbol7667 + 108
    frame #4: 0x00000001003019fc H90 Control`___lldb_unnamed_symbol9370 + 3784
    frame #5: 0x0000000100034584 H90 Control`___lldb_unnamed_symbol1223 + 788
    frame #6: 0x000000019d227c0c libsystem_pthread.dylib`_pthread_start + 136
(lldb) expr -- (*(unsigned int*)($x2 + 16)) & 0xffff
      x0 = 0x00000000011b4090
      x1 = 0x00000000011b4013
      x2 = 0x000000016ff9ea20
      x3 = 0x0000000e80f757f3
      x4 = 0x0000000000000002
(lldb) continue
0x16ff9ea20: 0x00000001 0x00000001 0x80f757f3 0x0000000e
0x16ff9ea30: 0x00000010 0x30161c77 0x00011e00 0x3026630c
0x16ff9ea40: 0x00000000 0x30260100 0x06000e00 0x30264000
0x16ff9ea50: 0x00020000 0x30260000 0x00006018 0x30260400
0x16ff9ea60: 0x00002000 0x30260001 0x00040000 0x30320000
0x16ff9ea70: 0x00000000 0x00000000 0x00000000 0x00000000
0x16ff9ea80: 0x00000000 0x00000000 0x00000000 0x00000000
0x16ff9ea90: 0x00000000 0x00000000 0x00000000 0x00000000
0x16ff9eaa0: 0x00000000 0x00000000 0x00000000 0x00000000
0x16ff9eab0: 0x00000000 0x00000000 0x00000000 0x00000000
0x16ff9eac0: 0x00000000 0x00000000 0x00000000 0x00000000
0x16ff9ead0: 0x00000000 0x00000000 0x00000000 0x00000000
0x16ff9eae0: 0x00000000 0x00000000 0x00000000 0x00000000
0x16ff9eaf0: 0x00000000 0x00000000 0x00000000 0x00000000
0x16ff9eb00: 0x00000000 0x00000000 0x00000000 0x00000000
0x16ff9eb10: 0x00000000 0x00000000 0x00000000 0x00000000
0x16ff9eb20: 0x00000000 0x00000000 0x00000000 0x00000000
0x16ff9eb30: 0x00000000 0x00000001 0x001e70a0 0x00000001
0x16ff9eb40: 0x80f757f3 0x0000000e 0x011b4013 0x011b4090
0x16ff9eb50: 0x6ff9eb58 0x00000001 0x30320000 0x00000000
0x16ff9eb60: 0x6ff9e9d8 0x00000001 0x6ff9ea18 0x00000001
0x16ff9eb70: 0x6ff9e9f0 0x00000001 0x6ff9ea08 0x00000001
0x16ff9eb80: 0x4bea72f0 0x00000001 0x4bea7330 0x00000001
0x16ff9eb90: 0x4bef41a0 0x00000001 0x1ba0a040 0x00000001
0x16ff9eba0: 0x6ff9ec18 0x00000001 0x00002710 0x00000000
0x16ff9ebb0: 0x1ba0a0e8 0x00000001 0x00000000 0x00000000
0x16ff9ebc0: 0x6ff9ed78 0x00000001 0x00000064 0x00000000
0x16ff9ebd0: 0x6ff9ed58 0x00000001 0x6ff9ecd0 0x00000001
0x16ff9ebe0: 0x6ff9ecb0 0x00000001 0x0021e068 0x00000001
0x16ff9ebf0: 0x00000000 0x00000000 0x3c635030 0x00000001
0x16ff9ec00: 0x3c635010 0x00000001 0x00000000 0x00000000
0x16ff9ec10: 0x40079860 0x00000c00 0x4bea0260 0x00000001
0x16ff9ec20: 0x00000000 0x00000000 0x0000002e 0x00000001
0x16ff9ec30: 0x00000000 0x00000000 0x0000002e 0x00000000
0x16ff9ec40: 0x4bea0260 0x00000001 0x00000000 0x00000000
0x16ff9ec50: 0x00000000 0x00000000 0xe0510068 0xb82ff30b
0x16ff9ec60: 0x4bef41a0 0x00000001 0x4bef41a0 0x00000001
0x16ff9ec70: 0x4bf556a8 0x00000001 0x00000063 0x00000000
0x16ff9ec80: 0x00000000 0x00000000 0x00002710 0x00000000
0x16ff9ec90: 0x1ba0a0e8 0x00000001 0x00000064 0x00000000
0x16ff9eca0: 0x6ff9ee20 0x00000001 0x6ff9ee18 0x00000001
0x16ff9ecb0: 0x6ff9ee00 0x00000001 0x0021bfac 0x00000001
0x16ff9ecc0: 0x6ff9f0e0 0x00000001 0x4bef41a0 0x00000001
0x16ff9ecd0: 0x4bf556a8 0x00000001 0x00000000 0x00000000
0x16ff9ece0: 0x00000000 0x00000000 0x00000200 0x00000000
0x16ff9ecf0: 0x7fffffff 0x00000001 0x00000008 0x00000000
0x16ff9ed00: 0x00000200 0x00000000 0x00000020 0x00000001
0x16ff9ed10: 0x3c634e30 0x00000001 0x3c635010 0x00000001
0x16ff9ed20: 0x3c634e30 0x00000001 0x00000000 0x00000000
0x16ff9ed30: 0x00000000 0x00000000 0x00640100 0x00000001
0x16ff9ed40: 0x00000004 0x00000000 0x9d020100 0x00000001
0x16ff9ed50: 0x00000000 0x00000000 0x00771cf0 0x64000001
0x16ff9ed60: 0x00000000 0x00000000 0x00000000 0x00000000
0x16ff9ed70: 0x00000000 0x00000000 0x00771cf0 0x63000001
0x16ff9ed80: 0x4beee470 0x00000001 0x4beee490 0x00000001
0x16ff9ed90: 0x4beee490 0x00000001 0x00634000 0x00000001
0x16ff9eda0: 0x6ff9ede0 0x00000001 0x9d027be8 0x00000001
0x16ff9edb0: 0x005d39a8 0x00000001 0xe0510068 0xb82ff30b
0x16ff9edc0: 0x4bf556a8 0x00000001 0x4bf556c0 0x00000001
0x16ff9edd0: 0x005d39a8 0x00000001 0x00000001 0x00000000
0x16ff9ede0: 0x4beee470 0x00000001 0x1ba0a020 0x00000001
0x16ff9edf0: 0x6ff9eeec 0x00000001 0x6ff9eef0 0x00000001
0x16ff9ee00: 0x6ff9ee60 0x00000001 0x00244604 0x00000001
0x16ff9ee10: 0x6ff9ee30 0x00000001 0x9d1e13e0 0x00000001
0x16ff9ee20: 0x00554764 0x00000001 0x00000000 0x00000000
0x16ff9ee30: 0x6ff9ee63 0x00000001 0x4bece8b0 0x00000001
0x16ff9ee40: 0x4beee470 0x00000001 0x4bf55410 0x00000001
0x16ff9ee50: 0x4bf55640 0x00000001 0x6ff9ee90 0x00000001
0x16ff9ee60: 0x6ff9ef70 0x00000001 0x003019fc 0x00000001
0x16ff9ee70: 0x6ff9ef10 0x00000001 0x005d39b8 0x00000001
0x16ff9ee80: 0x00000001 0x00000000 0x00595b10 0x00000001
0x16ff9ee90: 0x1b909af0 0x00000001 0x9d027be8 0x00000001
0x16ff9eea0: 0x005d5000 0x00000001 0x00000000 0x00000000
0x16ff9eeb0: 0x00000003 0x00000000 0x00000000 0x00000000
0x16ff9eec0: 0x00000000 0x00000000 0x005d39b8 0x00000001
(lldb) (unsigned int) $21 = 16
(lldb) Process 6589 resuming
Process 6589 stopped
* thread #7, stop reason = breakpoint 2.1
    frame #0: 0x0000000100014328 H90 Control`___lldb_unnamed_symbol866
H90 Control`___lldb_unnamed_symbol866:
->  0x100014328 <+0>:  stp    d9, d8, [sp, #-0x40]!
    0x10001432c <+4>:  stp    x22, x21, [sp, #0x10]
    0x100014330 <+8>:  stp    x20, x19, [sp, #0x20]
    0x100014334 <+12>: stp    x29, x30, [sp, #0x30]
Target 0: (H90 Control) stopped.
(lldb) continue
Process 6589 resuming
Process 6589 stopped
* thread #20, name = 'ThreadWithProgressView', stop reason = breakpoint 1.1
    frame #0: 0x000000010001336c H90 Control`___lldb_unnamed_symbol857 + 704
H90 Control`___lldb_unnamed_symbol857:
->  0x10001336c <+704>: bl     0x100477330               ; symbol stub for: MIDISendEventList
    0x100013370 <+708>: b      0x100013380               ; <+724>
    0x100013374 <+712>: mov    x0, x1
    0x100013378 <+716>: mov    x1, x2
Target 0: (H90 Control) stopped.
(lldb) script print("==BP=1 n=12==")
script print("SEND")
thread info
==BP=1 n=12==
(lldb) thread backtrace -c 30
SEND
(lldb) register read x0 x1 x2 x3 x4
thread #20: tid = 0xb257, 0x000000010001336c H90 Control`___lldb_unnamed_symbol857 + 704, name = 'ThreadWithProgressView', stop reason = breakpoint 1.1

(lldb) memory read -f x -c 300 -s 4 --force $x2
* thread #20, name = 'ThreadWithProgressView', stop reason = breakpoint 1.1
  * frame #0: 0x000000010001336c H90 Control`___lldb_unnamed_symbol857 + 704
    frame #1: 0x000000010021e068 H90 Control`___lldb_unnamed_symbol7315 + 220
    frame #2: 0x000000010021bfac H90 Control`___lldb_unnamed_symbol7310 + 328
    frame #3: 0x0000000100244ba4 H90 Control`___lldb_unnamed_symbol7669 + 296
    frame #4: 0x0000000100301a7c H90 Control`___lldb_unnamed_symbol9370 + 3912
    frame #5: 0x0000000100034584 H90 Control`___lldb_unnamed_symbol1223 + 788
    frame #6: 0x000000019d227c0c libsystem_pthread.dylib`_pthread_start + 136
(lldb) expr -- (*(unsigned int*)($x2 + 16)) & 0xffff
      x0 = 0x00000000011b4090
      x1 = 0x00000000011b4013
      x2 = 0x000000016ff9e9b0
      x3 = 0x0000000e8101f0a8
      x4 = 0x0000000000000002
(lldb) continue
0x16ff9e9b0: 0x00000001 0x00000001 0x8101f0a8 0x0000000e
0x16ff9e9c0: 0x00000012 0x30161c77 0x00014a00 0x3026670c
0x16ff9e9d0: 0x00000000 0x30260100 0x06000e00 0x30264000
0x16ff9e9e0: 0x00020000 0x30260000 0x00006019 0x30260600
0x16ff9e9f0: 0x00004000 0x30260002 0x00000010 0x30260000
0x16ff9ea00: 0x01000000 0x3035100f 0x00000000 0x00000000
0x16ff9ea10: 0x00000000 0x00000000 0x00000000 0x00000000
0x16ff9ea20: 0x00000000 0x00000000 0x00000000 0x00000000
0x16ff9ea30: 0x00000000 0x00000000 0x00000000 0x00000000
0x16ff9ea40: 0x00000000 0x00000000 0x00000000 0x00000000
0x16ff9ea50: 0x00000000 0x00000000 0x00000000 0x00000000
0x16ff9ea60: 0x00000000 0x00000000 0x00000000 0x00000000
0x16ff9ea70: 0x00000000 0x00000000 0x00000000 0x00000000
0x16ff9ea80: 0x00000000 0x00000000 0x00000000 0x00000000
0x16ff9ea90: 0x00000000 0x00000000 0x00000000 0x00000000
0x16ff9eaa0: 0x00000000 0x00000000 0x00000000 0x00000000
0x16ff9eab0: 0x00000000 0x00000000 0x00000000 0x00000000
0x16ff9eac0: 0x00000000 0x00000001 0x001e70a0 0x00000001
0x16ff9ead0: 0x8101f0a8 0x0000000e 0x011b4013 0x011b4090
0x16ff9eae0: 0x6ff9eae8 0x00000001 0x3035100f 0x00000000
0x16ff9eaf0: 0x6ff9e968 0x00000001 0x6ff9e9a8 0x00000001
0x16ff9eb00: 0x6ff9e980 0x00000001 0x6ff9e998 0x00000001
0x16ff9eb10: 0x4d1a2d40 0x00000001 0x4d1a2d80 0x00000001
0x16ff9eb20: 0x6ff9eef0 0x00000001 0x1ba0a040 0x00000001
0x16ff9eb30: 0x6ff9eba8 0x00000001 0x00007530 0x00000000
0x16ff9eb40: 0x1ba0a0e8 0x00000001 0x00000000 0x00000000
0x16ff9eb50: 0x6ff9ed08 0x00000001 0x00000068 0x00000000
0x16ff9eb60: 0x6ff9ece8 0x00000001 0x6ff9ec60 0x00000001
0x16ff9eb70: 0x6ff9ec40 0x00000001 0x0021e068 0x00000001
0x16ff9eb80: 0x00000000 0x00000000 0x4d1606d0 0x00000001
0x16ff9eb90: 0x4d1606a8 0x00000001 0x00000000 0x00000000
0x16ff9eba0: 0x40079860 0x00000c00 0x4d192a30 0x00000001
0x16ff9ebb0: 0x00000000 0x00000000 0x00000037 0x00000001
0x16ff9ebc0: 0x00000000 0x00000000 0x00000037 0x00000000
0x16ff9ebd0: 0x4d192a30 0x00000001 0x00000000 0x00000000
0x16ff9ebe0: 0x00000000 0x00000000 0xe0510068 0xb82ff30b
0x16ff9ebf0: 0x6ff9eef0 0x00000001 0x4bef41a0 0x00000001
0x16ff9ec00: 0x005d39a8 0x00000001 0x00000067 0x00000000
0x16ff9ec10: 0x00000000 0x00000000 0x00007530 0x00000000
0x16ff9ec20: 0x1ba0a0e8 0x00000001 0x00000068 0x00000000
0x16ff9ec30: 0x6ff9edd0 0x00000001 0x6ff9edc8 0x00000001
0x16ff9ec40: 0x6ff9ed90 0x00000001 0x0021bfac 0x00000001
0x16ff9ec50: 0x6ff9f0e0 0x00000001 0x4bef41a0 0x00000001
0x16ff9ec60: 0x005d39a8 0x00000001 0x00000000 0x00000000
0x16ff9ec70: 0x00000000 0x00000000 0x00000200 0x00000000
0x16ff9ec80: 0x7fffffff 0x00000001 0x00000008 0x00000000
0x16ff9ec90: 0x00000200 0x00000000 0x00000028 0x00000001
0x16ff9eca0: 0x4d1604d0 0x00000001 0x4d1606a8 0x00000001
0x16ff9ecb0: 0x4d1604d0 0x00000001 0x00000000 0x00000000
0x16ff9ecc0: 0x00000000 0x00000000 0x9d020100 0x00000001
0x16ff9ecd0: 0x00000004 0x00000000 0x00000100 0x00000000
0x16ff9ece0: 0x00000000 0x00000000 0x00771cf0 0x68000001
0x16ff9ecf0: 0x00000000 0x00000000 0x00000000 0x00000000
0x16ff9ed00: 0x00000000 0x00000000 0x00771cf0 0x67000001
0x16ff9ed10: 0x4d10b830 0x00000001 0x4d10b858 0x00000001
0x16ff9ed20: 0x4d10b858 0x00000001 0x00634000 0x00000001
0x16ff9ed30: 0x6ff9ed70 0x00000001 0x9d027be8 0x00000001
0x16ff9ed40: 0x00000000 0x00000000 0xe0510068 0xb82ff30b
0x16ff9ed50: 0x005d39a8 0x00000001 0x4d105310 0x00000001
0x16ff9ed60: 0x00000000 0x00000000 0x000003c8 0x00000000
0x16ff9ed70: 0x6ff9eed0 0x00000001 0x1ba0a020 0x00000001
0x16ff9ed80: 0x4bf55640 0x00000001 0x4d105300 0x00000001
0x16ff9ed90: 0x6ff9ee60 0x00000001 0x00244ba4 0x00000001
0x16ff9eda0: 0x4beee470 0x00000001 0x1ba0a020 0x00000001
0x16ff9edb0: 0x6ff9eeec 0x00000001 0x6ff9ee30 0x00000001
0x16ff9edc0: 0x6ff9ee00 0x00000001 0x0021be48 0x00000001
0x16ff9edd0: 0x005d3968 0x00000001 0x00000000 0x00000000
0x16ff9ede0: 0x4beee467 0x00000001 0x4d169310 0x00000001
0x16ff9edf0: 0x4d194820 0x00000001 0x00000000 0x00000000
0x16ff9ee00: 0x00000000 0x00000000 0x00000000 0x00000000
0x16ff9ee10: 0x4bef41a0 0x00000001 0x4bef41a0 0x00000001
0x16ff9ee20: 0x4bf556a8 0x00000001 0x4bf556c0 0x00000001
0x16ff9ee30: 0x005d39a8 0x00000001 0x00000001 0x00000000
0x16ff9ee40: 0x4beee470 0x00000001 0x4bf55410 0x00000001
0x16ff9ee50: 0x4bf55640 0x00000001 0x6ff9ee90 0x00000001
(lldb) (unsigned int) $23 = 18
(lldb) Process 6589 resuming
Process 6589 stopped
* thread #7, stop reason = breakpoint 2.1
    frame #0: 0x0000000100014328 H90 Control`___lldb_unnamed_symbol866
H90 Control`___lldb_unnamed_symbol866:
->  0x100014328 <+0>:  stp    d9, d8, [sp, #-0x40]!
    0x10001432c <+4>:  stp    x22, x21, [sp, #0x10]
    0x100014330 <+8>:  stp    x20, x19, [sp, #0x20]
    0x100014334 <+12>: stp    x29, x30, [sp, #0x30]
Target 0: (H90 Control) stopped.
(lldb) continue
Process 6589 resuming
Process 6589 stopped
* thread #7, stop reason = breakpoint 2.1
    frame #0: 0x0000000100014328 H90 Control`___lldb_unnamed_symbol866
H90 Control`___lldb_unnamed_symbol866:
->  0x100014328 <+0>:  stp    d9, d8, [sp, #-0x40]!
    0x10001432c <+4>:  stp    x22, x21, [sp, #0x10]
    0x100014330 <+8>:  stp    x20, x19, [sp, #0x20]
    0x100014334 <+12>: stp    x29, x30, [sp, #0x30]
Target 0: (H90 Control) stopped.
(lldb) continue
Process 6589 resuming
Process 6589 stopped
* thread #7, stop reason = breakpoint 2.1
    frame #0: 0x0000000100014328 H90 Control`___lldb_unnamed_symbol866
H90 Control`___lldb_unnamed_symbol866:
->  0x100014328 <+0>:  stp    d9, d8, [sp, #-0x40]!
    0x10001432c <+4>:  stp    x22, x21, [sp, #0x10]
    0x100014330 <+8>:  stp    x20, x19, [sp, #0x20]
    0x100014334 <+12>: stp    x29, x30, [sp, #0x30]
Target 0: (H90 Control) stopped.
(lldb) continue
Process 6589 resuming
Process 6589 stopped
* thread #7, stop reason = breakpoint 2.1
    frame #0: 0x0000000100014328 H90 Control`___lldb_unnamed_symbol866
H90 Control`___lldb_unnamed_symbol866:
->  0x100014328 <+0>:  stp    d9, d8, [sp, #-0x40]!
    0x10001432c <+4>:  stp    x22, x21, [sp, #0x10]
    0x100014330 <+8>:  stp    x20, x19, [sp, #0x20]
    0x100014334 <+12>: stp    x29, x30, [sp, #0x30]
Target 0: (H90 Control) stopped.
(lldb) continue
Process 6589 resuming
Process 6589 stopped
* thread #7, stop reason = breakpoint 2.1
    frame #0: 0x0000000100014328 H90 Control`___lldb_unnamed_symbol866
H90 Control`___lldb_unnamed_symbol866:
->  0x100014328 <+0>:  stp    d9, d8, [sp, #-0x40]!
    0x10001432c <+4>:  stp    x22, x21, [sp, #0x10]
    0x100014330 <+8>:  stp    x20, x19, [sp, #0x20]
    0x100014334 <+12>: stp    x29, x30, [sp, #0x30]
Target 0: (H90 Control) stopped.
(lldb) continue
Process 6589 resuming
Process 6589 stopped
* thread #7, stop reason = breakpoint 2.1
    frame #0: 0x0000000100014328 H90 Control`___lldb_unnamed_symbol866
H90 Control`___lldb_unnamed_symbol866:
->  0x100014328 <+0>:  stp    d9, d8, [sp, #-0x40]!
    0x10001432c <+4>:  stp    x22, x21, [sp, #0x10]
    0x100014330 <+8>:  stp    x20, x19, [sp, #0x20]
    0x100014334 <+12>: stp    x29, x30, [sp, #0x30]
Target 0: (H90 Control) stopped.
(lldb) continue
Process 6589 resuming
Process 6589 stopped
* thread #7, stop reason = breakpoint 2.1
    frame #0: 0x0000000100014328 H90 Control`___lldb_unnamed_symbol866
H90 Control`___lldb_unnamed_symbol866:
->  0x100014328 <+0>:  stp    d9, d8, [sp, #-0x40]!
    0x10001432c <+4>:  stp    x22, x21, [sp, #0x10]
    0x100014330 <+8>:  stp    x20, x19, [sp, #0x20]
    0x100014334 <+12>: stp    x29, x30, [sp, #0x30]
Target 0: (H90 Control) stopped.
(lldb) continue
Process 6589 resuming
Process 6589 stopped
* thread #7, stop reason = breakpoint 2.1
    frame #0: 0x0000000100014328 H90 Control`___lldb_unnamed_symbol866
H90 Control`___lldb_unnamed_symbol866:
->  0x100014328 <+0>:  stp    d9, d8, [sp, #-0x40]!
    0x10001432c <+4>:  stp    x22, x21, [sp, #0x10]
    0x100014330 <+8>:  stp    x20, x19, [sp, #0x20]
    0x100014334 <+12>: stp    x29, x30, [sp, #0x30]
Target 0: (H90 Control) stopped.
(lldb) continue
Process 6589 resuming
Process 6589 stopped
* thread #7, stop reason = breakpoint 2.1
    frame #0: 0x0000000100014328 H90 Control`___lldb_unnamed_symbol866
H90 Control`___lldb_unnamed_symbol866:
->  0x100014328 <+0>:  stp    d9, d8, [sp, #-0x40]!
    0x10001432c <+4>:  stp    x22, x21, [sp, #0x10]
    0x100014330 <+8>:  stp    x20, x19, [sp, #0x20]
    0x100014334 <+12>: stp    x29, x30, [sp, #0x30]
Target 0: (H90 Control) stopped.
(lldb) continue
Process 6589 resuming
Process 6589 stopped
* thread #7, stop reason = breakpoint 2.1
    frame #0: 0x0000000100014328 H90 Control`___lldb_unnamed_symbol866
H90 Control`___lldb_unnamed_symbol866:
->  0x100014328 <+0>:  stp    d9, d8, [sp, #-0x40]!
    0x10001432c <+4>:  stp    x22, x21, [sp, #0x10]
    0x100014330 <+8>:  stp    x20, x19, [sp, #0x20]
    0x100014334 <+12>: stp    x29, x30, [sp, #0x30]
Target 0: (H90 Control) stopped.
(lldb) continue
Process 6589 resuming
Process 6589 stopped
* thread #7, stop reason = breakpoint 2.1
    frame #0: 0x0000000100014328 H90 Control`___lldb_unnamed_symbol866
H90 Control`___lldb_unnamed_symbol866:
->  0x100014328 <+0>:  stp    d9, d8, [sp, #-0x40]!
    0x10001432c <+4>:  stp    x22, x21, [sp, #0x10]
    0x100014330 <+8>:  stp    x20, x19, [sp, #0x20]
    0x100014334 <+12>: stp    x29, x30, [sp, #0x30]
Target 0: (H90 Control) stopped.
(lldb) continue
Process 6589 resuming
Process 6589 stopped
* thread #7, stop reason = breakpoint 2.1
    frame #0: 0x0000000100014328 H90 Control`___lldb_unnamed_symbol866
H90 Control`___lldb_unnamed_symbol866:
->  0x100014328 <+0>:  stp    d9, d8, [sp, #-0x40]!
    0x10001432c <+4>:  stp    x22, x21, [sp, #0x10]
    0x100014330 <+8>:  stp    x20, x19, [sp, #0x20]
    0x100014334 <+12>: stp    x29, x30, [sp, #0x30]
Target 0: (H90 Control) stopped.
(lldb) continue
Process 6589 resuming
Process 6589 stopped
* thread #7, stop reason = breakpoint 2.1
    frame #0: 0x0000000100014328 H90 Control`___lldb_unnamed_symbol866
H90 Control`___lldb_unnamed_symbol866:
->  0x100014328 <+0>:  stp    d9, d8, [sp, #-0x40]!
    0x10001432c <+4>:  stp    x22, x21, [sp, #0x10]
    0x100014330 <+8>:  stp    x20, x19, [sp, #0x20]
    0x100014334 <+12>: stp    x29, x30, [sp, #0x30]
Target 0: (H90 Control) stopped.
(lldb) continue
Process 6589 resuming
Process 6589 stopped
* thread #7, stop reason = breakpoint 2.1
    frame #0: 0x0000000100014328 H90 Control`___lldb_unnamed_symbol866
H90 Control`___lldb_unnamed_symbol866:
->  0x100014328 <+0>:  stp    d9, d8, [sp, #-0x40]!
    0x10001432c <+4>:  stp    x22, x21, [sp, #0x10]
    0x100014330 <+8>:  stp    x20, x19, [sp, #0x20]
    0x100014334 <+12>: stp    x29, x30, [sp, #0x30]
Target 0: (H90 Control) stopped.
(lldb) continue
Process 6589 resuming
Process 6589 stopped
* thread #7, stop reason = breakpoint 2.1
    frame #0: 0x0000000100014328 H90 Control`___lldb_unnamed_symbol866
H90 Control`___lldb_unnamed_symbol866:
->  0x100014328 <+0>:  stp    d9, d8, [sp, #-0x40]!
    0x10001432c <+4>:  stp    x22, x21, [sp, #0x10]
    0x100014330 <+8>:  stp    x20, x19, [sp, #0x20]
    0x100014334 <+12>: stp    x29, x30, [sp, #0x30]
Target 0: (H90 Control) stopped.
(lldb) continue
Process 6589 resuming
Process 6589 stopped
* thread #7, stop reason = breakpoint 2.1
    frame #0: 0x0000000100014328 H90 Control`___lldb_unnamed_symbol866
H90 Control`___lldb_unnamed_symbol866:
->  0x100014328 <+0>:  stp    d9, d8, [sp, #-0x40]!
    0x10001432c <+4>:  stp    x22, x21, [sp, #0x10]
    0x100014330 <+8>:  stp    x20, x19, [sp, #0x20]
    0x100014334 <+12>: stp    x29, x30, [sp, #0x30]
Target 0: (H90 Control) stopped.
(lldb) continue
Process 6589 resuming
Process 6589 stopped
* thread #7, stop reason = breakpoint 2.1
    frame #0: 0x0000000100014328 H90 Control`___lldb_unnamed_symbol866
H90 Control`___lldb_unnamed_symbol866:
->  0x100014328 <+0>:  stp    d9, d8, [sp, #-0x40]!
    0x10001432c <+4>:  stp    x22, x21, [sp, #0x10]
    0x100014330 <+8>:  stp    x20, x19, [sp, #0x20]
    0x100014334 <+12>: stp    x29, x30, [sp, #0x30]
Target 0: (H90 Control) stopped.
(lldb) continue
Process 6589 resuming
Process 6589 stopped
* thread #7, stop reason = breakpoint 2.1
    frame #0: 0x0000000100014328 H90 Control`___lldb_unnamed_symbol866
H90 Control`___lldb_unnamed_symbol866:
->  0x100014328 <+0>:  stp    d9, d8, [sp, #-0x40]!
    0x10001432c <+4>:  stp    x22, x21, [sp, #0x10]
    0x100014330 <+8>:  stp    x20, x19, [sp, #0x20]
    0x100014334 <+12>: stp    x29, x30, [sp, #0x30]
Target 0: (H90 Control) stopped.
(lldb) continue
Process 6589 resuming
Process 6589 stopped
* thread #7, stop reason = breakpoint 2.1
    frame #0: 0x0000000100014328 H90 Control`___lldb_unnamed_symbol866
H90 Control`___lldb_unnamed_symbol866:
->  0x100014328 <+0>:  stp    d9, d8, [sp, #-0x40]!
    0x10001432c <+4>:  stp    x22, x21, [sp, #0x10]
    0x100014330 <+8>:  stp    x20, x19, [sp, #0x20]
    0x100014334 <+12>: stp    x29, x30, [sp, #0x30]
Target 0: (H90 Control) stopped.
(lldb) continue
Process 6589 resuming
Process 6589 stopped
* thread #7, stop reason = breakpoint 2.1
    frame #0: 0x0000000100014328 H90 Control`___lldb_unnamed_symbol866
H90 Control`___lldb_unnamed_symbol866:
->  0x100014328 <+0>:  stp    d9, d8, [sp, #-0x40]!
    0x10001432c <+4>:  stp    x22, x21, [sp, #0x10]
    0x100014330 <+8>:  stp    x20, x19, [sp, #0x20]
    0x100014334 <+12>: stp    x29, x30, [sp, #0x30]
Target 0: (H90 Control) stopped.
(lldb) continue
Process 6589 resuming
Process 6589 stopped
* thread #7, stop reason = breakpoint 2.1
    frame #0: 0x0000000100014328 H90 Control`___lldb_unnamed_symbol866
H90 Control`___lldb_unnamed_symbol866:
->  0x100014328 <+0>:  stp    d9, d8, [sp, #-0x40]!
    0x10001432c <+4>:  stp    x22, x21, [sp, #0x10]
    0x100014330 <+8>:  stp    x20, x19, [sp, #0x20]
    0x100014334 <+12>: stp    x29, x30, [sp, #0x30]
Target 0: (H90 Control) stopped.
(lldb) continue
Process 6589 resuming
Process 6589 stopped
* thread #7, stop reason = breakpoint 2.1
    frame #0: 0x0000000100014328 H90 Control`___lldb_unnamed_symbol866
H90 Control`___lldb_unnamed_symbol866:
->  0x100014328 <+0>:  stp    d9, d8, [sp, #-0x40]!
    0x10001432c <+4>:  stp    x22, x21, [sp, #0x10]
    0x100014330 <+8>:  stp    x20, x19, [sp, #0x20]
    0x100014334 <+12>: stp    x29, x30, [sp, #0x30]
Target 0: (H90 Control) stopped.
(lldb) continue
Process 6589 resuming
Process 6589 stopped
* thread #7, stop reason = breakpoint 2.1
    frame #0: 0x0000000100014328 H90 Control`___lldb_unnamed_symbol866
H90 Control`___lldb_unnamed_symbol866:
->  0x100014328 <+0>:  stp    d9, d8, [sp, #-0x40]!
    0x10001432c <+4>:  stp    x22, x21, [sp, #0x10]
    0x100014330 <+8>:  stp    x20, x19, [sp, #0x20]
    0x100014334 <+12>: stp    x29, x30, [sp, #0x30]
Target 0: (H90 Control) stopped.
(lldb) continue
Process 6589 resuming
Process 6589 stopped
* thread #7, stop reason = breakpoint 2.1
    frame #0: 0x0000000100014328 H90 Control`___lldb_unnamed_symbol866
H90 Control`___lldb_unnamed_symbol866:
->  0x100014328 <+0>:  stp    d9, d8, [sp, #-0x40]!
    0x10001432c <+4>:  stp    x22, x21, [sp, #0x10]
    0x100014330 <+8>:  stp    x20, x19, [sp, #0x20]
    0x100014334 <+12>: stp    x29, x30, [sp, #0x30]
Target 0: (H90 Control) stopped.
(lldb) continue
Process 6589 resuming
Process 6589 stopped
* thread #7, stop reason = breakpoint 2.1
    frame #0: 0x0000000100014328 H90 Control`___lldb_unnamed_symbol866
H90 Control`___lldb_unnamed_symbol866:
->  0x100014328 <+0>:  stp    d9, d8, [sp, #-0x40]!
    0x10001432c <+4>:  stp    x22, x21, [sp, #0x10]
    0x100014330 <+8>:  stp    x20, x19, [sp, #0x20]
    0x100014334 <+12>: stp    x29, x30, [sp, #0x30]
Target 0: (H90 Control) stopped.
(lldb) continue
Process 6589 resuming
Process 6589 stopped
* thread #7, stop reason = breakpoint 2.1
    frame #0: 0x0000000100014328 H90 Control`___lldb_unnamed_symbol866
H90 Control`___lldb_unnamed_symbol866:
->  0x100014328 <+0>:  stp    d9, d8, [sp, #-0x40]!
    0x10001432c <+4>:  stp    x22, x21, [sp, #0x10]
    0x100014330 <+8>:  stp    x20, x19, [sp, #0x20]
    0x100014334 <+12>: stp    x29, x30, [sp, #0x30]
Target 0: (H90 Control) stopped.
(lldb) continue
Process 6589 resuming
Process 6589 stopped
* thread #7, stop reason = breakpoint 2.1
    frame #0: 0x0000000100014328 H90 Control`___lldb_unnamed_symbol866
H90 Control`___lldb_unnamed_symbol866:
->  0x100014328 <+0>:  stp    d9, d8, [sp, #-0x40]!
    0x10001432c <+4>:  stp    x22, x21, [sp, #0x10]
    0x100014330 <+8>:  stp    x20, x19, [sp, #0x20]
    0x100014334 <+12>: stp    x29, x30, [sp, #0x30]
Target 0: (H90 Control) stopped.
(lldb) continue
Process 6589 resuming
Process 6589 stopped
* thread #7, stop reason = breakpoint 2.1
    frame #0: 0x0000000100014328 H90 Control`___lldb_unnamed_symbol866
H90 Control`___lldb_unnamed_symbol866:
->  0x100014328 <+0>:  stp    d9, d8, [sp, #-0x40]!
    0x10001432c <+4>:  stp    x22, x21, [sp, #0x10]
    0x100014330 <+8>:  stp    x20, x19, [sp, #0x20]
    0x100014334 <+12>: stp    x29, x30, [sp, #0x30]
Target 0: (H90 Control) stopped.
(lldb) continue
Process 6589 resuming
Process 6589 stopped
* thread #7, stop reason = breakpoint 2.1
    frame #0: 0x0000000100014328 H90 Control`___lldb_unnamed_symbol866
H90 Control`___lldb_unnamed_symbol866:
->  0x100014328 <+0>:  stp    d9, d8, [sp, #-0x40]!
    0x10001432c <+4>:  stp    x22, x21, [sp, #0x10]
    0x100014330 <+8>:  stp    x20, x19, [sp, #0x20]
    0x100014334 <+12>: stp    x29, x30, [sp, #0x30]
Target 0: (H90 Control) stopped.
(lldb) continue
Process 6589 resuming
Process 6589 stopped
* thread #7, stop reason = breakpoint 2.1
    frame #0: 0x0000000100014328 H90 Control`___lldb_unnamed_symbol866
H90 Control`___lldb_unnamed_symbol866:
->  0x100014328 <+0>:  stp    d9, d8, [sp, #-0x40]!
    0x10001432c <+4>:  stp    x22, x21, [sp, #0x10]
    0x100014330 <+8>:  stp    x20, x19, [sp, #0x20]
    0x100014334 <+12>: stp    x29, x30, [sp, #0x30]
Target 0: (H90 Control) stopped.
(lldb) continue
Process 6589 resuming
Process 6589 stopped
* thread #7, stop reason = breakpoint 2.1
    frame #0: 0x0000000100014328 H90 Control`___lldb_unnamed_symbol866
H90 Control`___lldb_unnamed_symbol866:
->  0x100014328 <+0>:  stp    d9, d8, [sp, #-0x40]!
    0x10001432c <+4>:  stp    x22, x21, [sp, #0x10]
    0x100014330 <+8>:  stp    x20, x19, [sp, #0x20]
    0x100014334 <+12>: stp    x29, x30, [sp, #0x30]
Target 0: (H90 Control) stopped.
(lldb) continue
Process 6589 resuming
Process 6589 stopped
* thread #7, stop reason = breakpoint 2.1
    frame #0: 0x0000000100014328 H90 Control`___lldb_unnamed_symbol866
H90 Control`___lldb_unnamed_symbol866:
->  0x100014328 <+0>:  stp    d9, d8, [sp, #-0x40]!
    0x10001432c <+4>:  stp    x22, x21, [sp, #0x10]
    0x100014330 <+8>:  stp    x20, x19, [sp, #0x20]
    0x100014334 <+12>: stp    x29, x30, [sp, #0x30]
Target 0: (H90 Control) stopped.
(lldb) continue
Process 6589 resuming
Process 6589 stopped
* thread #7, stop reason = breakpoint 2.1
    frame #0: 0x0000000100014328 H90 Control`___lldb_unnamed_symbol866
H90 Control`___lldb_unnamed_symbol866:
->  0x100014328 <+0>:  stp    d9, d8, [sp, #-0x40]!
    0x10001432c <+4>:  stp    x22, x21, [sp, #0x10]
    0x100014330 <+8>:  stp    x20, x19, [sp, #0x20]
    0x100014334 <+12>: stp    x29, x30, [sp, #0x30]
Target 0: (H90 Control) stopped.
(lldb) continue
Process 6589 resuming
Process 6589 stopped
* thread #7, stop reason = breakpoint 2.1
    frame #0: 0x0000000100014328 H90 Control`___lldb_unnamed_symbol866
H90 Control`___lldb_unnamed_symbol866:
->  0x100014328 <+0>:  stp    d9, d8, [sp, #-0x40]!
    0x10001432c <+4>:  stp    x22, x21, [sp, #0x10]
    0x100014330 <+8>:  stp    x20, x19, [sp, #0x20]
    0x100014334 <+12>: stp    x29, x30, [sp, #0x30]
Target 0: (H90 Control) stopped.
(lldb) continue
Process 6589 resuming
Process 6589 stopped
* thread #7, stop reason = breakpoint 2.1
    frame #0: 0x0000000100014328 H90 Control`___lldb_unnamed_symbol866
H90 Control`___lldb_unnamed_symbol866:
->  0x100014328 <+0>:  stp    d9, d8, [sp, #-0x40]!
    0x10001432c <+4>:  stp    x22, x21, [sp, #0x10]
    0x100014330 <+8>:  stp    x20, x19, [sp, #0x20]
    0x100014334 <+12>: stp    x29, x30, [sp, #0x30]
Target 0: (H90 Control) stopped.
(lldb) continue
Process 6589 resuming
Process 6589 stopped
* thread #7, stop reason = breakpoint 2.1
    frame #0: 0x0000000100014328 H90 Control`___lldb_unnamed_symbol866
H90 Control`___lldb_unnamed_symbol866:
->  0x100014328 <+0>:  stp    d9, d8, [sp, #-0x40]!
    0x10001432c <+4>:  stp    x22, x21, [sp, #0x10]
    0x100014330 <+8>:  stp    x20, x19, [sp, #0x20]
    0x100014334 <+12>: stp    x29, x30, [sp, #0x30]
Target 0: (H90 Control) stopped.
(lldb) continue
Process 6589 resuming
Process 6589 stopped
* thread #7, stop reason = breakpoint 2.1
    frame #0: 0x0000000100014328 H90 Control`___lldb_unnamed_symbol866
H90 Control`___lldb_unnamed_symbol866:
->  0x100014328 <+0>:  stp    d9, d8, [sp, #-0x40]!
    0x10001432c <+4>:  stp    x22, x21, [sp, #0x10]
    0x100014330 <+8>:  stp    x20, x19, [sp, #0x20]
    0x100014334 <+12>: stp    x29, x30, [sp, #0x30]
Target 0: (H90 Control) stopped.
(lldb) continue
Process 6589 resuming
Process 6589 stopped
* thread #7, stop reason = breakpoint 2.1
    frame #0: 0x0000000100014328 H90 Control`___lldb_unnamed_symbol866
H90 Control`___lldb_unnamed_symbol866:
->  0x100014328 <+0>:  stp    d9, d8, [sp, #-0x40]!
    0x10001432c <+4>:  stp    x22, x21, [sp, #0x10]
    0x100014330 <+8>:  stp    x20, x19, [sp, #0x20]
    0x100014334 <+12>: stp    x29, x30, [sp, #0x30]
Target 0: (H90 Control) stopped.
(lldb) continue
Process 6589 resuming
Process 6589 stopped
* thread #7, stop reason = breakpoint 2.1
    frame #0: 0x0000000100014328 H90 Control`___lldb_unnamed_symbol866
H90 Control`___lldb_unnamed_symbol866:
->  0x100014328 <+0>:  stp    d9, d8, [sp, #-0x40]!
    0x10001432c <+4>:  stp    x22, x21, [sp, #0x10]
    0x100014330 <+8>:  stp    x20, x19, [sp, #0x20]
    0x100014334 <+12>: stp    x29, x30, [sp, #0x30]
Target 0: (H90 Control) stopped.
(lldb) continue
Process 6589 resuming
Process 6589 stopped
* thread #7, stop reason = breakpoint 2.1
    frame #0: 0x0000000100014328 H90 Control`___lldb_unnamed_symbol866
H90 Control`___lldb_unnamed_symbol866:
->  0x100014328 <+0>:  stp    d9, d8, [sp, #-0x40]!
    0x10001432c <+4>:  stp    x22, x21, [sp, #0x10]
    0x100014330 <+8>:  stp    x20, x19, [sp, #0x20]
    0x100014334 <+12>: stp    x29, x30, [sp, #0x30]
Target 0: (H90 Control) stopped.
(lldb) continue
Process 6589 resuming
Process 6589 stopped
* thread #7, stop reason = breakpoint 2.1
    frame #0: 0x0000000100014328 H90 Control`___lldb_unnamed_symbol866
H90 Control`___lldb_unnamed_symbol866:
->  0x100014328 <+0>:  stp    d9, d8, [sp, #-0x40]!
    0x10001432c <+4>:  stp    x22, x21, [sp, #0x10]
    0x100014330 <+8>:  stp    x20, x19, [sp, #0x20]
    0x100014334 <+12>: stp    x29, x30, [sp, #0x30]
Target 0: (H90 Control) stopped.
(lldb) continue
Process 6589 resuming
Process 6589 stopped
* thread #7, stop reason = breakpoint 2.1
    frame #0: 0x0000000100014328 H90 Control`___lldb_unnamed_symbol866
H90 Control`___lldb_unnamed_symbol866:
->  0x100014328 <+0>:  stp    d9, d8, [sp, #-0x40]!
    0x10001432c <+4>:  stp    x22, x21, [sp, #0x10]
    0x100014330 <+8>:  stp    x20, x19, [sp, #0x20]
    0x100014334 <+12>: stp    x29, x30, [sp, #0x30]
Target 0: (H90 Control) stopped.
(lldb) continue
Process 6589 resuming
Process 6589 stopped
* thread #7, stop reason = breakpoint 2.1
    frame #0: 0x0000000100014328 H90 Control`___lldb_unnamed_symbol866
H90 Control`___lldb_unnamed_symbol866:
->  0x100014328 <+0>:  stp    d9, d8, [sp, #-0x40]!
    0x10001432c <+4>:  stp    x22, x21, [sp, #0x10]
    0x100014330 <+8>:  stp    x20, x19, [sp, #0x20]
    0x100014334 <+12>: stp    x29, x30, [sp, #0x30]
Target 0: (H90 Control) stopped.
(lldb) continue
Process 6589 resuming
Process 6589 stopped
* thread #7, stop reason = breakpoint 2.1
    frame #0: 0x0000000100014328 H90 Control`___lldb_unnamed_symbol866
H90 Control`___lldb_unnamed_symbol866:
->  0x100014328 <+0>:  stp    d9, d8, [sp, #-0x40]!
    0x10001432c <+4>:  stp    x22, x21, [sp, #0x10]
    0x100014330 <+8>:  stp    x20, x19, [sp, #0x20]
    0x100014334 <+12>: stp    x29, x30, [sp, #0x30]
Target 0: (H90 Control) stopped.
(lldb) continue
Process 6589 resuming
Process 6589 stopped
* thread #7, stop reason = breakpoint 2.1
    frame #0: 0x0000000100014328 H90 Control`___lldb_unnamed_symbol866
H90 Control`___lldb_unnamed_symbol866:
->  0x100014328 <+0>:  stp    d9, d8, [sp, #-0x40]!
    0x10001432c <+4>:  stp    x22, x21, [sp, #0x10]
    0x100014330 <+8>:  stp    x20, x19, [sp, #0x20]
    0x100014334 <+12>: stp    x29, x30, [sp, #0x30]
Target 0: (H90 Control) stopped.
(lldb) continue
Process 6589 resuming
Process 6589 stopped
* thread #7, stop reason = breakpoint 2.1
    frame #0: 0x0000000100014328 H90 Control`___lldb_unnamed_symbol866
H90 Control`___lldb_unnamed_symbol866:
->  0x100014328 <+0>:  stp    d9, d8, [sp, #-0x40]!
    0x10001432c <+4>:  stp    x22, x21, [sp, #0x10]
    0x100014330 <+8>:  stp    x20, x19, [sp, #0x20]
    0x100014334 <+12>: stp    x29, x30, [sp, #0x30]
Target 0: (H90 Control) stopped.
(lldb) continue
Process 6589 resuming
Process 6589 stopped
* thread #7, stop reason = breakpoint 2.1
    frame #0: 0x0000000100014328 H90 Control`___lldb_unnamed_symbol866
H90 Control`___lldb_unnamed_symbol866:
->  0x100014328 <+0>:  stp    d9, d8, [sp, #-0x40]!
    0x10001432c <+4>:  stp    x22, x21, [sp, #0x10]
    0x100014330 <+8>:  stp    x20, x19, [sp, #0x20]
    0x100014334 <+12>: stp    x29, x30, [sp, #0x30]
Target 0: (H90 Control) stopped.
(lldb) continue
Process 6589 resuming
Process 6589 stopped
* thread #7, stop reason = breakpoint 2.1
    frame #0: 0x0000000100014328 H90 Control`___lldb_unnamed_symbol866
H90 Control`___lldb_unnamed_symbol866:
->  0x100014328 <+0>:  stp    d9, d8, [sp, #-0x40]!
    0x10001432c <+4>:  stp    x22, x21, [sp, #0x10]
    0x100014330 <+8>:  stp    x20, x19, [sp, #0x20]
    0x100014334 <+12>: stp    x29, x30, [sp, #0x30]
Target 0: (H90 Control) stopped.
(lldb) continue
Process 6589 resuming
Process 6589 stopped
* thread #7, stop reason = breakpoint 2.1
    frame #0: 0x0000000100014328 H90 Control`___lldb_unnamed_symbol866
H90 Control`___lldb_unnamed_symbol866:
->  0x100014328 <+0>:  stp    d9, d8, [sp, #-0x40]!
    0x10001432c <+4>:  stp    x22, x21, [sp, #0x10]
    0x100014330 <+8>:  stp    x20, x19, [sp, #0x20]
    0x100014334 <+12>: stp    x29, x30, [sp, #0x30]
Target 0: (H90 Control) stopped.
(lldb) continue
Process 6589 resuming
Process 6589 stopped
* thread #7, stop reason = breakpoint 2.1
    frame #0: 0x0000000100014328 H90 Control`___lldb_unnamed_symbol866
H90 Control`___lldb_unnamed_symbol866:
->  0x100014328 <+0>:  stp    d9, d8, [sp, #-0x40]!
    0x10001432c <+4>:  stp    x22, x21, [sp, #0x10]
    0x100014330 <+8>:  stp    x20, x19, [sp, #0x20]
    0x100014334 <+12>: stp    x29, x30, [sp, #0x30]
Target 0: (H90 Control) stopped.
(lldb) continue
Process 6589 resuming
Process 6589 stopped
* thread #7, stop reason = breakpoint 2.1
    frame #0: 0x0000000100014328 H90 Control`___lldb_unnamed_symbol866
H90 Control`___lldb_unnamed_symbol866:
->  0x100014328 <+0>:  stp    d9, d8, [sp, #-0x40]!
    0x10001432c <+4>:  stp    x22, x21, [sp, #0x10]
    0x100014330 <+8>:  stp    x20, x19, [sp, #0x20]
    0x100014334 <+12>: stp    x29, x30, [sp, #0x30]
Target 0: (H90 Control) stopped.
(lldb) continue
Process 6589 resuming
Process 6589 stopped
* thread #7, stop reason = breakpoint 2.1
    frame #0: 0x0000000100014328 H90 Control`___lldb_unnamed_symbol866
H90 Control`___lldb_unnamed_symbol866:
->  0x100014328 <+0>:  stp    d9, d8, [sp, #-0x40]!
    0x10001432c <+4>:  stp    x22, x21, [sp, #0x10]
    0x100014330 <+8>:  stp    x20, x19, [sp, #0x20]
    0x100014334 <+12>: stp    x29, x30, [sp, #0x30]
Target 0: (H90 Control) stopped.
(lldb) continue
Process 6589 resuming
Process 6589 stopped
* thread #7, stop reason = breakpoint 2.1
    frame #0: 0x0000000100014328 H90 Control`___lldb_unnamed_symbol866
H90 Control`___lldb_unnamed_symbol866:
->  0x100014328 <+0>:  stp    d9, d8, [sp, #-0x40]!
    0x10001432c <+4>:  stp    x22, x21, [sp, #0x10]
    0x100014330 <+8>:  stp    x20, x19, [sp, #0x20]
    0x100014334 <+12>: stp    x29, x30, [sp, #0x30]
Target 0: (H90 Control) stopped.
(lldb) continue
Process 6589 resuming
Process 6589 stopped
* thread #7, stop reason = breakpoint 2.1
    frame #0: 0x0000000100014328 H90 Control`___lldb_unnamed_symbol866
H90 Control`___lldb_unnamed_symbol866:
->  0x100014328 <+0>:  stp    d9, d8, [sp, #-0x40]!
    0x10001432c <+4>:  stp    x22, x21, [sp, #0x10]
    0x100014330 <+8>:  stp    x20, x19, [sp, #0x20]
    0x100014334 <+12>: stp    x29, x30, [sp, #0x30]
Target 0: (H90 Control) stopped.
(lldb) continue
Process 6589 resuming
Process 6589 stopped
* thread #7, stop reason = breakpoint 2.1
    frame #0: 0x0000000100014328 H90 Control`___lldb_unnamed_symbol866
H90 Control`___lldb_unnamed_symbol866:
->  0x100014328 <+0>:  stp    d9, d8, [sp, #-0x40]!
    0x10001432c <+4>:  stp    x22, x21, [sp, #0x10]
    0x100014330 <+8>:  stp    x20, x19, [sp, #0x20]
    0x100014334 <+12>: stp    x29, x30, [sp, #0x30]
Target 0: (H90 Control) stopped.
(lldb) continue
Process 6589 resuming
Process 6589 stopped
* thread #7, stop reason = breakpoint 2.1
    frame #0: 0x0000000100014328 H90 Control`___lldb_unnamed_symbol866
H90 Control`___lldb_unnamed_symbol866:
->  0x100014328 <+0>:  stp    d9, d8, [sp, #-0x40]!
    0x10001432c <+4>:  stp    x22, x21, [sp, #0x10]
    0x100014330 <+8>:  stp    x20, x19, [sp, #0x20]
    0x100014334 <+12>: stp    x29, x30, [sp, #0x30]
Target 0: (H90 Control) stopped.
(lldb) continue
Process 6589 resuming
Process 6589 stopped
* thread #7, stop reason = breakpoint 2.1
    frame #0: 0x0000000100014328 H90 Control`___lldb_unnamed_symbol866
H90 Control`___lldb_unnamed_symbol866:
->  0x100014328 <+0>:  stp    d9, d8, [sp, #-0x40]!
    0x10001432c <+4>:  stp    x22, x21, [sp, #0x10]
    0x100014330 <+8>:  stp    x20, x19, [sp, #0x20]
    0x100014334 <+12>: stp    x29, x30, [sp, #0x30]
Target 0: (H90 Control) stopped.
(lldb) continue
Process 6589 resuming
Process 6589 stopped
* thread #7, stop reason = breakpoint 2.1
    frame #0: 0x0000000100014328 H90 Control`___lldb_unnamed_symbol866
H90 Control`___lldb_unnamed_symbol866:
->  0x100014328 <+0>:  stp    d9, d8, [sp, #-0x40]!
    0x10001432c <+4>:  stp    x22, x21, [sp, #0x10]
    0x100014330 <+8>:  stp    x20, x19, [sp, #0x20]
    0x100014334 <+12>: stp    x29, x30, [sp, #0x30]
Target 0: (H90 Control) stopped.
(lldb) continue
Process 6589 resuming
Process 6589 stopped
* thread #7, stop reason = breakpoint 2.1
    frame #0: 0x0000000100014328 H90 Control`___lldb_unnamed_symbol866
H90 Control`___lldb_unnamed_symbol866:
->  0x100014328 <+0>:  stp    d9, d8, [sp, #-0x40]!
    0x10001432c <+4>:  stp    x22, x21, [sp, #0x10]
    0x100014330 <+8>:  stp    x20, x19, [sp, #0x20]
    0x100014334 <+12>: stp    x29, x30, [sp, #0x30]
Target 0: (H90 Control) stopped.
(lldb) continue
Process 6589 resuming
Process 6589 stopped
* thread #7, stop reason = breakpoint 2.1
    frame #0: 0x0000000100014328 H90 Control`___lldb_unnamed_symbol866
H90 Control`___lldb_unnamed_symbol866:
->  0x100014328 <+0>:  stp    d9, d8, [sp, #-0x40]!
    0x10001432c <+4>:  stp    x22, x21, [sp, #0x10]
    0x100014330 <+8>:  stp    x20, x19, [sp, #0x20]
    0x100014334 <+12>: stp    x29, x30, [sp, #0x30]
Target 0: (H90 Control) stopped.
(lldb) continue
Process 6589 resuming
Process 6589 stopped
* thread #7, stop reason = breakpoint 2.1
    frame #0: 0x0000000100014328 H90 Control`___lldb_unnamed_symbol866
H90 Control`___lldb_unnamed_symbol866:
->  0x100014328 <+0>:  stp    d9, d8, [sp, #-0x40]!
    0x10001432c <+4>:  stp    x22, x21, [sp, #0x10]
    0x100014330 <+8>:  stp    x20, x19, [sp, #0x20]
    0x100014334 <+12>: stp    x29, x30, [sp, #0x30]
Target 0: (H90 Control) stopped.
(lldb) continue
Process 6589 resuming
Process 6589 stopped
* thread #7, stop reason = breakpoint 2.1
    frame #0: 0x0000000100014328 H90 Control`___lldb_unnamed_symbol866
H90 Control`___lldb_unnamed_symbol866:
->  0x100014328 <+0>:  stp    d9, d8, [sp, #-0x40]!
    0x10001432c <+4>:  stp    x22, x21, [sp, #0x10]
    0x100014330 <+8>:  stp    x20, x19, [sp, #0x20]
    0x100014334 <+12>: stp    x29, x30, [sp, #0x30]
Target 0: (H90 Control) stopped.
(lldb) continue
Process 6589 resuming
Process 6589 stopped
* thread #7, stop reason = breakpoint 2.1
    frame #0: 0x0000000100014328 H90 Control`___lldb_unnamed_symbol866
H90 Control`___lldb_unnamed_symbol866:
->  0x100014328 <+0>:  stp    d9, d8, [sp, #-0x40]!
    0x10001432c <+4>:  stp    x22, x21, [sp, #0x10]
    0x100014330 <+8>:  stp    x20, x19, [sp, #0x20]
    0x100014334 <+12>: stp    x29, x30, [sp, #0x30]
Target 0: (H90 Control) stopped.
(lldb) continue
Process 6589 resuming
Process 6589 stopped
* thread #7, stop reason = breakpoint 2.1
    frame #0: 0x0000000100014328 H90 Control`___lldb_unnamed_symbol866
H90 Control`___lldb_unnamed_symbol866:
->  0x100014328 <+0>:  stp    d9, d8, [sp, #-0x40]!
    0x10001432c <+4>:  stp    x22, x21, [sp, #0x10]
    0x100014330 <+8>:  stp    x20, x19, [sp, #0x20]
    0x100014334 <+12>: stp    x29, x30, [sp, #0x30]
Target 0: (H90 Control) stopped.
(lldb) continue
Process 6589 resuming
Process 6589 stopped
* thread #7, stop reason = breakpoint 2.1
    frame #0: 0x0000000100014328 H90 Control`___lldb_unnamed_symbol866
H90 Control`___lldb_unnamed_symbol866:
->  0x100014328 <+0>:  stp    d9, d8, [sp, #-0x40]!
    0x10001432c <+4>:  stp    x22, x21, [sp, #0x10]
    0x100014330 <+8>:  stp    x20, x19, [sp, #0x20]
    0x100014334 <+12>: stp    x29, x30, [sp, #0x30]
Target 0: (H90 Control) stopped.
(lldb) continue
Process 6589 resuming
Process 6589 stopped
* thread #7, stop reason = breakpoint 2.1
    frame #0: 0x0000000100014328 H90 Control`___lldb_unnamed_symbol866
H90 Control`___lldb_unnamed_symbol866:
->  0x100014328 <+0>:  stp    d9, d8, [sp, #-0x40]!
    0x10001432c <+4>:  stp    x22, x21, [sp, #0x10]
    0x100014330 <+8>:  stp    x20, x19, [sp, #0x20]
    0x100014334 <+12>: stp    x29, x30, [sp, #0x30]
Target 0: (H90 Control) stopped.
(lldb) continue
Process 6589 resuming
Process 6589 stopped
* thread #7, stop reason = breakpoint 2.1
    frame #0: 0x0000000100014328 H90 Control`___lldb_unnamed_symbol866
H90 Control`___lldb_unnamed_symbol866:
->  0x100014328 <+0>:  stp    d9, d8, [sp, #-0x40]!
    0x10001432c <+4>:  stp    x22, x21, [sp, #0x10]
    0x100014330 <+8>:  stp    x20, x19, [sp, #0x20]
    0x100014334 <+12>: stp    x29, x30, [sp, #0x30]
Target 0: (H90 Control) stopped.
(lldb) continue
Process 6589 resuming
Process 6589 stopped
* thread #7, stop reason = breakpoint 2.1
    frame #0: 0x0000000100014328 H90 Control`___lldb_unnamed_symbol866
H90 Control`___lldb_unnamed_symbol866:
->  0x100014328 <+0>:  stp    d9, d8, [sp, #-0x40]!
    0x10001432c <+4>:  stp    x22, x21, [sp, #0x10]
    0x100014330 <+8>:  stp    x20, x19, [sp, #0x20]
    0x100014334 <+12>: stp    x29, x30, [sp, #0x30]
Target 0: (H90 Control) stopped.
(lldb) continue
Process 6589 resuming
Process 6589 stopped
* thread #7, stop reason = breakpoint 2.1
    frame #0: 0x0000000100014328 H90 Control`___lldb_unnamed_symbol866
H90 Control`___lldb_unnamed_symbol866:
->  0x100014328 <+0>:  stp    d9, d8, [sp, #-0x40]!
    0x10001432c <+4>:  stp    x22, x21, [sp, #0x10]
    0x100014330 <+8>:  stp    x20, x19, [sp, #0x20]
    0x100014334 <+12>: stp    x29, x30, [sp, #0x30]
Target 0: (H90 Control) stopped.
(lldb) continue
Process 6589 resuming
Process 6589 stopped
* thread #7, stop reason = breakpoint 2.1
    frame #0: 0x0000000100014328 H90 Control`___lldb_unnamed_symbol866
H90 Control`___lldb_unnamed_symbol866:
->  0x100014328 <+0>:  stp    d9, d8, [sp, #-0x40]!
    0x10001432c <+4>:  stp    x22, x21, [sp, #0x10]
    0x100014330 <+8>:  stp    x20, x19, [sp, #0x20]
    0x100014334 <+12>: stp    x29, x30, [sp, #0x30]
Target 0: (H90 Control) stopped.
(lldb) continue
Process 6589 resuming
Process 6589 stopped
* thread #7, stop reason = breakpoint 2.1
    frame #0: 0x0000000100014328 H90 Control`___lldb_unnamed_symbol866
H90 Control`___lldb_unnamed_symbol866:
->  0x100014328 <+0>:  stp    d9, d8, [sp, #-0x40]!
    0x10001432c <+4>:  stp    x22, x21, [sp, #0x10]
    0x100014330 <+8>:  stp    x20, x19, [sp, #0x20]
    0x100014334 <+12>: stp    x29, x30, [sp, #0x30]
Target 0: (H90 Control) stopped.
(lldb) continue
Process 6589 resuming
Process 6589 stopped
* thread #7, stop reason = breakpoint 2.1
    frame #0: 0x0000000100014328 H90 Control`___lldb_unnamed_symbol866
H90 Control`___lldb_unnamed_symbol866:
->  0x100014328 <+0>:  stp    d9, d8, [sp, #-0x40]!
    0x10001432c <+4>:  stp    x22, x21, [sp, #0x10]
    0x100014330 <+8>:  stp    x20, x19, [sp, #0x20]
    0x100014334 <+12>: stp    x29, x30, [sp, #0x30]
Target 0: (H90 Control) stopped.
(lldb) continue
Process 6589 resuming
Process 6589 stopped
* thread #7, stop reason = breakpoint 2.1
    frame #0: 0x0000000100014328 H90 Control`___lldb_unnamed_symbol866
H90 Control`___lldb_unnamed_symbol866:
->  0x100014328 <+0>:  stp    d9, d8, [sp, #-0x40]!
    0x10001432c <+4>:  stp    x22, x21, [sp, #0x10]
    0x100014330 <+8>:  stp    x20, x19, [sp, #0x20]
    0x100014334 <+12>: stp    x29, x30, [sp, #0x30]
Target 0: (H90 Control) stopped.
(lldb) continue
Process 6589 resuming
Process 6589 stopped
* thread #7, stop reason = breakpoint 2.1
    frame #0: 0x0000000100014328 H90 Control`___lldb_unnamed_symbol866
H90 Control`___lldb_unnamed_symbol866:
->  0x100014328 <+0>:  stp    d9, d8, [sp, #-0x40]!
    0x10001432c <+4>:  stp    x22, x21, [sp, #0x10]
    0x100014330 <+8>:  stp    x20, x19, [sp, #0x20]
    0x100014334 <+12>: stp    x29, x30, [sp, #0x30]
Target 0: (H90 Control) stopped.
(lldb) continue
Process 6589 resuming
Process 6589 stopped
* thread #7, stop reason = breakpoint 2.1
    frame #0: 0x0000000100014328 H90 Control`___lldb_unnamed_symbol866
H90 Control`___lldb_unnamed_symbol866:
->  0x100014328 <+0>:  stp    d9, d8, [sp, #-0x40]!
    0x10001432c <+4>:  stp    x22, x21, [sp, #0x10]
    0x100014330 <+8>:  stp    x20, x19, [sp, #0x20]
    0x100014334 <+12>: stp    x29, x30, [sp, #0x30]
Target 0: (H90 Control) stopped.
(lldb) continue
Process 6589 resuming
Process 6589 stopped
* thread #7, stop reason = breakpoint 2.1
    frame #0: 0x0000000100014328 H90 Control`___lldb_unnamed_symbol866
H90 Control`___lldb_unnamed_symbol866:
->  0x100014328 <+0>:  stp    d9, d8, [sp, #-0x40]!
    0x10001432c <+4>:  stp    x22, x21, [sp, #0x10]
    0x100014330 <+8>:  stp    x20, x19, [sp, #0x20]
    0x100014334 <+12>: stp    x29, x30, [sp, #0x30]
Target 0: (H90 Control) stopped.
(lldb) continue
Process 6589 resuming
Process 6589 stopped
* thread #7, stop reason = breakpoint 2.1
    frame #0: 0x0000000100014328 H90 Control`___lldb_unnamed_symbol866
H90 Control`___lldb_unnamed_symbol866:
->  0x100014328 <+0>:  stp    d9, d8, [sp, #-0x40]!
    0x10001432c <+4>:  stp    x22, x21, [sp, #0x10]
    0x100014330 <+8>:  stp    x20, x19, [sp, #0x20]
    0x100014334 <+12>: stp    x29, x30, [sp, #0x30]
Target 0: (H90 Control) stopped.
(lldb) continue
Process 6589 resuming
Process 6589 stopped
* thread #7, stop reason = breakpoint 2.1
    frame #0: 0x0000000100014328 H90 Control`___lldb_unnamed_symbol866
H90 Control`___lldb_unnamed_symbol866:
->  0x100014328 <+0>:  stp    d9, d8, [sp, #-0x40]!
    0x10001432c <+4>:  stp    x22, x21, [sp, #0x10]
    0x100014330 <+8>:  stp    x20, x19, [sp, #0x20]
    0x100014334 <+12>: stp    x29, x30, [sp, #0x30]
Target 0: (H90 Control) stopped.
(lldb) continue
Process 6589 resuming
Process 6589 stopped
* thread #7, stop reason = breakpoint 2.1
    frame #0: 0x0000000100014328 H90 Control`___lldb_unnamed_symbol866
H90 Control`___lldb_unnamed_symbol866:
->  0x100014328 <+0>:  stp    d9, d8, [sp, #-0x40]!
    0x10001432c <+4>:  stp    x22, x21, [sp, #0x10]
    0x100014330 <+8>:  stp    x20, x19, [sp, #0x20]
    0x100014334 <+12>: stp    x29, x30, [sp, #0x30]
Target 0: (H90 Control) stopped.
(lldb) continue
Process 6589 resuming
Process 6589 stopped
* thread #7, stop reason = breakpoint 2.1
    frame #0: 0x0000000100014328 H90 Control`___lldb_unnamed_symbol866
H90 Control`___lldb_unnamed_symbol866:
->  0x100014328 <+0>:  stp    d9, d8, [sp, #-0x40]!
    0x10001432c <+4>:  stp    x22, x21, [sp, #0x10]
    0x100014330 <+8>:  stp    x20, x19, [sp, #0x20]
    0x100014334 <+12>: stp    x29, x30, [sp, #0x30]
Target 0: (H90 Control) stopped.
(lldb) continue
Process 6589 resuming
Process 6589 stopped
* thread #7, stop reason = breakpoint 2.1
    frame #0: 0x0000000100014328 H90 Control`___lldb_unnamed_symbol866
H90 Control`___lldb_unnamed_symbol866:
->  0x100014328 <+0>:  stp    d9, d8, [sp, #-0x40]!
    0x10001432c <+4>:  stp    x22, x21, [sp, #0x10]
    0x100014330 <+8>:  stp    x20, x19, [sp, #0x20]
    0x100014334 <+12>: stp    x29, x30, [sp, #0x30]
Target 0: (H90 Control) stopped.
(lldb) continue
Process 6589 resuming
Process 6589 stopped
* thread #7, stop reason = breakpoint 2.1
    frame #0: 0x0000000100014328 H90 Control`___lldb_unnamed_symbol866
H90 Control`___lldb_unnamed_symbol866:
->  0x100014328 <+0>:  stp    d9, d8, [sp, #-0x40]!
    0x10001432c <+4>:  stp    x22, x21, [sp, #0x10]
    0x100014330 <+8>:  stp    x20, x19, [sp, #0x20]
    0x100014334 <+12>: stp    x29, x30, [sp, #0x30]
Target 0: (H90 Control) stopped.
(lldb) continue
Process 6589 resuming
Process 6589 stopped
* thread #7, stop reason = breakpoint 2.1
    frame #0: 0x0000000100014328 H90 Control`___lldb_unnamed_symbol866
H90 Control`___lldb_unnamed_symbol866:
->  0x100014328 <+0>:  stp    d9, d8, [sp, #-0x40]!
    0x10001432c <+4>:  stp    x22, x21, [sp, #0x10]
    0x100014330 <+8>:  stp    x20, x19, [sp, #0x20]
    0x100014334 <+12>: stp    x29, x30, [sp, #0x30]
Target 0: (H90 Control) stopped.
(lldb) continue
Process 6589 resuming
Process 6589 stopped
* thread #7, stop reason = breakpoint 2.1
    frame #0: 0x0000000100014328 H90 Control`___lldb_unnamed_symbol866
H90 Control`___lldb_unnamed_symbol866:
->  0x100014328 <+0>:  stp    d9, d8, [sp, #-0x40]!
    0x10001432c <+4>:  stp    x22, x21, [sp, #0x10]
    0x100014330 <+8>:  stp    x20, x19, [sp, #0x20]
    0x100014334 <+12>: stp    x29, x30, [sp, #0x30]
Target 0: (H90 Control) stopped.
(lldb) continue
Process 6589 resuming
Process 6589 stopped
* thread #7, stop reason = breakpoint 2.1
    frame #0: 0x0000000100014328 H90 Control`___lldb_unnamed_symbol866
H90 Control`___lldb_unnamed_symbol866:
->  0x100014328 <+0>:  stp    d9, d8, [sp, #-0x40]!
    0x10001432c <+4>:  stp    x22, x21, [sp, #0x10]
    0x100014330 <+8>:  stp    x20, x19, [sp, #0x20]
    0x100014334 <+12>: stp    x29, x30, [sp, #0x30]
Target 0: (H90 Control) stopped.
(lldb) continue
Process 6589 resuming
Process 6589 stopped
* thread #20, name = 'ThreadWithProgressView', stop reason = breakpoint 1.1
    frame #0: 0x000000010001336c H90 Control`___lldb_unnamed_symbol857 + 704
H90 Control`___lldb_unnamed_symbol857:
->  0x10001336c <+704>: bl     0x100477330               ; symbol stub for: MIDISendEventList
    0x100013370 <+708>: b      0x100013380               ; <+724>
    0x100013374 <+712>: mov    x0, x1
    0x100013378 <+716>: mov    x1, x2
Target 0: (H90 Control) stopped.
(lldb) script print("==BP=1 n=13==")
script print("SEND")
thread info
==BP=1 n=13==
(lldb) thread backtrace -c 30
SEND
(lldb) register read x0 x1 x2 x3 x4
thread #20: tid = 0xb257, 0x000000010001336c H90 Control`___lldb_unnamed_symbol857 + 704, name = 'ThreadWithProgressView', stop reason = breakpoint 1.1

(lldb) memory read -f x -c 300 -s 4 --force $x2
* thread #20, name = 'ThreadWithProgressView', stop reason = breakpoint 1.1
  * frame #0: 0x000000010001336c H90 Control`___lldb_unnamed_symbol857 + 704
    frame #1: 0x000000010021e068 H90 Control`___lldb_unnamed_symbol7315 + 220
    frame #2: 0x000000010021bfac H90 Control`___lldb_unnamed_symbol7310 + 328
    frame #3: 0x00000001002478c8 H90 Control`___lldb_unnamed_symbol7679 + 100
    frame #4: 0x0000000100302028 H90 Control`___lldb_unnamed_symbol9370 + 5364
    frame #5: 0x0000000100034584 H90 Control`___lldb_unnamed_symbol1223 + 788
    frame #6: 0x000000019d227c0c libsystem_pthread.dylib`_pthread_start + 136
(lldb) expr -- (*(unsigned int*)($x2 + 16)) & 0xffff
      x0 = 0x00000000011b4090
      x1 = 0x00000000011b4013
      x2 = 0x000000016ff9ea30
      x3 = 0x0000000e81bdbf49
      x4 = 0x0000000000000002
(lldb) continue
0x16ff9ea30: 0x00000001 0x00000001 0x81bdbf49 0x0000000e
0x16ff9ea40: 0x00000010 0x30161c77 0x00016900 0x3026270c
0x16ff9ea50: 0x00000000 0x30260100 0x06000e00 0x30264000
0x16ff9ea60: 0x00020000 0x30260000 0x00006009 0x30260400
0x16ff9ea70: 0x00002000 0x30260001 0x00040000 0x30320000
0x16ff9ea80: 0x00000000 0x00000000 0x00000000 0x00000000
0x16ff9ea90: 0x00000000 0x00000000 0x00000000 0x00000000
0x16ff9eaa0: 0x00000000 0x00000000 0x00000000 0x00000000
0x16ff9eab0: 0x00000000 0x00000000 0x00000000 0x00000000
0x16ff9eac0: 0x00000000 0x00000000 0x00000000 0x00000000
0x16ff9ead0: 0x00000000 0x00000000 0x00000000 0x00000000
0x16ff9eae0: 0x00000000 0x00000000 0x00000000 0x00000000
0x16ff9eaf0: 0x00000000 0x00000000 0x00000000 0x00000000
0x16ff9eb00: 0x00000000 0x00000000 0x00000000 0x00000000
0x16ff9eb10: 0x00000000 0x00000000 0x00000000 0x00000000
0x16ff9eb20: 0x00000000 0x00000000 0x00000000 0x00000000
0x16ff9eb30: 0x00000000 0x00000000 0x00000000 0x00000000
0x16ff9eb40: 0x00000000 0x00000001 0x001e70a0 0x00000001
0x16ff9eb50: 0x81bdbf49 0x0000000e 0x011b4013 0x011b4090
0x16ff9eb60: 0x6ff9eb68 0x00000001 0x30320000 0x00000000
0x16ff9eb70: 0x6ff9e9e8 0x00000001 0x6ff9ea28 0x00000001
0x16ff9eb80: 0x6ff9ea00 0x00000001 0x6ff9ea18 0x00000001
0x16ff9eb90: 0x4d188a60 0x00000001 0x4d188aa0 0x00000001
0x16ff9eba0: 0x4bef41a0 0x00000001 0x1ba0a040 0x00000001
0x16ff9ebb0: 0x6ff9ec28 0x00000001 0x00002710 0x00000000
0x16ff9ebc0: 0x1ba0a0e8 0x00000001 0x00000000 0x00000000
0x16ff9ebd0: 0x6ff9ed88 0x00000001 0x00000028 0x00000000
0x16ff9ebe0: 0x6ff9ed68 0x00000001 0x6ff9ece0 0x00000001
0x16ff9ebf0: 0x6ff9ecc0 0x00000001 0x0021e068 0x00000001
0x16ff9ec00: 0x00000000 0x00000000 0x4d1606d0 0x00000001
0x16ff9ec10: 0x4d1606b0 0x00000001 0x00000000 0x00000000
0x16ff9ec20: 0x40079860 0x00000c00 0x4d17d640 0x00000001
0x16ff9ec30: 0x00000000 0x00000000 0x0000002e 0x00000001
0x16ff9ec40: 0x00000000 0x00000000 0x0000002e 0x00000000
0x16ff9ec50: 0x4d17d640 0x00000001 0x00000000 0x00000000
0x16ff9ec60: 0x00000000 0x00000000 0xe0510068 0xb82ff30b
0x16ff9ec70: 0x4bef41a0 0x00000001 0x4bef41a0 0x00000001
0x16ff9ec80: 0x4bf556a8 0x00000001 0x00000027 0x00000000
0x16ff9ec90: 0x00000000 0x00000000 0x00002710 0x00000000
0x16ff9eca0: 0x1ba0a0e8 0x00000001 0x00000028 0x00000000
0x16ff9ecb0: 0x6ff9ee30 0x00000001 0x6ff9ee28 0x00000001
0x16ff9ecc0: 0x6ff9ee10 0x00000001 0x0021bfac 0x00000001
0x16ff9ecd0: 0x6ff9f0e0 0x00000001 0x4bef41a0 0x00000001
0x16ff9ece0: 0x4bf556a8 0x00000001 0x00000000 0x00000000
0x16ff9ecf0: 0x00000000 0x00000000 0x00000200 0x00000000
0x16ff9ed00: 0x7fffffff 0x00000001 0x00000008 0x00000000
0x16ff9ed10: 0x00000200 0x00000000 0x00000020 0x00000001
0x16ff9ed20: 0x4d1604d0 0x00000001 0x4d1606b0 0x00000001
0x16ff9ed30: 0x4d1604d0 0x00000001 0x00000000 0x00000000
0x16ff9ed40: 0x00000000 0x00000000 0x9d020100 0x00000001
0x16ff9ed50: 0x00000004 0x00000000 0x4d100100 0x00000001
0x16ff9ed60: 0x00000000 0x00000000 0x00771cf0 0x28000001
0x16ff9ed70: 0x00000000 0x00000000 0x00000000 0x00000000
0x16ff9ed80: 0x00000000 0x00000000 0x00771cf0 0x27000001
0x16ff9ed90: 0x4d198bf0 0x00000001 0x4d198c10 0x00000001
0x16ff9eda0: 0x4d198c10 0x00000001 0x00634000 0x00000001
0x16ff9edb0: 0x6ff9edf0 0x00000001 0x9d027be8 0x00000001
0x16ff9edc0: 0x005d39a8 0x00000001 0xe0510068 0xb82ff30b
0x16ff9edd0: 0x4bf556a8 0x00000001 0x4bf556c0 0x00000001
0x16ff9ede0: 0x005d39a8 0x00000001 0x00000001 0x00000000
0x16ff9edf0: 0x4beee470 0x00000001 0x4bf55410 0x00000001
0x16ff9ee00: 0x1ba0a020 0x00000001 0x6ff9eef0 0x00000001
0x16ff9ee10: 0x6ff9ee60 0x00000001 0x002478c8 0x00000001
0x16ff9ee20: 0x005547a6 0x00000001 0x6ff9eef0 0x00000001
0x16ff9ee30: 0x6ff9ee28 0x00000001 0x00000000 0x00000000
0x16ff9ee40: 0x4beee427 0x00000001 0x4d169310 0x00000001
0x16ff9ee50: 0x4bf55640 0x00000001 0x6ff9ee90 0x00000001
0x16ff9ee60: 0x6ff9ef70 0x00000001 0x00302028 0x00000001
0x16ff9ee70: 0x6ff9ef10 0x00000001 0x005d39b8 0x00000001
0x16ff9ee80: 0x00000001 0x00000000 0x00595b10 0x00000001
0x16ff9ee90: 0x1b909af0 0x00000001 0x9d027be8 0x00000001
0x16ff9eea0: 0x005d5000 0x00000001 0x00000000 0x00000000
0x16ff9eeb0: 0x00000003 0x00000000 0x00000000 0x00000000
0x16ff9eec0: 0x00000000 0x00000000 0x005d39b8 0x00000001
0x16ff9eed0: 0x4e121200 0x00000001 0x4e121200 0x00000001
(lldb) (unsigned int) $25 = 16
(lldb) Process 6589 resuming
Process 6589 stopped
* thread #7, stop reason = breakpoint 2.1
    frame #0: 0x0000000100014328 H90 Control`___lldb_unnamed_symbol866
H90 Control`___lldb_unnamed_symbol866:
->  0x100014328 <+0>:  stp    d9, d8, [sp, #-0x40]!
    0x10001432c <+4>:  stp    x22, x21, [sp, #0x10]
    0x100014330 <+8>:  stp    x20, x19, [sp, #0x20]
    0x100014334 <+12>: stp    x29, x30, [sp, #0x30]
Target 0: (H90 Control) stopped.
(lldb) continue
Process 6589 resuming
Process 6589 stopped
* thread #7, stop reason = breakpoint 2.1
    frame #0: 0x0000000100014328 H90 Control`___lldb_unnamed_symbol866
H90 Control`___lldb_unnamed_symbol866:
->  0x100014328 <+0>:  stp    d9, d8, [sp, #-0x40]!
    0x10001432c <+4>:  stp    x22, x21, [sp, #0x10]
    0x100014330 <+8>:  stp    x20, x19, [sp, #0x20]
    0x100014334 <+12>: stp    x29, x30, [sp, #0x30]
Target 0: (H90 Control) stopped.
(lldb) continue
Process 6589 resuming
Process 6589 stopped
* thread #7, stop reason = breakpoint 2.1
    frame #0: 0x0000000100014328 H90 Control`___lldb_unnamed_symbol866
H90 Control`___lldb_unnamed_symbol866:
->  0x100014328 <+0>:  stp    d9, d8, [sp, #-0x40]!
    0x10001432c <+4>:  stp    x22, x21, [sp, #0x10]
    0x100014330 <+8>:  stp    x20, x19, [sp, #0x20]
    0x100014334 <+12>: stp    x29, x30, [sp, #0x30]
Target 0: (H90 Control) stopped.
(lldb) continue
Process 6589 resuming
Process 6589 stopped
* thread #7, stop reason = breakpoint 2.1
    frame #0: 0x0000000100014328 H90 Control`___lldb_unnamed_symbol866
H90 Control`___lldb_unnamed_symbol866:
->  0x100014328 <+0>:  stp    d9, d8, [sp, #-0x40]!
    0x10001432c <+4>:  stp    x22, x21, [sp, #0x10]
    0x100014330 <+8>:  stp    x20, x19, [sp, #0x20]
    0x100014334 <+12>: stp    x29, x30, [sp, #0x30]
Target 0: (H90 Control) stopped.
(lldb) continue
Process 6589 resuming
Process 6589 stopped
* thread #7, stop reason = breakpoint 2.1
    frame #0: 0x0000000100014328 H90 Control`___lldb_unnamed_symbol866
H90 Control`___lldb_unnamed_symbol866:
->  0x100014328 <+0>:  stp    d9, d8, [sp, #-0x40]!
    0x10001432c <+4>:  stp    x22, x21, [sp, #0x10]
    0x100014330 <+8>:  stp    x20, x19, [sp, #0x20]
    0x100014334 <+12>: stp    x29, x30, [sp, #0x30]
Target 0: (H90 Control) stopped.
(lldb) continue
Process 6589 resuming
Process 6589 stopped
* thread #7, stop reason = breakpoint 2.1
    frame #0: 0x0000000100014328 H90 Control`___lldb_unnamed_symbol866
H90 Control`___lldb_unnamed_symbol866:
->  0x100014328 <+0>:  stp    d9, d8, [sp, #-0x40]!
    0x10001432c <+4>:  stp    x22, x21, [sp, #0x10]
    0x100014330 <+8>:  stp    x20, x19, [sp, #0x20]
    0x100014334 <+12>: stp    x29, x30, [sp, #0x30]
Target 0: (H90 Control) stopped.
(lldb) continue
Process 6589 resuming
Process 6589 stopped
* thread #7, stop reason = breakpoint 2.1
    frame #0: 0x0000000100014328 H90 Control`___lldb_unnamed_symbol866
H90 Control`___lldb_unnamed_symbol866:
->  0x100014328 <+0>:  stp    d9, d8, [sp, #-0x40]!
    0x10001432c <+4>:  stp    x22, x21, [sp, #0x10]
    0x100014330 <+8>:  stp    x20, x19, [sp, #0x20]
    0x100014334 <+12>: stp    x29, x30, [sp, #0x30]
Target 0: (H90 Control) stopped.
(lldb) continue
Process 6589 resuming
Process 6589 stopped
* thread #20, name = 'ThreadWithProgressView', stop reason = breakpoint 1.1
    frame #0: 0x000000010001336c H90 Control`___lldb_unnamed_symbol857 + 704
H90 Control`___lldb_unnamed_symbol857:
->  0x10001336c <+704>: bl     0x100477330               ; symbol stub for: MIDISendEventList
    0x100013370 <+708>: b      0x100013380               ; <+724>
    0x100013374 <+712>: mov    x0, x1
    0x100013378 <+716>: mov    x1, x2
Target 0: (H90 Control) stopped.
(lldb) script print("==BP=1 n=14==")
script print("SEND")
thread info
==BP=1 n=14==
(lldb) thread backtrace -c 30
SEND
(lldb) thread #20: tid = 0xb257, 0x000000010001336c H90 Control`___lldb_unnamed_symbol857 + 704, name = 'ThreadWithProgressView', stop reason = breakpoint 1.1

register read x0 x1 x2 x3 x4
(lldb) memory read -f x -c 300 -s 4 --force $x2
* thread #20, name = 'ThreadWithProgressView', stop reason = breakpoint 1.1
  * frame #0: 0x000000010001336c H90 Control`___lldb_unnamed_symbol857 + 704
    frame #1: 0x000000010021e068 H90 Control`___lldb_unnamed_symbol7315 + 220
    frame #2: 0x000000010021bfac H90 Control`___lldb_unnamed_symbol7310 + 328
    frame #3: 0x000000010024ef5c H90 Control`___lldb_unnamed_symbol7723 + 120
    frame #4: 0x0000000100302128 H90 Control`___lldb_unnamed_symbol9370 + 5620
    frame #5: 0x0000000100034584 H90 Control`___lldb_unnamed_symbol1223 + 788
    frame #6: 0x000000019d227c0c libsystem_pthread.dylib`_pthread_start + 136
(lldb) expr -- (*(unsigned int*)($x2 + 16)) & 0xffff
      x0 = 0x00000000011b4090
      x1 = 0x00000000011b4013
      x2 = 0x000000016ff9e950
      x3 = 0x0000000e81d2d572
      x4 = 0x0000000000000002
(lldb) continue
0x16ff9e950: 0x00000001 0x00000001 0x81d2d572 0x0000000e
0x16ff9e960: 0x00000010 0x30161c77 0x00017400 0x3026510c
0x16ff9e970: 0x00000000 0x30260100 0x06000e00 0x30264000
0x16ff9e980: 0x00020000 0x30260000 0x00002014 0x30260400
0x16ff9e990: 0x00002000 0x30260001 0x00040000 0x30320000
0x16ff9e9a0: 0x00000000 0x00000000 0x00000000 0x00000000
0x16ff9e9b0: 0x00000000 0x00000000 0x00000000 0x00000000
0x16ff9e9c0: 0x00000000 0x00000000 0x00000000 0x00000000
0x16ff9e9d0: 0x00000000 0x00000000 0x00000000 0x00000000
0x16ff9e9e0: 0x00000000 0x00000000 0x00000000 0x00000000
0x16ff9e9f0: 0x00000000 0x00000000 0x00000000 0x00000000
0x16ff9ea00: 0x00000000 0x00000000 0x00000000 0x00000000
0x16ff9ea10: 0x00000000 0x00000000 0x00000000 0x00000000
0x16ff9ea20: 0x00000000 0x00000000 0x00000000 0x00000000
0x16ff9ea30: 0x00000000 0x00000000 0x00000000 0x00000000
0x16ff9ea40: 0x00000000 0x00000000 0x00000000 0x00000000
0x16ff9ea50: 0x00000000 0x00000000 0x00000000 0x00000000
0x16ff9ea60: 0x00000000 0x00000001 0x001e70a0 0x00000001
0x16ff9ea70: 0x81d2d572 0x0000000e 0x011b4013 0x011b4090
0x16ff9ea80: 0x6ff9ea88 0x00000001 0x30320000 0x00000000
0x16ff9ea90: 0x6ff9e908 0x00000001 0x6ff9e948 0x00000001
0x16ff9eaa0: 0x6ff9e920 0x00000001 0x6ff9e938 0x00000001
0x16ff9eab0: 0x4bfb3250 0x00000001 0x4bfb3290 0x00000001
0x16ff9eac0: 0x4bef41a0 0x00000001 0x1ba0a040 0x00000001
0x16ff9ead0: 0x6ff9eb48 0x00000001 0x00002710 0x00000000
0x16ff9eae0: 0x1ba0a0e8 0x00000001 0x00000000 0x00000000
0x16ff9eaf0: 0x6ff9eca8 0x00000001 0x00000052 0x00000000
0x16ff9eb00: 0x6ff9ec88 0x00000001 0x6ff9ec00 0x00000001
0x16ff9eb10: 0x6ff9ebe0 0x00000001 0x0021e068 0x00000001
0x16ff9eb20: 0x00000000 0x00000000 0x4bf642b0 0x00000001
0x16ff9eb30: 0x4bf64290 0x00000001 0x00000000 0x00000000
0x16ff9eb40: 0x40079860 0x00000c00 0x4bfae7a0 0x00000001
0x16ff9eb50: 0x00000000 0x00000000 0x0000002e 0x00000001
0x16ff9eb60: 0x00000000 0x00000000 0x0000002e 0x00000000
0x16ff9eb70: 0x4bfae7a0 0x00000001 0x00000000 0x00000000
0x16ff9eb80: 0x00000000 0x00000000 0xe0510068 0xb82ff30b
0x16ff9eb90: 0x4bef41a0 0x00000001 0x4bef41a0 0x00000001
0x16ff9eba0: 0x4bf556a8 0x00000001 0x00000051 0x00000000
0x16ff9ebb0: 0x00000000 0x00000000 0x00002710 0x00000000
0x16ff9ebc0: 0x1ba0a0e8 0x00000001 0x00000052 0x00000000
0x16ff9ebd0: 0x6ff9edc0 0x00000001 0x6ff9edb8 0x00000001
0x16ff9ebe0: 0x6ff9ed30 0x00000001 0x0021bfac 0x00000001
0x16ff9ebf0: 0x6ff9f0e0 0x00000001 0x4bef41a0 0x00000001
0x16ff9ec00: 0x4bf556a8 0x00000001 0x00000000 0x00000000
0x16ff9ec10: 0x00000000 0x00000000 0x00000200 0x00000000
0x16ff9ec20: 0x7fffffff 0x00000001 0x00000008 0x00000000
0x16ff9ec30: 0x00000200 0x00000000 0x00000020 0x00000001
0x16ff9ec40: 0x4bf640b0 0x00000001 0x4bf64290 0x00000001
0x16ff9ec50: 0x4bf640b0 0x00000001 0x00000000 0x00000000
0x16ff9ec60: 0x00000000 0x00000000 0x1ba00100 0x00000001
0x16ff9ec70: 0x00000004 0x00000000 0x00000100 0x00000000
0x16ff9ec80: 0x00000000 0x00000000 0x00771cf0 0x52000001
0x16ff9ec90: 0x00000000 0x00000000 0x00000000 0x00000000
0x16ff9eca0: 0x00000000 0x00000000 0x00771cf0 0x51000001
0x16ff9ecb0: 0x4bfafff0 0x00000001 0x4bfb0010 0x00000001
0x16ff9ecc0: 0x4bfb0010 0x00000001 0x00634000 0x00000001
0x16ff9ecd0: 0x6ff9ed10 0x00000001 0x9d027be8 0x00000001
0x16ff9ece0: 0x005d39a8 0x00000001 0xe0510068 0xb82ff30b
0x16ff9ecf0: 0x4bf556a8 0x00000001 0x4bf556c0 0x00000001
0x16ff9ed00: 0x005d39a8 0x00000001 0x00000001 0x00000000
0x16ff9ed10: 0x4beee470 0x00000001 0x4bf55410 0x00000001
0x16ff9ed20: 0x1ba0a020 0x00000001 0x6ff9eef0 0x00000001
0x16ff9ed30: 0x6ff9ee60 0x00000001 0x0024ef5c 0x00000001
0x16ff9ed40: 0x6ff9edd0 0x00000001 0x9d028dc4 0x00000001
0x16ff9ed50: 0x1ba0a020 0x00000001 0x6ff9eef0 0x00000001
0x16ff9ed60: 0x6ff9edf0 0x00000001 0x9d02bcbc 0x00000001
0x16ff9ed70: 0x005d39a8 0x00000001 0x00000001 0x00000000
0x16ff9ed80: 0x4bef41a0 0x00000001 0x4d104000 0x00000001
0x16ff9ed90: 0x00000002 0x0000000b 0x00638080 0x00000001
0x16ff9eda0: 0x00000002 0x00000000 0x6ff9f0e0 0x00000001
0x16ff9edb0: 0x00000001 0x00000000 0x4d169310 0x00000001
0x16ff9edc0: 0x4d191952 0x00000001 0x00000000 0x00000000
0x16ff9edd0: 0x08bae051 0x00000002 0x4bf4f1b0 0x00000001
0x16ff9ede0: 0x00638080 0x00000001 0x00647800 0x00000001
0x16ff9edf0: 0x6ff9ee60 0x00000001 0x9d02b99c 0x00000001
(lldb) (unsigned int) $27 = 16
(lldb) Process 6589 resuming
Process 6589 stopped
* thread #7, stop reason = breakpoint 2.1
    frame #0: 0x0000000100014328 H90 Control`___lldb_unnamed_symbol866
H90 Control`___lldb_unnamed_symbol866:
->  0x100014328 <+0>:  stp    d9, d8, [sp, #-0x40]!
    0x10001432c <+4>:  stp    x22, x21, [sp, #0x10]
    0x100014330 <+8>:  stp    x20, x19, [sp, #0x20]
    0x100014334 <+12>: stp    x29, x30, [sp, #0x30]
Target 0: (H90 Control) stopped.
(lldb) continue
Process 6589 resuming
Process 6589 stopped
* thread #1, name = 'JUCE Message Thread', queue = 'com.apple.main-thread', stop reason = breakpoint 1.1
    frame #0: 0x000000010001336c H90 Control`___lldb_unnamed_symbol857 + 704
H90 Control`___lldb_unnamed_symbol857:
->  0x10001336c <+704>: bl     0x100477330               ; symbol stub for: MIDISendEventList
    0x100013370 <+708>: b      0x100013380               ; <+724>
    0x100013374 <+712>: mov    x0, x1
    0x100013378 <+716>: mov    x1, x2
Target 0: (H90 Control) stopped.
(lldb) script print("==BP=1 n=15==")
script print("SEND")
thread info
==BP=1 n=15==
(lldb) thread backtrace -c 30
SEND
(lldb) register read x0 x1 x2 x3 x4
thread #1: tid = 0xade7, 0x000000010001336c H90 Control`___lldb_unnamed_symbol857 + 704, name = 'JUCE Message Thread', queue = 'com.apple.main-thread', stop reason = breakpoint 1.1

(lldb) memory read -f x -c 300 -s 4 --force $x2
* thread #1, name = 'JUCE Message Thread', queue = 'com.apple.main-thread', stop reason = breakpoint 1.1
  * frame #0: 0x000000010001336c H90 Control`___lldb_unnamed_symbol857 + 704
    frame #1: 0x000000010024b4bc H90 Control`___lldb_unnamed_symbol7701 + 308
    frame #2: 0x000000010025561c H90 Control`___lldb_unnamed_symbol7752 + 84
    frame #3: 0x0000000100303bd4 H90 Control`___lldb_unnamed_symbol9371 + 60
    frame #4: 0x000000010006d7e8 H90 Control`___lldb_unnamed_symbol1780 + 340
    frame #5: 0x0000000100068eec H90 Control`___lldb_unnamed_symbol1674 + 364
    frame #6: 0x0000000100068d34 H90 Control`___lldb_unnamed_symbol1673 + 20
    frame #7: 0x000000019d312b14 CoreFoundation`__CFRUNLOOP_IS_CALLING_OUT_TO_A_SOURCE0_PERFORM_FUNCTION__ + 28
    frame #8: 0x000000019d312aa8 CoreFoundation`__CFRunLoopDoSource0 + 172
    frame #9: 0x000000019d312814 CoreFoundation`__CFRunLoopDoSources0 + 232
    frame #10: 0x000000019d311468 CoreFoundation`__CFRunLoopRun + 840
    frame #11: 0x000000019d310a98 CoreFoundation`CFRunLoopRunSpecific + 572
    frame #12: 0x00000001a8db327c HIToolbox`RunCurrentEventLoopInMode + 324
    frame #13: 0x00000001a8db64e8 HIToolbox`ReceiveNextEventCommon + 676
    frame #14: 0x00000001a8f41484 HIToolbox`_BlockUntilNextEventMatchingListInModeWithFilter + 76
    frame #15: 0x00000001a1235a34 AppKit`_DPSNextEvent + 684
    frame #16: 0x00000001a1bd4940 AppKit`-[NSApplication(NSEventRouting) _nextEventMatchingEventMask:untilDate:inMode:dequeue:] + 688
    frame #17: 0x00000001a1228be4 AppKit`-[NSApplication run] + 480
    frame #18: 0x00000001001f0410 H90 Control`___lldb_unnamed_symbol6836 + 276
    frame #19: 0x000000019ce86b98 dyld`start + 6076
(lldb) expr -- (*(unsigned int*)($x2 + 16)) & 0xffff
      x0 = 0x00000000011b4090
      x1 = 0x00000000011b4013
      x2 = 0x000000016fdfcd60
      x3 = 0x0000000e81e2153a
      x4 = 0x0000000000000002
(lldb) continue
0x16fdfcd60: 0x00000001 0x00000001 0x81e2153a 0x0000000e
0x16fdfcd70: 0x00000010 0x30161c77 0x00014e00 0x3026090c
0x16fdfcd80: 0x00000000 0x30260100 0x06000e00 0x30264000
0x16fdfcd90: 0x00020000 0x30260000 0x00002002 0x30260400
0x16fdfcda0: 0x00002000 0x30260001 0x00040000 0x30320000
0x16fdfcdb0: 0x00000000 0x00000000 0x00000000 0x00000000
0x16fdfcdc0: 0x00000000 0x00000000 0x00000000 0x00000000
0x16fdfcdd0: 0x00000000 0x00000000 0x00000000 0x00000000
0x16fdfcde0: 0x00000000 0x00000000 0x00000000 0x00000000
0x16fdfcdf0: 0x00000000 0x00000000 0x00000000 0x00000000
0x16fdfce00: 0x00000000 0x00000000 0x00000000 0x00000000
0x16fdfce10: 0x00000000 0x00000000 0x00000000 0x00000000
0x16fdfce20: 0x00000000 0x00000000 0x00000000 0x00000000
0x16fdfce30: 0x00000000 0x00000000 0x00000000 0x00000000
0x16fdfce40: 0x00000000 0x00000000 0x00000000 0x00000000
0x16fdfce50: 0x00000000 0x00000000 0x00000000 0x00000000
0x16fdfce60: 0x00000000 0x00000000 0x00000000 0x00000000
0x16fdfce70: 0x00000000 0x00000001 0x001e70a0 0x00000001
0x16fdfce80: 0x81e2153a 0x0000000e 0x011b4013 0x011b4090
0x16fdfce90: 0x6fdfce98 0x00000001 0x30320000 0x00000000
0x16fdfcea0: 0x6fdfcd18 0x00000001 0x6fdfcd58 0x00000001
0x16fdfceb0: 0x6fdfcd30 0x00000001 0x6fdfcd48 0x00000001
0x16fdfcec0: 0x4bece880 0x00000001 0x4bece8c0 0x00000001
0x16fdfced0: 0x00000001 0x00000000 0x00279dc4 0x00000000
0x16fdfcee0: 0x005d5080 0x00000001 0x005d3000 0x00000001
0x16fdfcef0: 0x005d5000 0x00000001 0x4d134dc0 0x00000001
0x16fdfcf00: 0x4bf55618 0x00000001 0x00000009 0x00000000
0x16fdfcf10: 0x1ba0a040 0x00000001 0x6fdfd068 0x00000001
0x16fdfcf20: 0x6fdfd020 0x00000001 0x0024b4bc 0x00000001
0x16fdfcf30: 0x00000000 0x00000000 0x9d028d00 0x00000001
0x16fdfcf40: 0x00000200 0x00000000 0x7fffffff 0x00000001
0x16fdfcf50: 0x00000008 0x00000000 0x00000200 0x00000000
0x16fdfcf60: 0x00000020 0x00000001 0x3c634e30 0x00000001
0x16fdfcf70: 0x3c635010 0x00000001 0x3c634e30 0x00000001
0x16fdfcf80: 0x00000000 0x00000000 0x00000000 0x00000000
0x16fdfcf90: 0x005d0100 0x00000001 0x00000004 0x00000000
0x16fdfcfa0: 0x4bf50100 0x00000001 0x00000000 0x00000000
0x16fdfcfb0: 0x00771cf0 0x09000001 0x4bea3760 0x00000001
0x16fdfcfc0: 0x4bea3780 0x00000001 0x4bea3780 0x00000001
0x16fdfcfd0: 0x4bea5940 0x00000001 0x00000000 0x00000000
0x16fdfcfe0: 0x0000002e 0x00000001 0x0000002e 0x00000000
0x16fdfcff0: 0x4bea5940 0x00000001 0x00000000 0x00000000
0x16fdfd000: 0x4bf55618 0x00000001 0x00000001 0x00000000
0x16fdfd010: 0x1ba0a020 0x00000001 0x6fdfd068 0x00000001
0x16fdfd020: 0x6fdfd050 0x00000001 0x0025561c 0x00000001
0x16fdfd030: 0x005d5009 0x00000001 0x4beac860 0x00000001
0x16fdfd040: 0x00000000 0x00000000 0x4bf55410 0x00000001
0x16fdfd050: 0x6fdfd090 0x00000001 0x00303bd4 0x00000001
0x16fdfd060: 0x6fdfd090 0x00000001 0x001dd034 0x00000001
0x16fdfd070: 0x4bf55618 0x00000001 0x005d50d0 0x00000001
0x16fdfd080: 0x4d134f28 0x00000001 0x4d134ee8 0x00000001
0x16fdfd090: 0x6fdfd0f0 0x00000001 0x0006d7e8 0x00000001
0x16fdfd0a0: 0x00001d03 0x00000000 0x00000000 0x00000000
0x16fdfd0b0: 0x211200d5 0x00000000 0x00000000 0x00000000
0x16fdfd0c0: 0x00001c03 0x00000000 0x0b1d7000 0x00000002
0x16fdfd0d0: 0x4d068f48 0x00000001 0x00000000 0x00000000
0x16fdfd0e0: 0x4e07e778 0x00000001 0x4d068f40 0x00000001
0x16fdfd0f0: 0x6fdfd120 0x00000001 0x00068eec 0x00000001
0x16fdfd100: 0x141300b9 0x00000000 0x4e07e770 0x00000001
0x16fdfd110: 0x3be455d0 0x00000001 0x3be455d0 0x00000001
0x16fdfd120: 0x6fdfd140 0x00000001 0x00068d34 0x00000001
0x16fdfd130: 0x3be455d0 0x00000001 0x00068d20 0x00000001
0x16fdfd140: 0x6fdfd150 0x00000001 0x9d312b14 0x00000001
0x16fdfd150: 0x6fdfd180 0x00000001 0x9d312aa8 0x00000001
0x16fdfd160: 0x00000001 0x00000000 0x00000001 0x00000000
0x16fdfd170: 0x4d108b80 0x00000001 0x4d108f60 0x00000001
0x16fdfd180: 0x6fdfd1e0 0x00000001 0x9d312814 0x00000001
0x16fdfd190: 0x3be458c0 0x00000001 0xe0510068 0xb82ff30b
0x16fdfd1a0: 0x00000000 0x00000000 0x00000000 0x00000000
0x16fdfd1b0: 0x00001c03 0x00000000 0x00000001 0x00000000
0x16fdfd1c0: 0x4d108b80 0x00000001 0x6fdfd2e0 0x00000001
0x16fdfd1d0: 0x4d108f60 0x00000001 0x00000000 0x00000000
0x16fdfd1e0: 0x6fdfdf50 0x00000001 0x9d311468 0x00000001
0x16fdfd1f0: 0x08400202 0x00000000 0x00000000 0x00000000
0x16fdfd200: 0x0c5cbf00 0x00000002 0x00000000 0x00000000
(lldb) (unsigned int) $29 = 16
(lldb) Process 6589 resuming
Process 6589 stopped
* thread #1, name = 'JUCE Message Thread', queue = 'com.apple.main-thread', stop reason = breakpoint 1.1
    frame #0: 0x000000010001336c H90 Control`___lldb_unnamed_symbol857 + 704
H90 Control`___lldb_unnamed_symbol857:
->  0x10001336c <+704>: bl     0x100477330               ; symbol stub for: MIDISendEventList
    0x100013370 <+708>: b      0x100013380               ; <+724>
    0x100013374 <+712>: mov    x0, x1
    0x100013378 <+716>: mov    x1, x2
Target 0: (H90 Control) stopped.
(lldb) script print("==BP=1 n=16==")
script print("SEND")
thread info
==BP=1 n=16==
(lldb) thread backtrace -c 30
SEND
(lldb) thread #1: tid = 0xade7, 0x000000010001336c H90 Control`___lldb_unnamed_symbol857 + 704, name = 'JUCE Message Thread', queue = 'com.apple.main-thread', stop reason = breakpoint 1.1

register read x0 x1 x2 x3 x4
(lldb) memory read -f x -c 300 -s 4 --force $x2
* thread #1, name = 'JUCE Message Thread', queue = 'com.apple.main-thread', stop reason = breakpoint 1.1
  * frame #0: 0x000000010001336c H90 Control`___lldb_unnamed_symbol857 + 704
    frame #1: 0x000000010021e068 H90 Control`___lldb_unnamed_symbol7315 + 220
    frame #2: 0x000000010021bfac H90 Control`___lldb_unnamed_symbol7310 + 328
    frame #3: 0x000000010024aad8 H90 Control`___lldb_unnamed_symbol7698 + 100
    frame #4: 0x000000010021932c H90 Control`___lldb_unnamed_symbol7290 + 6300
    frame #5: 0x00000001002179d0 H90 Control`___lldb_unnamed_symbol7289 + 200
    frame #6: 0x0000000100303c20 H90 Control`___lldb_unnamed_symbol9371 + 136
    frame #7: 0x000000010006d7e8 H90 Control`___lldb_unnamed_symbol1780 + 340
    frame #8: 0x0000000100068eec H90 Control`___lldb_unnamed_symbol1674 + 364
    frame #9: 0x0000000100068d34 H90 Control`___lldb_unnamed_symbol1673 + 20
    frame #10: 0x000000019d312b14 CoreFoundation`__CFRUNLOOP_IS_CALLING_OUT_TO_A_SOURCE0_PERFORM_FUNCTION__ + 28
    frame #11: 0x000000019d312aa8 CoreFoundation`__CFRunLoopDoSource0 + 172
    frame #12: 0x000000019d312814 CoreFoundation`__CFRunLoopDoSources0 + 232
    frame #13: 0x000000019d311468 CoreFoundation`__CFRunLoopRun + 840
    frame #14: 0x000000019d310a98 CoreFoundation`CFRunLoopRunSpecific + 572
    frame #15: 0x00000001a8db327c HIToolbox`RunCurrentEventLoopInMode + 324
    frame #16: 0x00000001a8db64e8 HIToolbox`ReceiveNextEventCommon + 676
    frame #17: 0x00000001a8f41484 HIToolbox`_BlockUntilNextEventMatchingListInModeWithFilter + 76
    frame #18: 0x00000001a1235a34 AppKit`_DPSNextEvent + 684
    frame #19: 0x00000001a1bd4940 AppKit`-[NSApplication(NSEventRouting) _nextEventMatchingEventMask:untilDate:inMode:dequeue:] + 688
    frame #20: 0x00000001a1228be4 AppKit`-[NSApplication run] + 480
    frame #21: 0x00000001001f0410 H90 Control`___lldb_unnamed_symbol6836 + 276
    frame #22: 0x000000019ce86b98 dyld`start + 6076
(lldb)       x0 = 0x00000000011b4090expr -- (*(unsigned int*)($x2 + 16)) & 0xffff

      x1 = 0x00000000011b4013
      x2 = 0x000000016fdfca20
      x3 = 0x0000000e81e73e99
      x4 = 0x0000000000000002
(lldb) continue
0x16fdfca20: 0x00000001 0x00000001 0x81e73e99 0x0000000e
0x16fdfca30: 0x00000010 0x30161c77 0x00016000 0x3026140c
0x16fdfca40: 0x00000000 0x30260100 0x06000e00 0x30264000
0x16fdfca50: 0x00020000 0x30260000 0x00000005 0x30260400
0x16fdfca60: 0x00002000 0x30260001 0x00040000 0x30320000
0x16fdfca70: 0x00000000 0x00000000 0x00000000 0x00000000
0x16fdfca80: 0x00000000 0x00000000 0x00000000 0x00000000
0x16fdfca90: 0x00000000 0x00000000 0x00000000 0x00000000
0x16fdfcaa0: 0x00000000 0x00000000 0x00000000 0x00000000
0x16fdfcab0: 0x00000000 0x00000000 0x00000000 0x00000000
0x16fdfcac0: 0x00000000 0x00000000 0x00000000 0x00000000
0x16fdfcad0: 0x00000000 0x00000000 0x00000000 0x00000000
0x16fdfcae0: 0x00000000 0x00000000 0x00000000 0x00000000
0x16fdfcaf0: 0x00000000 0x00000000 0x00000000 0x00000000
0x16fdfcb00: 0x00000000 0x00000000 0x00000000 0x00000000
0x16fdfcb10: 0x00000000 0x00000000 0x00000000 0x00000000
0x16fdfcb20: 0x00000000 0x00000000 0x00000000 0x00000000
0x16fdfcb30: 0x00000000 0x00000001 0x001e70a0 0x00000001
0x16fdfcb40: 0x81e73e99 0x0000000e 0x011b4013 0x011b4090
0x16fdfcb50: 0x6fdfcb58 0x00000001 0x30320000 0x00000000
0x16fdfcb60: 0x6fdfc9d8 0x00000001 0x6fdfca18 0x00000001
0x16fdfcb70: 0x6fdfc9f0 0x00000001 0x6fdfca08 0x00000001
0x16fdfcb80: 0x3becf540 0x00000001 0x3becf580 0x00000001
0x16fdfcb90: 0x005d39a8 0x00000001 0x1ba0a040 0x00000001
0x16fdfcba0: 0x6fdfcc18 0x00000001 0x00002710 0x00000000
0x16fdfcbb0: 0x1ba0a0e8 0x00000001 0x00000000 0x00000000
0x16fdfcbc0: 0x6fdfcd78 0x00000001 0x00000015 0x00000000
0x16fdfcbd0: 0x6fdfcd58 0x00000001 0x6fdfccd0 0x00000001
0x16fdfcbe0: 0x6fdfccb0 0x00000001 0x0021e068 0x00000001
0x16fdfcbf0: 0x00000000 0x00000000 0x3bed9b90 0x00000001
0x16fdfcc00: 0x3bed9b70 0x00000001 0x00000000 0x00000000
0x16fdfcc10: 0x40079860 0x00000c00 0x3becf890 0x00000001
0x16fdfcc20: 0x00000000 0x00000000 0x0000002e 0x00000001
0x16fdfcc30: 0x00000000 0x00000000 0x0000002e 0x00000000
0x16fdfcc40: 0x3becf890 0x00000001 0x00000000 0x00000000
0x16fdfcc50: 0x00000000 0x00000000 0xe0510068 0xb82ff30b
0x16fdfcc60: 0x005d39a8 0x00000001 0x005d3df8 0x00000001
0x16fdfcc70: 0x005d3df0 0x00000001 0x00000014 0x00000000
0x16fdfcc80: 0x00000000 0x00000000 0x00002710 0x00000000
0x16fdfcc90: 0x1ba0a0e8 0x00000001 0x00000015 0x00000000
0x16fdfcca0: 0x6fdfce20 0x00000001 0x6fdfce18 0x00000001
0x16fdfccb0: 0x6fdfce00 0x00000001 0x0021bfac 0x00000001
0x16fdfccc0: 0x0b1ba1a0 0x00000002 0x005d3df8 0x00000001
0x16fdfccd0: 0x005d3df0 0x00000001 0x00000000 0x00000000
0x16fdfcce0: 0x00000000 0x00000000 0x00000200 0x00000000
0x16fdfccf0: 0x7fffffff 0x00000001 0x00000008 0x00000000
0x16fdfcd00: 0x00000200 0x00000000 0x00000020 0x00000001
0x16fdfcd10: 0x3bed9990 0x00000001 0x3bed9b70 0x00000001
0x16fdfcd20: 0x3bed9990 0x00000001 0x00000000 0x00000000
0x16fdfcd30: 0x00000000 0x00000000 0x00550100 0x00000001
0x16fdfcd40: 0x00000004 0x00000000 0x1bb80100 0x00000001
0x16fdfcd50: 0x00000000 0x00000000 0x00771cf0 0x15000001
0x16fdfcd60: 0x00000000 0x00000000 0x00000000 0x00000000
0x16fdfcd70: 0x00000000 0x00000000 0x00771cf0 0x14000001
0x16fdfcd80: 0x3becf2b0 0x00000001 0x3becf2d0 0x00000001
0x16fdfcd90: 0x3becf2d0 0x00000001 0x00634000 0x00000001
0x16fdfcda0: 0x6fdfcde0 0x00000001 0x9d027be8 0x00000001
0x16fdfcdb0: 0x4d01f890 0x00000001 0xe0510068 0xb82ff30b
0x16fdfcdc0: 0x005d3df0 0x00000001 0x4d023680 0x00000001
0x16fdfcdd0: 0x4d01f890 0x00000001 0x4d0259c0 0x00000001
0x16fdfcde0: 0x005d3df8 0x00000001 0x4d0966e0 0x00000001
0x16fdfcdf0: 0x1ba0a020 0x00000001 0x6fdfce98 0x00000001
0x16fdfce00: 0x6fdfce50 0x00000001 0x0024aad8 0x00000001
0x16fdfce10: 0x4d0259c0 0x00000001 0x4d023680 0x00000001
0x16fdfce20: 0x4d01f815 0x00000001 0x00000000 0x00000000
0x16fdfce30: 0x005d3d14 0x00000001 0x3bed3f50 0x00000001
0x16fdfce40: 0xe1b49c45 0x00000000 0x005d3de0 0x00000001
0x16fdfce50: 0x6fdfd010 0x00000001 0x0021932c 0x00000001
0x16fdfce60: 0x00000002 0x00000000 0x0b1ba1a0 0x00000002
0x16fdfce70: 0x4d01f8d8 0x00000001 0x005d3e08 0x00000001
0x16fdfce80: 0x005d3e10 0x00000001 0x4d01ceb0 0x00000001
0x16fdfce90: 0x005d3df0 0x00000001 0x4be00000 0x00000001
0x16fdfcea0: 0x00638080 0x00000001 0x00648c00 0x00000001
0x16fdfceb0: 0x6fdfcf20 0x00000001 0x9d02b99c 0x00000001
0x16fdfcec0: 0x4bece880 0x00000001 0x4bece8c0 0x00000000
(lldb) (unsigned int) $31 = 16
(lldb) Process 6589 resuming
Process 6589 stopped
* thread #7, stop reason = breakpoint 2.1
    frame #0: 0x0000000100014328 H90 Control`___lldb_unnamed_symbol866
H90 Control`___lldb_unnamed_symbol866:
->  0x100014328 <+0>:  stp    d9, d8, [sp, #-0x40]!
    0x10001432c <+4>:  stp    x22, x21, [sp, #0x10]
    0x100014330 <+8>:  stp    x20, x19, [sp, #0x20]
    0x100014334 <+12>: stp    x29, x30, [sp, #0x30]
Target 0: (H90 Control) stopped.
(lldb) continue
Process 6589 resuming
Process 6589 stopped
* thread #7, stop reason = breakpoint 2.1
    frame #0: 0x0000000100014328 H90 Control`___lldb_unnamed_symbol866
H90 Control`___lldb_unnamed_symbol866:
->  0x100014328 <+0>:  stp    d9, d8, [sp, #-0x40]!
    0x10001432c <+4>:  stp    x22, x21, [sp, #0x10]
    0x100014330 <+8>:  stp    x20, x19, [sp, #0x20]
    0x100014334 <+12>: stp    x29, x30, [sp, #0x30]
Target 0: (H90 Control) stopped.
(lldb) continue
Process 6589 resuming
Process 6589 stopped
* thread #7, stop reason = breakpoint 2.1
    frame #0: 0x0000000100014328 H90 Control`___lldb_unnamed_symbol866
H90 Control`___lldb_unnamed_symbol866:
->  0x100014328 <+0>:  stp    d9, d8, [sp, #-0x40]!
    0x10001432c <+4>:  stp    x22, x21, [sp, #0x10]
    0x100014330 <+8>:  stp    x20, x19, [sp, #0x20]
    0x100014334 <+12>: stp    x29, x30, [sp, #0x30]
Target 0: (H90 Control) stopped.
(lldb) continue
Process 6589 resuming
Process 6589 stopped
* thread #7, stop reason = breakpoint 2.1
    frame #0: 0x0000000100014328 H90 Control`___lldb_unnamed_symbol866
H90 Control`___lldb_unnamed_symbol866:
->  0x100014328 <+0>:  stp    d9, d8, [sp, #-0x40]!
    0x10001432c <+4>:  stp    x22, x21, [sp, #0x10]
    0x100014330 <+8>:  stp    x20, x19, [sp, #0x20]
    0x100014334 <+12>: stp    x29, x30, [sp, #0x30]
Target 0: (H90 Control) stopped.
(lldb) continue
Process 6589 resuming
Process 6589 stopped
* thread #7, stop reason = breakpoint 2.1
    frame #0: 0x0000000100014328 H90 Control`___lldb_unnamed_symbol866
H90 Control`___lldb_unnamed_symbol866:
->  0x100014328 <+0>:  stp    d9, d8, [sp, #-0x40]!
    0x10001432c <+4>:  stp    x22, x21, [sp, #0x10]
    0x100014330 <+8>:  stp    x20, x19, [sp, #0x20]
    0x100014334 <+12>: stp    x29, x30, [sp, #0x30]
Target 0: (H90 Control) stopped.
(lldb) continue
Process 6589 resuming
Process 6589 stopped
* thread #7, stop reason = breakpoint 2.1
    frame #0: 0x0000000100014328 H90 Control`___lldb_unnamed_symbol866
H90 Control`___lldb_unnamed_symbol866:
->  0x100014328 <+0>:  stp    d9, d8, [sp, #-0x40]!
    0x10001432c <+4>:  stp    x22, x21, [sp, #0x10]
    0x100014330 <+8>:  stp    x20, x19, [sp, #0x20]
    0x100014334 <+12>: stp    x29, x30, [sp, #0x30]
Target 0: (H90 Control) stopped.
(lldb) continue
Process 6589 resuming
Process 6589 stopped
* thread #7, stop reason = breakpoint 2.1
    frame #0: 0x0000000100014328 H90 Control`___lldb_unnamed_symbol866
H90 Control`___lldb_unnamed_symbol866:
->  0x100014328 <+0>:  stp    d9, d8, [sp, #-0x40]!
    0x10001432c <+4>:  stp    x22, x21, [sp, #0x10]
    0x100014330 <+8>:  stp    x20, x19, [sp, #0x20]
    0x100014334 <+12>: stp    x29, x30, [sp, #0x30]
Target 0: (H90 Control) stopped.
(lldb) continue
Process 6589 resuming
Process 6589 stopped
* thread #7, stop reason = breakpoint 2.1
    frame #0: 0x0000000100014328 H90 Control`___lldb_unnamed_symbol866
H90 Control`___lldb_unnamed_symbol866:
->  0x100014328 <+0>:  stp    d9, d8, [sp, #-0x40]!
    0x10001432c <+4>:  stp    x22, x21, [sp, #0x10]
    0x100014330 <+8>:  stp    x20, x19, [sp, #0x20]
    0x100014334 <+12>: stp    x29, x30, [sp, #0x30]
Target 0: (H90 Control) stopped.
(lldb) continue
Process 6589 resuming
Process 6589 stopped
* thread #7, stop reason = breakpoint 2.1
    frame #0: 0x0000000100014328 H90 Control`___lldb_unnamed_symbol866
H90 Control`___lldb_unnamed_symbol866:
->  0x100014328 <+0>:  stp    d9, d8, [sp, #-0x40]!
    0x10001432c <+4>:  stp    x22, x21, [sp, #0x10]
    0x100014330 <+8>:  stp    x20, x19, [sp, #0x20]
    0x100014334 <+12>: stp    x29, x30, [sp, #0x30]
Target 0: (H90 Control) stopped.
(lldb) continue
Process 6589 resuming
Process 6589 stopped
* thread #7, stop reason = breakpoint 2.1
    frame #0: 0x0000000100014328 H90 Control`___lldb_unnamed_symbol866
H90 Control`___lldb_unnamed_symbol866:
->  0x100014328 <+0>:  stp    d9, d8, [sp, #-0x40]!
    0x10001432c <+4>:  stp    x22, x21, [sp, #0x10]
    0x100014330 <+8>:  stp    x20, x19, [sp, #0x20]
    0x100014334 <+12>: stp    x29, x30, [sp, #0x30]
Target 0: (H90 Control) stopped.
(lldb) continue
Process 6589 resuming
Process 6589 stopped
* thread #7, stop reason = breakpoint 2.1
    frame #0: 0x0000000100014328 H90 Control`___lldb_unnamed_symbol866
H90 Control`___lldb_unnamed_symbol866:
->  0x100014328 <+0>:  stp    d9, d8, [sp, #-0x40]!
    0x10001432c <+4>:  stp    x22, x21, [sp, #0x10]
    0x100014330 <+8>:  stp    x20, x19, [sp, #0x20]
    0x100014334 <+12>: stp    x29, x30, [sp, #0x30]
Target 0: (H90 Control) stopped.
(lldb) continue
Process 6589 resuming
Process 6589 stopped
* thread #7, stop reason = breakpoint 2.1
    frame #0: 0x0000000100014328 H90 Control`___lldb_unnamed_symbol866
H90 Control`___lldb_unnamed_symbol866:
->  0x100014328 <+0>:  stp    d9, d8, [sp, #-0x40]!
    0x10001432c <+4>:  stp    x22, x21, [sp, #0x10]
    0x100014330 <+8>:  stp    x20, x19, [sp, #0x20]
    0x100014334 <+12>: stp    x29, x30, [sp, #0x30]
Target 0: (H90 Control) stopped.
(lldb) continue
Process 6589 resuming
Process 6589 stopped
* thread #7, stop reason = breakpoint 2.1
    frame #0: 0x0000000100014328 H90 Control`___lldb_unnamed_symbol866
H90 Control`___lldb_unnamed_symbol866:
->  0x100014328 <+0>:  stp    d9, d8, [sp, #-0x40]!
    0x10001432c <+4>:  stp    x22, x21, [sp, #0x10]
    0x100014330 <+8>:  stp    x20, x19, [sp, #0x20]
    0x100014334 <+12>: stp    x29, x30, [sp, #0x30]
Target 0: (H90 Control) stopped.
(lldb) continue
Process 6589 resuming
Process 6589 stopped
* thread #7, stop reason = breakpoint 2.1
    frame #0: 0x0000000100014328 H90 Control`___lldb_unnamed_symbol866
H90 Control`___lldb_unnamed_symbol866:
->  0x100014328 <+0>:  stp    d9, d8, [sp, #-0x40]!
    0x10001432c <+4>:  stp    x22, x21, [sp, #0x10]
    0x100014330 <+8>:  stp    x20, x19, [sp, #0x20]
    0x100014334 <+12>: stp    x29, x30, [sp, #0x30]
Target 0: (H90 Control) stopped.
(lldb) continue
Process 6589 resuming
Process 6589 stopped
* thread #7, stop reason = breakpoint 2.1
    frame #0: 0x0000000100014328 H90 Control`___lldb_unnamed_symbol866
H90 Control`___lldb_unnamed_symbol866:
->  0x100014328 <+0>:  stp    d9, d8, [sp, #-0x40]!
    0x10001432c <+4>:  stp    x22, x21, [sp, #0x10]
    0x100014330 <+8>:  stp    x20, x19, [sp, #0x20]
    0x100014334 <+12>: stp    x29, x30, [sp, #0x30]
Target 0: (H90 Control) stopped.
(lldb) continue
Process 6589 resuming
Process 6589 stopped
* thread #7, stop reason = breakpoint 2.1
    frame #0: 0x0000000100014328 H90 Control`___lldb_unnamed_symbol866
H90 Control`___lldb_unnamed_symbol866:
->  0x100014328 <+0>:  stp    d9, d8, [sp, #-0x40]!
    0x10001432c <+4>:  stp    x22, x21, [sp, #0x10]
    0x100014330 <+8>:  stp    x20, x19, [sp, #0x20]
    0x100014334 <+12>: stp    x29, x30, [sp, #0x30]
Target 0: (H90 Control) stopped.
(lldb) continue
Process 6589 resuming
Process 6589 stopped
* thread #7, stop reason = breakpoint 2.1
    frame #0: 0x0000000100014328 H90 Control`___lldb_unnamed_symbol866
H90 Control`___lldb_unnamed_symbol866:
->  0x100014328 <+0>:  stp    d9, d8, [sp, #-0x40]!
    0x10001432c <+4>:  stp    x22, x21, [sp, #0x10]
    0x100014330 <+8>:  stp    x20, x19, [sp, #0x20]
    0x100014334 <+12>: stp    x29, x30, [sp, #0x30]
Target 0: (H90 Control) stopped.
(lldb) continue
Process 6589 resuming
Process 6589 stopped
* thread #7, stop reason = breakpoint 2.1
    frame #0: 0x0000000100014328 H90 Control`___lldb_unnamed_symbol866
H90 Control`___lldb_unnamed_symbol866:
->  0x100014328 <+0>:  stp    d9, d8, [sp, #-0x40]!
    0x10001432c <+4>:  stp    x22, x21, [sp, #0x10]
    0x100014330 <+8>:  stp    x20, x19, [sp, #0x20]
    0x100014334 <+12>: stp    x29, x30, [sp, #0x30]
Target 0: (H90 Control) stopped.
(lldb) continue
Process 6589 resuming
Process 6589 stopped
* thread #7, stop reason = breakpoint 2.1
    frame #0: 0x0000000100014328 H90 Control`___lldb_unnamed_symbol866
H90 Control`___lldb_unnamed_symbol866:
->  0x100014328 <+0>:  stp    d9, d8, [sp, #-0x40]!
    0x10001432c <+4>:  stp    x22, x21, [sp, #0x10]
    0x100014330 <+8>:  stp    x20, x19, [sp, #0x20]
    0x100014334 <+12>: stp    x29, x30, [sp, #0x30]
Target 0: (H90 Control) stopped.
(lldb) continue
Process 6589 resuming
Process 6589 stopped
* thread #7, stop reason = breakpoint 2.1
    frame #0: 0x0000000100014328 H90 Control`___lldb_unnamed_symbol866
H90 Control`___lldb_unnamed_symbol866:
->  0x100014328 <+0>:  stp    d9, d8, [sp, #-0x40]!
    0x10001432c <+4>:  stp    x22, x21, [sp, #0x10]
    0x100014330 <+8>:  stp    x20, x19, [sp, #0x20]
    0x100014334 <+12>: stp    x29, x30, [sp, #0x30]
Target 0: (H90 Control) stopped.
(lldb) continue
Process 6589 resuming
Process 6589 stopped
* thread #7, stop reason = breakpoint 2.1
    frame #0: 0x0000000100014328 H90 Control`___lldb_unnamed_symbol866
H90 Control`___lldb_unnamed_symbol866:
->  0x100014328 <+0>:  stp    d9, d8, [sp, #-0x40]!
    0x10001432c <+4>:  stp    x22, x21, [sp, #0x10]
    0x100014330 <+8>:  stp    x20, x19, [sp, #0x20]
    0x100014334 <+12>: stp    x29, x30, [sp, #0x30]
Target 0: (H90 Control) stopped.
(lldb) continue
Process 6589 resuming
Process 6589 stopped
* thread #7, stop reason = breakpoint 2.1
    frame #0: 0x0000000100014328 H90 Control`___lldb_unnamed_symbol866
H90 Control`___lldb_unnamed_symbol866:
->  0x100014328 <+0>:  stp    d9, d8, [sp, #-0x40]!
    0x10001432c <+4>:  stp    x22, x21, [sp, #0x10]
    0x100014330 <+8>:  stp    x20, x19, [sp, #0x20]
    0x100014334 <+12>: stp    x29, x30, [sp, #0x30]
Target 0: (H90 Control) stopped.
(lldb) continue
Process 6589 resuming
Process 6589 stopped
* thread #7, stop reason = breakpoint 2.1
    frame #0: 0x0000000100014328 H90 Control`___lldb_unnamed_symbol866
H90 Control`___lldb_unnamed_symbol866:
->  0x100014328 <+0>:  stp    d9, d8, [sp, #-0x40]!
    0x10001432c <+4>:  stp    x22, x21, [sp, #0x10]
    0x100014330 <+8>:  stp    x20, x19, [sp, #0x20]
    0x100014334 <+12>: stp    x29, x30, [sp, #0x30]
Target 0: (H90 Control) stopped.
(lldb) continue
Process 6589 resuming
Process 6589 stopped
* thread #7, stop reason = breakpoint 2.1
    frame #0: 0x0000000100014328 H90 Control`___lldb_unnamed_symbol866
H90 Control`___lldb_unnamed_symbol866:
->  0x100014328 <+0>:  stp    d9, d8, [sp, #-0x40]!
    0x10001432c <+4>:  stp    x22, x21, [sp, #0x10]
    0x100014330 <+8>:  stp    x20, x19, [sp, #0x20]
    0x100014334 <+12>: stp    x29, x30, [sp, #0x30]
Target 0: (H90 Control) stopped.
(lldb) continue
Process 6589 resuming
2026-08-05 15:59:56.748026+0300 H90 Control[6589:44519] [logging-persist] cannot open file at line 49455 of [1b37c146ee]
2026-08-05 15:59:56.748042+0300 H90 Control[6589:44519] [logging-persist] os_unix.c:49455: (2) open(/private/var/db/DetachedSignatures) - No such file or directory
2026-08-05 15:59:57.018429+0300 H90 Control[6589:44519] [OpenSavePanels] Ignoring NSSavePanel method sent to NSOpenPanel: setNameFieldStringValue:
2026-08-05 15:59:57.021798+0300 H90 Control[6589:44519] The class 'SafeOpenPanel_6dcc0efc10575294' overrides the method identifier.  This method is implemented by class 'NSWindow'
Process 6589 stopped
* thread #1, name = 'JUCE Message Thread', queue = 'com.apple.main-thread', stop reason = breakpoint 1.1
    frame #0: 0x000000010001336c H90 Control`___lldb_unnamed_symbol857 + 704
H90 Control`___lldb_unnamed_symbol857:
->  0x10001336c <+704>: bl     0x100477330               ; symbol stub for: MIDISendEventList
    0x100013370 <+708>: b      0x100013380               ; <+724>
    0x100013374 <+712>: mov    x0, x1
    0x100013378 <+716>: mov    x1, x2
Target 0: (H90 Control) stopped.
(lldb) script print("==BP=1 n=17==")
script print("SEND")
thread info
==BP=1 n=17==
(lldb) thread backtrace -c 30
SEND
(lldb) register read x0 x1 x2 x3 x4
thread #1: tid = 0xade7, 0x000000010001336c H90 Control`___lldb_unnamed_symbol857 + 704, name = 'JUCE Message Thread', queue = 'com.apple.main-thread', stop reason = breakpoint 1.1

(lldb) memory read -f x -c 300 -s 4 --force $x2
* thread #1, name = 'JUCE Message Thread', queue = 'com.apple.main-thread', stop reason = breakpoint 1.1
  * frame #0: 0x000000010001336c H90 Control`___lldb_unnamed_symbol857 + 704
    frame #1: 0x000000010021e068 H90 Control`___lldb_unnamed_symbol7315 + 220
    frame #2: 0x000000010021bfac H90 Control`___lldb_unnamed_symbol7310 + 328
    frame #3: 0x000000010024dc04 H90 Control`___lldb_unnamed_symbol7718 + 260
    frame #4: 0x000000010020fe04 H90 Control`___lldb_unnamed_symbol7198 + 48
    frame #5: 0x0000000100068eec H90 Control`___lldb_unnamed_symbol1674 + 364
    frame #6: 0x0000000100068d4c H90 Control`___lldb_unnamed_symbol1673 + 44
    frame #7: 0x000000019d312b14 CoreFoundation`__CFRUNLOOP_IS_CALLING_OUT_TO_A_SOURCE0_PERFORM_FUNCTION__ + 28
    frame #8: 0x000000019d312aa8 CoreFoundation`__CFRunLoopDoSource0 + 172
    frame #9: 0x000000019d312814 CoreFoundation`__CFRunLoopDoSources0 + 232
    frame #10: 0x000000019d311468 CoreFoundation`__CFRunLoopRun + 840
    frame #11: 0x000000019d310a98 CoreFoundation`CFRunLoopRunSpecific + 572
    frame #12: 0x00000001a8db327c HIToolbox`RunCurrentEventLoopInMode + 324
    frame #13: 0x00000001a8db631c HIToolbox`ReceiveNextEventCommon + 216
    frame #14: 0x00000001a8f41484 HIToolbox`_BlockUntilNextEventMatchingListInModeWithFilter + 76
    frame #15: 0x00000001a1235a34 AppKit`_DPSNextEvent + 684
    frame #16: 0x00000001a1bd4940 AppKit`-[NSApplication(NSEventRouting) _nextEventMatchingEventMask:untilDate:inMode:dequeue:] + 688
    frame #17: 0x00000001a1228be4 AppKit`-[NSApplication run] + 480
    frame #18: 0x00000001001f0410 H90 Control`___lldb_unnamed_symbol6836 + 276
    frame #19: 0x000000019ce86b98 dyld`start + 6076
(lldb)       x0 = 0x00000000011b4090
      x1 = 0x00000000011b4013
      x2 = 0x000000016fdfcc70
expr -- (*(unsigned int*)($x2 + 16)) & 0xffff
      x3 = 0x0000000e8a56dda2
      x4 = 0x0000000000000002
(lldb) continue
0x16fdfcc70: 0x00000001 0x00000001 0x8a56dda2 0x0000000e
0x16fdfcc80: 0x00000006 0x30264e54 0x45244410 0x30267741
0x16fdfcc90: 0x7f205761 0x30335f6c 0x00000000 0x3026226d
0x16fdfcca0: 0x734a3576 0x30267e36 0x783f280d 0x30265d3e
0x16fdfccb0: 0x55670b5b 0x30266477 0x691a0265 0x30265c20
0x16fdfccc0: 0x6f3b3406 0x30264819 0x52137e37 0x30265358
0x16fdfccd0: 0x5763714b 0x30260e38 0x047a1862 0x30262404
0x16fdfcce0: 0x4d544572 0x3026504e 0x33462803 0x30266755
0x16fdfccf0: 0x5c21372a 0x30263506 0x1d571a12 0x30261318
0x16fdfcd00: 0x15677272 0x30260c51 0x3a431952 0x30262f12
0x16fdfcd10: 0x48734645 0x30267359 0x3a162757 0x30262644
0x16fdfcd20: 0x26642935 0x3026115a 0x3835562e 0x3026572b
0x16fdfcd30: 0x7928166b 0x30265027 0x760b5733 0x30265134
0x16fdfcd40: 0x6e531006 0x3026144e 0x3d6f2c5e 0x30265c47
0x16fdfcd50: 0x7d5c303c 0x30260133 0x491a4c51 0x30264c4e
0x16fdfcd60: 0x71492635 0x30262c5c 0x46297511 0x3026065d
0x16fdfcd70: 0x2a6b6764 0x3026551a 0x534e4727 0x00000000
0x16fdfcd80: 0x00000000 0x00000001 0x001e70a0 0x00000001
0x16fdfcd90: 0x8a56dda2 0x0000000e 0x011b4013 0x011b4090
0x16fdfcda0: 0x6fdfcda8 0x00000001 0x30335f6c 0x00000000
0x16fdfcdb0: 0x6fdfcc28 0x00000001 0x6fdfcc68 0x00000001
0x16fdfcdc0: 0x6fdfcc40 0x00000001 0x6fdfcc58 0x00000001
0x16fdfcdd0: 0x4e0ed200 0x00000001 0x4e0ed600 0x00000001
0x16fdfcde0: 0x00001d03 0x00000000 0x1ba0a040 0x00000001
0x16fdfcdf0: 0x6fdfce68 0x00000001 0x00002710 0x00000000
0x16fdfce00: 0x1ba0a0e8 0x00000001 0x00000000 0x00000000
0x16fdfce10: 0x6fdfcfc8 0x00000001 0x00000013 0x00000000
0x16fdfce20: 0x6fdfcfa8 0x00000001 0x6fdfcf20 0x00000001
0x16fdfce30: 0x6fdfcf00 0x00000001 0x0021e068 0x00000001
0x16fdfce40: 0x6fdfcf00 0x00000001 0x0021df08 0x00000001
0x16fdfce50: 0x005956d8 0x00000001 0x3e2986f0 0x00000001
0x16fdfce60: 0x00000000 0x00000000 0x4d1bc6c0 0x00000001
0x16fdfce70: 0x00000000 0x00000000 0x000003b3 0x00000001
0x16fdfce80: 0x3e29e410 0x00000001 0x000003b3 0x00000000
0x16fdfce90: 0x4d1bc6c0 0x00000001 0x00000000 0x00000000
0x16fdfcea0: 0x00000000 0x00000000 0xe0510068 0xb82ff30b
0x16fdfceb0: 0x00001d03 0x00000000 0x00000000 0x00000000
0x16fdfcec0: 0x211200d5 0x00000000 0x0000004f 0x00000000
0x16fdfced0: 0x00000000 0x00000000 0x00002710 0x00000000
0x16fdfcee0: 0x1ba0a0e8 0x00000001 0x00000013 0x00000000
0x16fdfcef0: 0x6fdfd060 0x00000001 0x6fdfd0e8 0x00000001
0x16fdfcf00: 0x6fdfd050 0x00000001 0x0021bfac 0x00000001
0x16fdfcf10: 0x4d191400 0x00000001 0x3e1f7b60 0x00000001
0x16fdfcf20: 0x4d12acd8 0x00000001 0x00000000 0x00000000
0x16fdfcf30: 0x3e1c0c00 0x00000001 0x00000200 0x00000000
0x16fdfcf40: 0x7fffffff 0x00000001 0x00000008 0x00000000
0x16fdfcf50: 0x00000a20 0x00000000 0x000007c8 0x00000001
0x16fdfcf60: 0x4e081800 0x00000001 0x4e081a58 0x00000001
0x16fdfcf70: 0x4e081800 0x00000001 0x00000000 0x00000000
0x16fdfcf80: 0x00000000 0x00000000 0x3e1d0100 0x00000001
0x16fdfcf90: 0x00000004 0x00000000 0x4d1a0100 0x00000001
0x16fdfcfa0: 0x00000000 0x00000000 0x00771cf0 0x13000001
0x16fdfcfb0: 0x00000000 0x00000000 0x00000000 0x00000000
0x16fdfcfc0: 0x00000000 0x00000000 0x00771cf0 0x4f000003
0x16fdfcfd0: 0x4d1bd660 0x00000001 0x4d1bd994 0x00000001
0x16fdfcfe0: 0x4d1bd994 0x00000001 0x00634000 0x00000001
0x16fdfcff0: 0x6fdfd030 0x00000001 0x9d027be8 0x00000001
0x16fdfd000: 0x00001d03 0x00000000 0xe0510068 0xb82ff30b
0x16fdfd010: 0x211200d5 0x00000000 0x4d191400 0x00000001
0x16fdfd020: 0x4d1a8900 0x00000001 0x4d16e250 0x00000001
0x16fdfd030: 0x4d10aab0 0x00000001 0x4d195070 0x00000001
0x16fdfd040: 0x1ba0a020 0x00000001 0x6fdfd0e8 0x00000001
0x16fdfd050: 0x6fdfd0d0 0x00000001 0x0024dc04 0x00000001
0x16fdfd060: 0x0b1bc013 0x00000002 0x00000000 0x00000000
0x16fdfd070: 0x00000001 0x00000000 0x4d195070 0x00000001
0x16fdfd080: 0x0b66004f 0x00000002 0x4d10aab0 0x00000001
0x16fdfd090: 0x211200d5 0x00000000 0x00000000 0x00000000
0x16fdfd0a0: 0x00001c03 0x00000000 0x0b1d7000 0x00000002
0x16fdfd0b0: 0x3befc0c8 0x00000001 0x00000001 0x00000000
0x16fdfd0c0: 0x4e07e778 0x00000001 0x3befc0c0 0x00000001
0x16fdfd0d0: 0x6fdfd0f0 0x00000001 0x0020fe04 0x00000001
0x16fdfd0e0: 0x3be455d0 0x00000001 0x3befc0c0 0x00000001
0x16fdfd0f0: 0x6fdfd120 0x00000001 0x00068eec 0x00000001
0x16fdfd100: 0x141300b9 0x00000000 0x4e07e770 0x00000001
0x16fdfd110: 0x3be455d0 0x00000001 0x3be455d0 0x00000001
(lldb) (unsigned int) $33 = 6
(lldb) Process 6589 resuming
Process 6589 stopped
* thread #7, stop reason = breakpoint 2.1
    frame #0: 0x0000000100014328 H90 Control`___lldb_unnamed_symbol866
H90 Control`___lldb_unnamed_symbol866:
->  0x100014328 <+0>:  stp    d9, d8, [sp, #-0x40]!
    0x10001432c <+4>:  stp    x22, x21, [sp, #0x10]
    0x100014330 <+8>:  stp    x20, x19, [sp, #0x20]
    0x100014334 <+12>: stp    x29, x30, [sp, #0x30]
Target 0: (H90 Control) stopped.
(lldb) continue
Process 6589 resuming
‼️ [TRPCMessageBroker.h:147].midiReceived >  Ignoring inbound message ID:0x19 due to pendingResponseID:0x13
Process 6589 stopped
* thread #7, stop reason = breakpoint 2.1
    frame #0: 0x0000000100014328 H90 Control`___lldb_unnamed_symbol866
H90 Control`___lldb_unnamed_symbol866:
->  0x100014328 <+0>:  stp    d9, d8, [sp, #-0x40]!
    0x10001432c <+4>:  stp    x22, x21, [sp, #0x10]
    0x100014330 <+8>:  stp    x20, x19, [sp, #0x20]
    0x100014334 <+12>: stp    x29, x30, [sp, #0x30]
Target 0: (H90 Control) stopped.
(lldb) continue
Process 6589 resuming
Process 6589 stopped
* thread #7, stop reason = breakpoint 2.1
    frame #0: 0x0000000100014328 H90 Control`___lldb_unnamed_symbol866
H90 Control`___lldb_unnamed_symbol866:
->  0x100014328 <+0>:  stp    d9, d8, [sp, #-0x40]!
    0x10001432c <+4>:  stp    x22, x21, [sp, #0x10]
    0x100014330 <+8>:  stp    x20, x19, [sp, #0x20]
    0x100014334 <+12>: stp    x29, x30, [sp, #0x30]
Target 0: (H90 Control) stopped.
(lldb) continue
Process 6589 resuming
Process 6589 stopped
* thread #7, stop reason = breakpoint 2.1
    frame #0: 0x0000000100014328 H90 Control`___lldb_unnamed_symbol866
H90 Control`___lldb_unnamed_symbol866:
->  0x100014328 <+0>:  stp    d9, d8, [sp, #-0x40]!
    0x10001432c <+4>:  stp    x22, x21, [sp, #0x10]
    0x100014330 <+8>:  stp    x20, x19, [sp, #0x20]
    0x100014334 <+12>: stp    x29, x30, [sp, #0x30]
Target 0: (H90 Control) stopped.
(lldb) continue
Process 6589 resuming
Process 6589 stopped
* thread #7, stop reason = breakpoint 2.1
    frame #0: 0x0000000100014328 H90 Control`___lldb_unnamed_symbol866
H90 Control`___lldb_unnamed_symbol866:
->  0x100014328 <+0>:  stp    d9, d8, [sp, #-0x40]!
    0x10001432c <+4>:  stp    x22, x21, [sp, #0x10]
    0x100014330 <+8>:  stp    x20, x19, [sp, #0x20]
    0x100014334 <+12>: stp    x29, x30, [sp, #0x30]
Target 0: (H90 Control) stopped.
(lldb) continue
Process 6589 resuming
Process 6589 stopped
* thread #7, stop reason = breakpoint 2.1
    frame #0: 0x0000000100014328 H90 Control`___lldb_unnamed_symbol866
H90 Control`___lldb_unnamed_symbol866:
->  0x100014328 <+0>:  stp    d9, d8, [sp, #-0x40]!
    0x10001432c <+4>:  stp    x22, x21, [sp, #0x10]
    0x100014330 <+8>:  stp    x20, x19, [sp, #0x20]
    0x100014334 <+12>: stp    x29, x30, [sp, #0x30]
Target 0: (H90 Control) stopped.
(lldb) continue
Process 6589 resuming
Process 6589 stopped
* thread #7, stop reason = breakpoint 2.1
    frame #0: 0x0000000100014328 H90 Control`___lldb_unnamed_symbol866
H90 Control`___lldb_unnamed_symbol866:
->  0x100014328 <+0>:  stp    d9, d8, [sp, #-0x40]!
    0x10001432c <+4>:  stp    x22, x21, [sp, #0x10]
    0x100014330 <+8>:  stp    x20, x19, [sp, #0x20]
    0x100014334 <+12>: stp    x29, x30, [sp, #0x30]
Target 0: (H90 Control) stopped.
(lldb) continue
Process 6589 resuming
Process 6589 stopped
* thread #7, stop reason = breakpoint 2.1
    frame #0: 0x0000000100014328 H90 Control`___lldb_unnamed_symbol866
H90 Control`___lldb_unnamed_symbol866:
->  0x100014328 <+0>:  stp    d9, d8, [sp, #-0x40]!
    0x10001432c <+4>:  stp    x22, x21, [sp, #0x10]
    0x100014330 <+8>:  stp    x20, x19, [sp, #0x20]
    0x100014334 <+12>: stp    x29, x30, [sp, #0x30]
Target 0: (H90 Control) stopped.
(lldb) continue
Process 6589 resuming
Process 6589 stopped
* thread #7, stop reason = breakpoint 2.1
    frame #0: 0x0000000100014328 H90 Control`___lldb_unnamed_symbol866
H90 Control`___lldb_unnamed_symbol866:
->  0x100014328 <+0>:  stp    d9, d8, [sp, #-0x40]!
    0x10001432c <+4>:  stp    x22, x21, [sp, #0x10]
    0x100014330 <+8>:  stp    x20, x19, [sp, #0x20]
    0x100014334 <+12>: stp    x29, x30, [sp, #0x30]
Target 0: (H90 Control) stopped.
(lldb) continue
Process 6589 resuming
Process 6589 stopped
* thread #7, stop reason = breakpoint 2.1
    frame #0: 0x0000000100014328 H90 Control`___lldb_unnamed_symbol866
H90 Control`___lldb_unnamed_symbol866:
->  0x100014328 <+0>:  stp    d9, d8, [sp, #-0x40]!
    0x10001432c <+4>:  stp    x22, x21, [sp, #0x10]
    0x100014330 <+8>:  stp    x20, x19, [sp, #0x20]
    0x100014334 <+12>: stp    x29, x30, [sp, #0x30]
Target 0: (H90 Control) stopped.
(lldb) continue
Process 6589 resuming
Process 6589 stopped
* thread #7, stop reason = breakpoint 2.1
    frame #0: 0x0000000100014328 H90 Control`___lldb_unnamed_symbol866
H90 Control`___lldb_unnamed_symbol866:
->  0x100014328 <+0>:  stp    d9, d8, [sp, #-0x40]!
    0x10001432c <+4>:  stp    x22, x21, [sp, #0x10]
    0x100014330 <+8>:  stp    x20, x19, [sp, #0x20]
    0x100014334 <+12>: stp    x29, x30, [sp, #0x30]
Target 0: (H90 Control) stopped.
(lldb) continue
Process 6589 resuming
Process 6589 stopped
* thread #7, stop reason = breakpoint 2.1
    frame #0: 0x0000000100014328 H90 Control`___lldb_unnamed_symbol866
H90 Control`___lldb_unnamed_symbol866:
->  0x100014328 <+0>:  stp    d9, d8, [sp, #-0x40]!
    0x10001432c <+4>:  stp    x22, x21, [sp, #0x10]
    0x100014330 <+8>:  stp    x20, x19, [sp, #0x20]
    0x100014334 <+12>: stp    x29, x30, [sp, #0x30]
Target 0: (H90 Control) stopped.
(lldb) continue
Process 6589 resuming
continue
continue
continue
continue
continue
continue
2026-08-05 16:01:02.208717+0300 H90 Control[6589:45171] [tcp] tcp_output [C7.1.1.1:3] flags=[R.] seq=2345471627, ack=3295801438, win=2048 state=CLOSED rcv_nxt=3295801438, snd_una=2345471507
continue
continue
continue
continue
continue
continue
continue
continue
continue
continue
continue
continue
continue
continue
continue
continue
continue
continue
continue
continue
continue
continue
continue
continue
continue
continue
continue
continue
continue
continue
continue
continue
continue
continue
continue
continue
continue
continue
continue
continue
continue
continue
continue
continue
continue
continue
continue
continue
continue
continue
continue
continue
continue
continue
continue
continue
continue
continue
continue
continue
continue
continue
continue
continue
continue
continue
continue
continue
continue
continue
continue
continue
continue
continue
continue
continue
continue
continue
continue
continue
continue
continue
continue
continue
continue
continue
continue
continue
continue
continue
continue
continue
continue
continue
continue
continue
continue
continue
continue
continue
continue
continue
contispawn lldb -f /Users/artyomantoshkin/h90-re/H90 Control.app/Contents/MacOS/H90 Control
(lldb) target create "/Users/artyomantoshkin/h90-re/H90 Control.app/Contents/MacOS/H90 Control"
process launch --stop-at-entry
Current executable set to '/Users/artyomantoshkin/h90-re/H90 Control.app/Contents/MacOS/H90 Control' (arm64).
(lldb) Process 7482 stopped
* thread #1, stop reason = signal SIGSTOP
    frame #0: 0x00000001006287c0 dyld`_dyld_start
dyld`_dyld_start:
->  0x1006287c0 <+0>:  mov    x0, sp
    0x1006287c4 <+4>:  and    sp, x0, #0xfffffffffffffff0
    0x1006287c8 <+8>:  mov    x29, #0x0                 ; =0 
    0x1006287cc <+12>: mov    x30, #0x0                 ; =0 
Target 0: (H90 Control) stopped.
Process 7482 launched: '/Users/artyomantoshkin/h90-re/H90 Control.app/Contents/MacOS/H90 Control' (arm64)
(lldb) image lookup -n ___lldb_unnamed_symbol857
1 match found in /Users/artyomantoshkin/h90-re/H90 Control.app/Contents/MacOS/H90 Control:
        Address: H90 Control[0x00000001000130ac] (H90 Control.__TEXT.__text + 45212)
        Summary: H90 Control`___lldb_unnamed_symbol857
(lldb) image lookup -n ___lldb_unnamed_symbol866
1 match found in /Users/artyomantoshkin/h90-re/H90 Control.app/Contents/MacOS/H90 Control:
        Address: H90 Control[0x0000000100014328] (H90 Control.__TEXT.__text + 49944)
        Summary: H90 Control`___lldb_unnamed_symbol866
(lldb) breakpoint set -a 0x10001336c
Breakpoint 1: where = H90 Control`___lldb_unnamed_symbol857 + 704, address = 0x000000010001336c
(lldb) breakpoint set -a 0x0000000100014328
Breakpoint 2: where = H90 Control`___lldb_unnamed_symbol866, address = 0x0000000100014328
(lldb) continue
Process 7482 resuming
2026-08-05 16:25:03.482425+0300 H90 Control[7482:65021] [StateRestoration] WARNING: Secure coding is not enabled for restorable state! Enable secure coding by implementing NSApplicationDelegate.applicationSupportsSecureRestorableState: and returning YES.
2026-08-05 16:25:05.558753+0300 H90 Control[7482:65021] [plugin] AddInstanceForFactory: No factory registered for id <CFUUID 0x14ff86370> F8BB1C28-BAE8-11D6-9C31-00039315CD46
2026-08-05 16:25:05.567736+0300 H90 Control[7482:65021]       HALC_ShellObject.mm:615    HALC_ShellObject::SetPropertyData: call to the proxy failed, Error: 1852797029 (nope)
2026-08-05 16:25:05.574886+0300 H90 Control[7482:65092] Unable to open mach-O at path: default.metallib  Error:2
2026-08-05 16:25:05.577141+0300 H90 Control[7482:65092] flock failed to lock list file (/var/folders/0x/0j_n_rd502l189qywpmnymtr0000gn/C//com.eventide.H90Control/com.apple.metal/16777235_467/functions.list): errno = 35
2026-08-05 16:25:05.579015+0300 H90 Control[7482:65092] flock failed to lock list file (/var/folders/0x/0j_n_rd502l189qywpmnymtr0000gn/C//com.eventide.H90Control/com.apple.metal/32024/libraries.list): errno = 35
Process 6589 stopped
* thread #1, name = 'JUCE Message Thread', queue = 'com.apple.main-thread', stop reason = breakpoint 1.1
    frame #0: 0x000000010001336c H90 Control`___lldb_unnamed_symbol857 + 704
H90 Control`___lldb_unnamed_symbol857:
->  0x10001336c <+704>: bl     0x100477330               ; symbol stub for: MIDISendEventList
    0x100013370 <+708>: b      0x100013380               ; <+724>
    0x100013374 <+712>: mov    x0, x1
    0x100013378 <+716>: mov    x1, x2
Target 0: (H90 Control) stopped.
continue
continue
2026-08-05 16:25:30.014450+0300 H90 Control[7482:65021] [CursorUI] ViewBridge to RemoteViewService Terminated: Error Domain=com.apple.ViewBridge Code=18 "(null)" UserInfo={com.apple.ViewBridge.error.hint=this process disconnected remote view controller -- benign unless unexpected, com.apple.ViewBridge.error.description=NSViewBridgeErrorCanceled}
continue
continue
Process 7482 stopped
* thread #1, name = 'JUCE Message Thread', queue = 'com.apple.main-thread', stop reason = breakpoint 1.1
    frame #0: 0x000000010001336c H90 Control`___lldb_unnamed_symbol857 + 704
H90 Control`___lldb_unnamed_symbol857:
->  0x10001336c <+704>: bl     0x100477330               ; symbol stub for: MIDISendEventList
    0x100013370 <+708>: b      0x100013380               ; <+724>
    0x100013374 <+712>: mov    x0, x1
    0x100013378 <+716>: mov    x1, x2
Target 0: (H90 Control) stopped.
(lldb) script print("==BP=1 n=1==")
script print("SEND")
expr -- (*(unsigned int*)($x2 + 16)) & 0xffff
==BP=1 n=1==
(lldb) continue
SEND
(lldb) (unsigned int) $0 = 16
(lldb) Process 7482 resuming
Process 7482 stopped
* thread #7, stop reason = breakpoint 2.1
    frame #0: 0x0000000100014328 H90 Control`___lldb_unnamed_symbol866
H90 Control`___lldb_unnamed_symbol866:
->  0x100014328 <+0>:  stp    d9, d8, [sp, #-0x40]!
    0x10001432c <+4>:  stp    x22, x21, [sp, #0x10]
    0x100014330 <+8>:  stp    x20, x19, [sp, #0x20]
    0x100014334 <+12>: stp    x29, x30, [sp, #0x30]
Target 0: (H90 Control) stopped.
(lldb) continue
Process 7482 resuming
Process 7482 stopped
* thread #7, stop reason = breakpoint 2.1
    frame #0: 0x0000000100014328 H90 Control`___lldb_unnamed_symbol866
H90 Control`___lldb_unnamed_symbol866:
->  0x100014328 <+0>:  stp    d9, d8, [sp, #-0x40]!
    0x10001432c <+4>:  stp    x22, x21, [sp, #0x10]
    0x100014330 <+8>:  stp    x20, x19, [sp, #0x20]
    0x100014334 <+12>: stp    x29, x30, [sp, #0x30]
Target 0: (H90 Control) stopped.
(lldb) continue
Process 7482 resuming
2026-08-05 16:25:52.154945+0300 H90 Control[7482:65093] [Default] Task <E97B1DF8-5157-4E81-B0D8-D6AB9E80198A>.<1> finished with error [-1001] Error Domain=NSURLErrorDomain Code=-1001 "The request timed out." UserInfo={_kCFStreamErrorCodeKey=-2102, NSUnderlyingError=0x14fff45b0 {Error Domain=kCFErrorDomainCFNetwork Code=-1001 "(null)" UserInfo={_kCFStreamErrorCodeKey=-2102, _kCFStreamErrorDomainKey=4}}, _NSURLErrorFailingURLSessionTaskErrorKey=LocalDataTask <E97B1DF8-5157-4E81-B0D8-D6AB9E80198A>.<1>, _NSURLErrorRelatedURLSessionTaskErrorKey=(
    "LocalDataTask <E97B1DF8-5157-4E81-B0D8-D6AB9E80198A>.<1>"
), NSLocalizedDescription=The request timed out., NSErrorFailingURLStringKey=https://services-prod.aws.eventideaudio.com/software-releases/XC-05987, NSErrorFailingURLKey=https://services-prod.aws.eventideaudio.com/software-releases/XC-05987, _kCFStreamErrorDomainKey=4}
continue
‼️ [HomeComponent.cpp:636].firmwareUpdateCheckComplete >  Failed to check for firmware updates: Could not communicate with Eventide server https://services-prod.aws.eventideaudio.com
Process 7482 stopped
* thread #1, name = 'JUCE Message Thread', queue = 'com.apple.main-thread', stop reason = breakpoint 1.1
    frame #0: 0x000000010001336c H90 Control`___lldb_unnamed_symbol857 + 704
H90 Control`___lldb_unnamed_symbol857:
->  0x10001336c <+704>: bl     0x100477330               ; symbol stub for: MIDISendEventList
    0x100013370 <+708>: b      0x100013380               ; <+724>
    0x100013374 <+712>: mov    x0, x1
    0x100013378 <+716>: mov    x1, x2
Target 0: (H90 Control) stopped.
(lldb) script print("==BP=1 n=2==")
script print("SEND")
expr -- (*(unsigned int*)($x2 + 16)) & 0xffff
==BP=1 n=2==
(lldb) continue
SEND
(lldb) (unsigned int) $1 = 16
(lldb) Process 7482 resuming
Process 7482 stopped
* thread #7, stop reason = breakpoint 2.1
    frame #0: 0x0000000100014328 H90 Control`___lldb_unnamed_symbol866
H90 Control`___lldb_unnamed_symbol866:
->  0x100014328 <+0>:  stp    d9, d8, [sp, #-0x40]!
    0x10001432c <+4>:  stp    x22, x21, [sp, #0x10]
    0x100014330 <+8>:  stp    x20, x19, [sp, #0x20]
    0x100014334 <+12>: stp    x29, x30, [sp, #0x30]
Target 0: (H90 Control) stopped.
(lldb) continue
Process 7482 resuming
Process 7482 stopped
* thread #7, stop reason = breakpoint 2.1
    frame #0: 0x0000000100014328 H90 Control`___lldb_unnamed_symbol866
H90 Control`___lldb_unnamed_symbol866:
->  0x100014328 <+0>:  stp    d9, d8, [sp, #-0x40]!
    0x10001432c <+4>:  stp    x22, x21, [sp, #0x10]
    0x100014330 <+8>:  stp    x20, x19, [sp, #0x20]
    0x100014334 <+12>: stp    x29, x30, [sp, #0x30]
Target 0: (H90 Control) stopped.
(lldb) continue
Process 7482 resuming
Process 7482 stopped
* thread #18, name = 'ThreadWithProgressView', stop reason = breakpoint 1.1
    frame #0: 0x000000010001336c H90 Control`___lldb_unnamed_symbol857 + 704
H90 Control`___lldb_unnamed_symbol857:
->  0x10001336c <+704>: bl     0x100477330               ; symbol stub for: MIDISendEventList
    0x100013370 <+708>: b      0x100013380               ; <+724>
    0x100013374 <+712>: mov    x0, x1
    0x100013378 <+716>: mov    x1, x2
Target 0: (H90 Control) stopped.
(lldb) script print("==BP=1 n=3==")
script print("SEND")
expr -- (*(unsigned int*)($x2 + 16)) & 0xffff
==BP=1 n=3==
(lldb) continue
SEND
(lldb) (unsigned int) $2 = 16
(lldb) Process 7482 resuming
Process 7482 stopped
* thread #7, stop reason = breakpoint 2.1
    frame #0: 0x0000000100014328 H90 Control`___lldb_unnamed_symbol866
H90 Control`___lldb_unnamed_symbol866:
->  0x100014328 <+0>:  stp    d9, d8, [sp, #-0x40]!
    0x10001432c <+4>:  stp    x22, x21, [sp, #0x10]
    0x100014330 <+8>:  stp    x20, x19, [sp, #0x20]
    0x100014334 <+12>: stp    x29, x30, [sp, #0x30]
Target 0: (H90 Control) stopped.
(lldb) continue
Process 7482 resuming
Process 7482 stopped
* thread #7, stop reason = breakpoint 2.1
    frame #0: 0x0000000100014328 H90 Control`___lldb_unnamed_symbol866
H90 Control`___lldb_unnamed_symbol866:
->  0x100014328 <+0>:  stp    d9, d8, [sp, #-0x40]!
    0x10001432c <+4>:  stp    x22, x21, [sp, #0x10]
    0x100014330 <+8>:  stp    x20, x19, [sp, #0x20]
    0x100014334 <+12>: stp    x29, x30, [sp, #0x30]
Target 0: (H90 Control) stopped.
(lldb) continue
Process 7482 resuming
Process 7482 stopped
* thread #18, name = 'ThreadWithProgressView', stop reason = breakpoint 1.1
    frame #0: 0x000000010001336c H90 Control`___lldb_unnamed_symbol857 + 704
H90 Control`___lldb_unnamed_symbol857:
->  0x10001336c <+704>: bl     0x100477330               ; symbol stub for: MIDISendEventList
    0x100013370 <+708>: b      0x100013380               ; <+724>
    0x100013374 <+712>: mov    x0, x1
    0x100013378 <+716>: mov    x1, x2
Target 0: (H90 Control) stopped.
(lldb) script print("==BP=1 n=4==")
script print("SEND")
expr -- (*(unsigned int*)($x2 + 16)) & 0xffff
==BP=1 n=4==
(lldb) continue
SEND
(lldb) (unsigned int) $3 = 30
(lldb) Process 7482 resuming
Process 7482 stopped
* thread #18, name = 'ThreadWithProgressView', stop reason = breakpoint 1.1
    frame #0: 0x000000010001336c H90 Control`___lldb_unnamed_symbol857 + 704
H90 Control`___lldb_unnamed_symbol857:
->  0x10001336c <+704>: bl     0x100477330               ; symbol stub for: MIDISendEventList
    0x100013370 <+708>: b      0x100013380               ; <+724>
    0x100013374 <+712>: mov    x0, x1
    0x100013378 <+716>: mov    x1, x2
Target 0: (H90 Control) stopped.
(lldb) script print("==BP=1 n=5==")
script print("SEND")
expr -- (*(unsigned int*)($x2 + 16)) & 0xffff
==BP=1 n=5==
(lldb) continue
SEND
(lldb) (unsigned int) $4 = 16
(lldb) Process 7482 resuming
Process 7482 stopped
* thread #7, stop reason = breakpoint 2.1
    frame #0: 0x0000000100014328 H90 Control`___lldb_unnamed_symbol866
H90 Control`___lldb_unnamed_symbol866:
->  0x100014328 <+0>:  stp    d9, d8, [sp, #-0x40]!
    0x10001432c <+4>:  stp    x22, x21, [sp, #0x10]
    0x100014330 <+8>:  stp    x20, x19, [sp, #0x20]
    0x100014334 <+12>: stp    x29, x30, [sp, #0x30]
Target 0: (H90 Control) stopped.
(lldb) continue
Process 7482 resuming
Process 7482 stopped
* thread #7, stop reason = breakpoint 2.1
    frame #0: 0x0000000100014328 H90 Control`___lldb_unnamed_symbol866
H90 Control`___lldb_unnamed_symbol866:
->  0x100014328 <+0>:  stp    d9, d8, [sp, #-0x40]!
    0x10001432c <+4>:  stp    x22, x21, [sp, #0x10]
    0x100014330 <+8>:  stp    x20, x19, [sp, #0x20]
    0x100014334 <+12>: stp    x29, x30, [sp, #0x30]
Target 0: (H90 Control) stopped.
(lldb) continue
Process 7482 resuming
Process 7482 stopped
* thread #7, stop reason = breakpoint 2.1
    frame #0: 0x0000000100014328 H90 Control`___lldb_unnamed_symbol866
H90 Control`___lldb_unnamed_symbol866:
->  0x100014328 <+0>:  stp    d9, d8, [sp, #-0x40]!
    0x10001432c <+4>:  stp    x22, x21, [sp, #0x10]
    0x100014330 <+8>:  stp    x20, x19, [sp, #0x20]
    0x100014334 <+12>: stp    x29, x30, [sp, #0x30]
Target 0: (H90 Control) stopped.
(lldb) continue
Process 7482 resuming
Process 7482 stopped
* thread #7, stop reason = breakpoint 2.1
    frame #0: 0x0000000100014328 H90 Control`___lldb_unnamed_symbol866
H90 Control`___lldb_unnamed_symbol866:
->  0x100014328 <+0>:  stp    d9, d8, [sp, #-0x40]!
    0x10001432c <+4>:  stp    x22, x21, [sp, #0x10]
    0x100014330 <+8>:  stp    x20, x19, [sp, #0x20]
    0x100014334 <+12>: stp    x29, x30, [sp, #0x30]
Target 0: (H90 Control) stopped.
(lldb) continue
Process 7482 resuming
Process 7482 stopped
* thread #7, stop reason = breakpoint 2.1
    frame #0: 0x0000000100014328 H90 Control`___lldb_unnamed_symbol866
H90 Control`___lldb_unnamed_symbol866:
->  0x100014328 <+0>:  stp    d9, d8, [sp, #-0x40]!
    0x10001432c <+4>:  stp    x22, x21, [sp, #0x10]
    0x100014330 <+8>:  stp    x20, x19, [sp, #0x20]
    0x100014334 <+12>: stp    x29, x30, [sp, #0x30]
Target 0: (H90 Control) stopped.
(lldb) continue
Process 7482 resuming
Process 7482 stopped
* thread #7, stop reason = breakpoint 2.1
    frame #0: 0x0000000100014328 H90 Control`___lldb_unnamed_symbol866
H90 Control`___lldb_unnamed_symbol866:
->  0x100014328 <+0>:  stp    d9, d8, [sp, #-0x40]!
    0x10001432c <+4>:  stp    x22, x21, [sp, #0x10]
    0x100014330 <+8>:  stp    x20, x19, [sp, #0x20]
    0x100014334 <+12>: stp    x29, x30, [sp, #0x30]
Target 0: (H90 Control) stopped.
(lldb) continue
Process 7482 resuming
Process 7482 stopped
* thread #7, stop reason = breakpoint 2.1
    frame #0: 0x0000000100014328 H90 Control`___lldb_unnamed_symbol866
H90 Control`___lldb_unnamed_symbol866:
->  0x100014328 <+0>:  stp    d9, d8, [sp, #-0x40]!
    0x10001432c <+4>:  stp    x22, x21, [sp, #0x10]
    0x100014330 <+8>:  stp    x20, x19, [sp, #0x20]
    0x100014334 <+12>: stp    x29, x30, [sp, #0x30]
Target 0: (H90 Control) stopped.
(lldb) continue
Process 7482 resuming
Process 7482 stopped
* thread #7, stop reason = breakpoint 2.1
    frame #0: 0x0000000100014328 H90 Control`___lldb_unnamed_symbol866
H90 Control`___lldb_unnamed_symbol866:
->  0x100014328 <+0>:  stp    d9, d8, [sp, #-0x40]!
    0x10001432c <+4>:  stp    x22, x21, [sp, #0x10]
    0x100014330 <+8>:  stp    x20, x19, [sp, #0x20]
    0x100014334 <+12>: stp    x29, x30, [sp, #0x30]
Target 0: (H90 Control) stopped.
(lldb) continue
Process 7482 resuming
Process 7482 stopped
* thread #7, stop reason = breakpoint 2.1
    frame #0: 0x0000000100014328 H90 Control`___lldb_unnamed_symbol866
H90 Control`___lldb_unnamed_symbol866:
->  0x100014328 <+0>:  stp    d9, d8, [sp, #-0x40]!
    0x10001432c <+4>:  stp    x22, x21, [sp, #0x10]
    0x100014330 <+8>:  stp    x20, x19, [sp, #0x20]
    0x100014334 <+12>: stp    x29, x30, [sp, #0x30]
Target 0: (H90 Control) stopped.
(lldb) continue
Process 7482 resuming
Process 7482 stopped
* thread #7, stop reason = breakpoint 2.1
    frame #0: 0x0000000100014328 H90 Control`___lldb_unnamed_symbol866
H90 Control`___lldb_unnamed_symbol866:
->  0x100014328 <+0>:  stp    d9, d8, [sp, #-0x40]!
    0x10001432c <+4>:  stp    x22, x21, [sp, #0x10]
    0x100014330 <+8>:  stp    x20, x19, [sp, #0x20]
    0x100014334 <+12>: stp    x29, x30, [sp, #0x30]
Target 0: (H90 Control) stopped.
(lldb) continue
Process 7482 resuming
Process 7482 stopped
* thread #7, stop reason = breakpoint 2.1
    frame #0: 0x0000000100014328 H90 Control`___lldb_unnamed_symbol866
H90 Control`___lldb_unnamed_symbol866:
->  0x100014328 <+0>:  stp    d9, d8, [sp, #-0x40]!
    0x10001432c <+4>:  stp    x22, x21, [sp, #0x10]
    0x100014330 <+8>:  stp    x20, x19, [sp, #0x20]
    0x100014334 <+12>: stp    x29, x30, [sp, #0x30]
Target 0: (H90 Control) stopped.
(lldb) continue
Process 7482 resuming
Process 7482 stopped
* thread #7, stop reason = breakpoint 2.1
    frame #0: 0x0000000100014328 H90 Control`___lldb_unnamed_symbol866
H90 Control`___lldb_unnamed_symbol866:
->  0x100014328 <+0>:  stp    d9, d8, [sp, #-0x40]!
    0x10001432c <+4>:  stp    x22, x21, [sp, #0x10]
    0x100014330 <+8>:  stp    x20, x19, [sp, #0x20]
    0x100014334 <+12>: stp    x29, x30, [sp, #0x30]
Target 0: (H90 Control) stopped.
(lldb) continue
Process 7482 resuming
Process 7482 stopped
* thread #7, stop reason = breakpoint 2.1
    frame #0: 0x0000000100014328 H90 Control`___lldb_unnamed_symbol866
H90 Control`___lldb_unnamed_symbol866:
->  0x100014328 <+0>:  stp    d9, d8, [sp, #-0x40]!
    0x10001432c <+4>:  stp    x22, x21, [sp, #0x10]
    0x100014330 <+8>:  stp    x20, x19, [sp, #0x20]
    0x100014334 <+12>: stp    x29, x30, [sp, #0x30]
Target 0: (H90 Control) stopped.
(lldb) continue
Process 7482 resuming
Process 7482 stopped
* thread #7, stop reason = breakpoint 2.1
    frame #0: 0x0000000100014328 H90 Control`___lldb_unnamed_symbol866
H90 Control`___lldb_unnamed_symbol866:
->  0x100014328 <+0>:  stp    d9, d8, [sp, #-0x40]!
    0x10001432c <+4>:  stp    x22, x21, [sp, #0x10]
    0x100014330 <+8>:  stp    x20, x19, [sp, #0x20]
    0x100014334 <+12>: stp    x29, x30, [sp, #0x30]
Target 0: (H90 Control) stopped.
(lldb) continue
Process 7482 resuming
Process 7482 stopped
* thread #7, stop reason = breakpoint 2.1
    frame #0: 0x0000000100014328 H90 Control`___lldb_unnamed_symbol866
H90 Control`___lldb_unnamed_symbol866:
->  0x100014328 <+0>:  stp    d9, d8, [sp, #-0x40]!
    0x10001432c <+4>:  stp    x22, x21, [sp, #0x10]
    0x100014330 <+8>:  stp    x20, x19, [sp, #0x20]
    0x100014334 <+12>: stp    x29, x30, [sp, #0x30]
Target 0: (H90 Control) stopped.
(lldb) continue
Process 7482 resuming
Process 7482 stopped
* thread #7, stop reason = breakpoint 2.1
    frame #0: 0x0000000100014328 H90 Control`___lldb_unnamed_symbol866
H90 Control`___lldb_unnamed_symbol866:
->  0x100014328 <+0>:  stp    d9, d8, [sp, #-0x40]!
    0x10001432c <+4>:  stp    x22, x21, [sp, #0x10]
    0x100014330 <+8>:  stp    x20, x19, [sp, #0x20]
    0x100014334 <+12>: stp    x29, x30, [sp, #0x30]
Target 0: (H90 Control) stopped.
(lldb) continue
Process 7482 resuming
Process 7482 stopped
* thread #7, stop reason = breakpoint 2.1
    frame #0: 0x0000000100014328 H90 Control`___lldb_unnamed_symbol866
H90 Control`___lldb_unnamed_symbol866:
->  0x100014328 <+0>:  stp    d9, d8, [sp, #-0x40]!
    0x10001432c <+4>:  stp    x22, x21, [sp, #0x10]
    0x100014330 <+8>:  stp    x20, x19, [sp, #0x20]
    0x100014334 <+12>: stp    x29, x30, [sp, #0x30]
Target 0: (H90 Control) stopped.
(lldb) continue
Process 7482 resuming
Process 7482 stopped
* thread #7, stop reason = breakpoint 2.1
    frame #0: 0x0000000100014328 H90 Control`___lldb_unnamed_symbol866
H90 Control`___lldb_unnamed_symbol866:
->  0x100014328 <+0>:  stp    d9, d8, [sp, #-0x40]!
    0x10001432c <+4>:  stp    x22, x21, [sp, #0x10]
    0x100014330 <+8>:  stp    x20, x19, [sp, #0x20]
    0x100014334 <+12>: stp    x29, x30, [sp, #0x30]
Target 0: (H90 Control) stopped.
(lldb) continue
Process 7482 resuming
Process 7482 stopped
* thread #7, stop reason = breakpoint 2.1
    frame #0: 0x0000000100014328 H90 Control`___lldb_unnamed_symbol866
H90 Control`___lldb_unnamed_symbol866:
->  0x100014328 <+0>:  stp    d9, d8, [sp, #-0x40]!
    0x10001432c <+4>:  stp    x22, x21, [sp, #0x10]
    0x100014330 <+8>:  stp    x20, x19, [sp, #0x20]
    0x100014334 <+12>: stp    x29, x30, [sp, #0x30]
Target 0: (H90 Control) stopped.
(lldb) continue
Process 7482 resuming
Process 7482 stopped
* thread #7, stop reason = breakpoint 2.1
    frame #0: 0x0000000100014328 H90 Control`___lldb_unnamed_symbol866
H90 Control`___lldb_unnamed_symbol866:
->  0x100014328 <+0>:  stp    d9, d8, [sp, #-0x40]!
    0x10001432c <+4>:  stp    x22, x21, [sp, #0x10]
    0x100014330 <+8>:  stp    x20, x19, [sp, #0x20]
    0x100014334 <+12>: stp    x29, x30, [sp, #0x30]
Target 0: (H90 Control) stopped.
(lldb) continue
Process 7482 resuming
Process 7482 stopped
* thread #7, stop reason = breakpoint 2.1
    frame #0: 0x0000000100014328 H90 Control`___lldb_unnamed_symbol866
H90 Control`___lldb_unnamed_symbol866:
->  0x100014328 <+0>:  stp    d9, d8, [sp, #-0x40]!
    0x10001432c <+4>:  stp    x22, x21, [sp, #0x10]
    0x100014330 <+8>:  stp    x20, x19, [sp, #0x20]
    0x100014334 <+12>: stp    x29, x30, [sp, #0x30]
Target 0: (H90 Control) stopped.
(lldb) continue
Process 7482 resuming
Process 7482 stopped
* thread #7, stop reason = breakpoint 2.1
    frame #0: 0x0000000100014328 H90 Control`___lldb_unnamed_symbol866
H90 Control`___lldb_unnamed_symbol866:
->  0x100014328 <+0>:  stp    d9, d8, [sp, #-0x40]!
    0x10001432c <+4>:  stp    x22, x21, [sp, #0x10]
    0x100014330 <+8>:  stp    x20, x19, [sp, #0x20]
    0x100014334 <+12>: stp    x29, x30, [sp, #0x30]
Target 0: (H90 Control) stopped.
(lldb) continue
Process 7482 resuming
Process 7482 stopped
* thread #7, stop reason = breakpoint 2.1
    frame #0: 0x0000000100014328 H90 Control`___lldb_unnamed_symbol866
H90 Control`___lldb_unnamed_symbol866:
->  0x100014328 <+0>:  stp    d9, d8, [sp, #-0x40]!
    0x10001432c <+4>:  stp    x22, x21, [sp, #0x10]
    0x100014330 <+8>:  stp    x20, x19, [sp, #0x20]
    0x100014334 <+12>: stp    x29, x30, [sp, #0x30]
Target 0: (H90 Control) stopped.
(lldb) continue
Process 7482 resuming
Process 7482 stopped
* thread #18, name = 'ThreadWithProgressView', stop reason = breakpoint 1.1
    frame #0: 0x000000010001336c H90 Control`___lldb_unnamed_symbol857 + 704
H90 Control`___lldb_unnamed_symbol857:
->  0x10001336c <+704>: bl     0x100477330               ; symbol stub for: MIDISendEventList
    0x100013370 <+708>: b      0x100013380               ; <+724>
    0x100013374 <+712>: mov    x0, x1
    0x100013378 <+716>: mov    x1, x2
Target 0: (H90 Control) stopped.
(lldb) script print("==BP=1 n=6==")
script print("SEND")
expr -- (*(unsigned int*)($x2 + 16)) & 0xffff
==BP=1 n=6==
(lldb) continue
SEND
(lldb) (unsigned int) $5 = 16
(lldb) Process 7482 resuming
Process 7482 stopped
* thread #7, stop reason = breakpoint 2.1
    frame #0: 0x0000000100014328 H90 Control`___lldb_unnamed_symbol866
H90 Control`___lldb_unnamed_symbol866:
->  0x100014328 <+0>:  stp    d9, d8, [sp, #-0x40]!
    0x10001432c <+4>:  stp    x22, x21, [sp, #0x10]
    0x100014330 <+8>:  stp    x20, x19, [sp, #0x20]
    0x100014334 <+12>: stp    x29, x30, [sp, #0x30]
Target 0: (H90 Control) stopped.
(lldb) continue
Process 7482 resuming
Process 7482 stopped
* thread #7, stop reason = breakpoint 2.1
    frame #0: 0x0000000100014328 H90 Control`___lldb_unnamed_symbol866
H90 Control`___lldb_unnamed_symbol866:
->  0x100014328 <+0>:  stp    d9, d8, [sp, #-0x40]!
    0x10001432c <+4>:  stp    x22, x21, [sp, #0x10]
    0x100014330 <+8>:  stp    x20, x19, [sp, #0x20]
    0x100014334 <+12>: stp    x29, x30, [sp, #0x30]
Target 0: (H90 Control) stopped.
(lldb) continue
Process 7482 resuming
Process 7482 stopped
* thread #7, stop reason = breakpoint 2.1
    frame #0: 0x0000000100014328 H90 Control`___lldb_unnamed_symbol866
H90 Control`___lldb_unnamed_symbol866:
->  0x100014328 <+0>:  stp    d9, d8, [sp, #-0x40]!
    0x10001432c <+4>:  stp    x22, x21, [sp, #0x10]
    0x100014330 <+8>:  stp    x20, x19, [sp, #0x20]
    0x100014334 <+12>: stp    x29, x30, [sp, #0x30]
Target 0: (H90 Control) stopped.
(lldb) continue
Process 7482 resuming
Process 7482 stopped
* thread #7, stop reason = breakpoint 2.1
    frame #0: 0x0000000100014328 H90 Control`___lldb_unnamed_symbol866
H90 Control`___lldb_unnamed_symbol866:
->  0x100014328 <+0>:  stp    d9, d8, [sp, #-0x40]!
    0x10001432c <+4>:  stp    x22, x21, [sp, #0x10]
    0x100014330 <+8>:  stp    x20, x19, [sp, #0x20]
    0x100014334 <+12>: stp    x29, x30, [sp, #0x30]
Target 0: (H90 Control) stopped.
(lldb) continue
Process 7482 resuming
Process 7482 stopped
* thread #7, stop reason = breakpoint 2.1
    frame #0: 0x0000000100014328 H90 Control`___lldb_unnamed_symbol866
H90 Control`___lldb_unnamed_symbol866:
->  0x100014328 <+0>:  stp    d9, d8, [sp, #-0x40]!
    0x10001432c <+4>:  stp    x22, x21, [sp, #0x10]
    0x100014330 <+8>:  stp    x20, x19, [sp, #0x20]
    0x100014334 <+12>: stp    x29, x30, [sp, #0x30]
Target 0: (H90 Control) stopped.
(lldb) continue
Process 7482 resuming
Process 7482 stopped
* thread #7, stop reason = breakpoint 2.1
    frame #0: 0x0000000100014328 H90 Control`___lldb_unnamed_symbol866
H90 Control`___lldb_unnamed_symbol866:
->  0x100014328 <+0>:  stp    d9, d8, [sp, #-0x40]!
    0x10001432c <+4>:  stp    x22, x21, [sp, #0x10]
    0x100014330 <+8>:  stp    x20, x19, [sp, #0x20]
    0x100014334 <+12>: stp    x29, x30, [sp, #0x30]
Target 0: (H90 Control) stopped.
(lldb) continue
Process 7482 resuming
Process 7482 stopped
* thread #7, stop reason = breakpoint 2.1
    frame #0: 0x0000000100014328 H90 Control`___lldb_unnamed_symbol866
H90 Control`___lldb_unnamed_symbol866:
->  0x100014328 <+0>:  stp    d9, d8, [sp, #-0x40]!
    0x10001432c <+4>:  stp    x22, x21, [sp, #0x10]
    0x100014330 <+8>:  stp    x20, x19, [sp, #0x20]
    0x100014334 <+12>: stp    x29, x30, [sp, #0x30]
Target 0: (H90 Control) stopped.
(lldb) continue
Process 7482 resuming
Process 7482 stopped
* thread #7, stop reason = breakpoint 2.1
    frame #0: 0x0000000100014328 H90 Control`___lldb_unnamed_symbol866
H90 Control`___lldb_unnamed_symbol866:
->  0x100014328 <+0>:  stp    d9, d8, [sp, #-0x40]!
    0x10001432c <+4>:  stp    x22, x21, [sp, #0x10]
    0x100014330 <+8>:  stp    x20, x19, [sp, #0x20]
    0x100014334 <+12>: stp    x29, x30, [sp, #0x30]
Target 0: (H90 Control) stopped.
(lldb) continue
Process 7482 resuming
Process 7482 stopped
* thread #7, stop reason = breakpoint 2.1
    frame #0: 0x0000000100014328 H90 Control`___lldb_unnamed_symbol866
H90 Control`___lldb_unnamed_symbol866:
->  0x100014328 <+0>:  stp    d9, d8, [sp, #-0x40]!
    0x10001432c <+4>:  stp    x22, x21, [sp, #0x10]
    0x100014330 <+8>:  stp    x20, x19, [sp, #0x20]
    0x100014334 <+12>: stp    x29, x30, [sp, #0x30]
Target 0: (H90 Control) stopped.
(lldb) continue
Process 7482 resuming
Process 7482 stopped
* thread #7, stop reason = breakpoint 2.1
    frame #0: 0x0000000100014328 H90 Control`___lldb_unnamed_symbol866
H90 Control`___lldb_unnamed_symbol866:
->  0x100014328 <+0>:  stp    d9, d8, [sp, #-0x40]!
    0x10001432c <+4>:  stp    x22, x21, [sp, #0x10]
    0x100014330 <+8>:  stp    x20, x19, [sp, #0x20]
    0x100014334 <+12>: stp    x29, x30, [sp, #0x30]
Target 0: (H90 Control) stopped.
(lldb) continue
Process 7482 resuming
Process 7482 stopped
* thread #7, stop reason = breakpoint 2.1
    frame #0: 0x0000000100014328 H90 Control`___lldb_unnamed_symbol866
H90 Control`___lldb_unnamed_symbol866:
->  0x100014328 <+0>:  stp    d9, d8, [sp, #-0x40]!
    0x10001432c <+4>:  stp    x22, x21, [sp, #0x10]
    0x100014330 <+8>:  stp    x20, x19, [sp, #0x20]
    0x100014334 <+12>: stp    x29, x30, [sp, #0x30]
Target 0: (H90 Control) stopped.
(lldb) continue
Process 7482 resuming
Process 7482 stopped
* thread #7, stop reason = breakpoint 2.1
    frame #0: 0x0000000100014328 H90 Control`___lldb_unnamed_symbol866
H90 Control`___lldb_unnamed_symbol866:
->  0x100014328 <+0>:  stp    d9, d8, [sp, #-0x40]!
    0x10001432c <+4>:  stp    x22, x21, [sp, #0x10]
    0x100014330 <+8>:  stp    x20, x19, [sp, #0x20]
    0x100014334 <+12>: stp    x29, x30, [sp, #0x30]
Target 0: (H90 Control) stopped.
(lldb) continue
Process 7482 resuming
Process 7482 stopped
* thread #7, stop reason = breakpoint 2.1
    frame #0: 0x0000000100014328 H90 Control`___lldb_unnamed_symbol866
H90 Control`___lldb_unnamed_symbol866:
->  0x100014328 <+0>:  stp    d9, d8, [sp, #-0x40]!
    0x10001432c <+4>:  stp    x22, x21, [sp, #0x10]
    0x100014330 <+8>:  stp    x20, x19, [sp, #0x20]
    0x100014334 <+12>: stp    x29, x30, [sp, #0x30]
Target 0: (H90 Control) stopped.
(lldb) continue
Process 7482 resuming
Process 7482 stopped
* thread #7, stop reason = breakpoint 2.1
    frame #0: 0x0000000100014328 H90 Control`___lldb_unnamed_symbol866
H90 Control`___lldb_unnamed_symbol866:
->  0x100014328 <+0>:  stp    d9, d8, [sp, #-0x40]!
    0x10001432c <+4>:  stp    x22, x21, [sp, #0x10]
    0x100014330 <+8>:  stp    x20, x19, [sp, #0x20]
    0x100014334 <+12>: stp    x29, x30, [sp, #0x30]
Target 0: (H90 Control) stopped.
(lldb) continue
Process 7482 resuming
Process 7482 stopped
* thread #7, stop reason = breakpoint 2.1
    frame #0: 0x0000000100014328 H90 Control`___lldb_unnamed_symbol866
H90 Control`___lldb_unnamed_symbol866:
->  0x100014328 <+0>:  stp    d9, d8, [sp, #-0x40]!
    0x10001432c <+4>:  stp    x22, x21, [sp, #0x10]
    0x100014330 <+8>:  stp    x20, x19, [sp, #0x20]
    0x100014334 <+12>: stp    x29, x30, [sp, #0x30]
Target 0: (H90 Control) stopped.
(lldb) continue
Process 7482 resuming
Process 7482 stopped
* thread #7, stop reason = breakpoint 2.1
    frame #0: 0x0000000100014328 H90 Control`___lldb_unnamed_symbol866
H90 Control`___lldb_unnamed_symbol866:
->  0x100014328 <+0>:  stp    d9, d8, [sp, #-0x40]!
    0x10001432c <+4>:  stp    x22, x21, [sp, #0x10]
    0x100014330 <+8>:  stp    x20, x19, [sp, #0x20]
    0x100014334 <+12>: stp    x29, x30, [sp, #0x30]
Target 0: (H90 Control) stopped.
(lldb) continue
Process 7482 resuming
Process 7482 stopped
* thread #7, stop reason = breakpoint 2.1
    frame #0: 0x0000000100014328 H90 Control`___lldb_unnamed_symbol866
H90 Control`___lldb_unnamed_symbol866:
->  0x100014328 <+0>:  stp    d9, d8, [sp, #-0x40]!
    0x10001432c <+4>:  stp    x22, x21, [sp, #0x10]
    0x100014330 <+8>:  stp    x20, x19, [sp, #0x20]
    0x100014334 <+12>: stp    x29, x30, [sp, #0x30]
Target 0: (H90 Control) stopped.
(lldb) continue
Process 7482 resuming
Process 7482 stopped
* thread #7, stop reason = breakpoint 2.1
    frame #0: 0x0000000100014328 H90 Control`___lldb_unnamed_symbol866
H90 Control`___lldb_unnamed_symbol866:
->  0x100014328 <+0>:  stp    d9, d8, [sp, #-0x40]!
    0x10001432c <+4>:  stp    x22, x21, [sp, #0x10]
    0x100014330 <+8>:  stp    x20, x19, [sp, #0x20]
    0x100014334 <+12>: stp    x29, x30, [sp, #0x30]
Target 0: (H90 Control) stopped.
(lldb) continue
Process 7482 resuming
Process 7482 stopped
* thread #18, name = 'ThreadWithProgressView', stop reason = breakpoint 1.1
    frame #0: 0x000000010001336c H90 Control`___lldb_unnamed_symbol857 + 704
H90 Control`___lldb_unnamed_symbol857:
->  0x10001336c <+704>: bl     0x100477330               ; symbol stub for: MIDISendEventList
    0x100013370 <+708>: b      0x100013380               ; <+724>
    0x100013374 <+712>: mov    x0, x1
    0x100013378 <+716>: mov    x1, x2
Target 0: (H90 Control) stopped.
(lldb) script print("==BP=1 n=7==")
script print("SEND")
expr -- (*(unsigned int*)($x2 + 16)) & 0xffff
==BP=1 n=7==
(lldb) continue
SEND
(lldb) (unsigned int) $6 = 16
(lldb) Process 7482 resuming
Process 7482 stopped
* thread #7, stop reason = breakpoint 2.1
    frame #0: 0x0000000100014328 H90 Control`___lldb_unnamed_symbol866
H90 Control`___lldb_unnamed_symbol866:
->  0x100014328 <+0>:  stp    d9, d8, [sp, #-0x40]!
    0x10001432c <+4>:  stp    x22, x21, [sp, #0x10]
    0x100014330 <+8>:  stp    x20, x19, [sp, #0x20]
    0x100014334 <+12>: stp    x29, x30, [sp, #0x30]
Target 0: (H90 Control) stopped.
(lldb) continue
Process 7482 resuming
Process 7482 stopped
* thread #7, stop reason = breakpoint 2.1
    frame #0: 0x0000000100014328 H90 Control`___lldb_unnamed_symbol866
H90 Control`___lldb_unnamed_symbol866:
->  0x100014328 <+0>:  stp    d9, d8, [sp, #-0x40]!
    0x10001432c <+4>:  stp    x22, x21, [sp, #0x10]
    0x100014330 <+8>:  stp    x20, x19, [sp, #0x20]
    0x100014334 <+12>: stp    x29, x30, [sp, #0x30]
Target 0: (H90 Control) stopped.
(lldb) continue
Process 7482 resuming
Process 7482 stopped
* thread #18, name = 'ThreadWithProgressView', stop reason = breakpoint 1.1
    frame #0: 0x000000010001336c H90 Control`___lldb_unnamed_symbol857 + 704
H90 Control`___lldb_unnamed_symbol857:
->  0x10001336c <+704>: bl     0x100477330               ; symbol stub for: MIDISendEventList
    0x100013370 <+708>: b      0x100013380               ; <+724>
    0x100013374 <+712>: mov    x0, x1
    0x100013378 <+716>: mov    x1, x2
Target 0: (H90 Control) stopped.
(lldb) script print("==BP=1 n=8==")
script print("SEND")
expr -- (*(unsigned int*)($x2 + 16)) & 0xffff
==BP=1 n=8==
(lldb) continue
SEND
(lldb) (unsigned int) $7 = 16
(lldb) Process 7482 resuming
Process 7482 stopped
* thread #7, stop reason = breakpoint 2.1
    frame #0: 0x0000000100014328 H90 Control`___lldb_unnamed_symbol866
H90 Control`___lldb_unnamed_symbol866:
->  0x100014328 <+0>:  stp    d9, d8, [sp, #-0x40]!
    0x10001432c <+4>:  stp    x22, x21, [sp, #0x10]
    0x100014330 <+8>:  stp    x20, x19, [sp, #0x20]
    0x100014334 <+12>: stp    x29, x30, [sp, #0x30]
Target 0: (H90 Control) stopped.
(lldb) continue
Process 7482 resuming
Process 7482 stopped
* thread #18, name = 'ThreadWithProgressView', stop reason = breakpoint 1.1
    frame #0: 0x000000010001336c H90 Control`___lldb_unnamed_symbol857 + 704
H90 Control`___lldb_unnamed_symbol857:
->  0x10001336c <+704>: bl     0x100477330               ; symbol stub for: MIDISendEventList
    0x100013370 <+708>: b      0x100013380               ; <+724>
    0x100013374 <+712>: mov    x0, x1
    0x100013378 <+716>: mov    x1, x2
Target 0: (H90 Control) stopped.
(lldb) script print("==BP=1 n=9==")
script print("SEND")
expr -- (*(unsigned int*)($x2 + 16)) & 0xffff
==BP=1 n=9==
(lldb) continue
SEND
(lldb) (unsigned int) $8 = 18
(lldb) Process 7482 resuming
Process 7482 stopped
* thread #7, stop reason = breakpoint 2.1
    frame #0: 0x0000000100014328 H90 Control`___lldb_unnamed_symbol866
H90 Control`___lldb_unnamed_symbol866:
->  0x100014328 <+0>:  stp    d9, d8, [sp, #-0x40]!
    0x10001432c <+4>:  stp    x22, x21, [sp, #0x10]
    0x100014330 <+8>:  stp    x20, x19, [sp, #0x20]
    0x100014334 <+12>: stp    x29, x30, [sp, #0x30]
Target 0: (H90 Control) stopped.
(lldb) continue
Process 7482 resuming
Process 7482 stopped
* thread #7, stop reason = breakpoint 2.1
    frame #0: 0x0000000100014328 H90 Control`___lldb_unnamed_symbol866
H90 Control`___lldb_unnamed_symbol866:
->  0x100014328 <+0>:  stp    d9, d8, [sp, #-0x40]!
    0x10001432c <+4>:  stp    x22, x21, [sp, #0x10]
    0x100014330 <+8>:  stp    x20, x19, [sp, #0x20]
    0x100014334 <+12>: stp    x29, x30, [sp, #0x30]
Target 0: (H90 Control) stopped.
(lldb) continue
Process 7482 resuming
Process 7482 stopped
* thread #7, stop reason = breakpoint 2.1
    frame #0: 0x0000000100014328 H90 Control`___lldb_unnamed_symbol866
H90 Control`___lldb_unnamed_symbol866:
->  0x100014328 <+0>:  stp    d9, d8, [sp, #-0x40]!
    0x10001432c <+4>:  stp    x22, x21, [sp, #0x10]
    0x100014330 <+8>:  stp    x20, x19, [sp, #0x20]
    0x100014334 <+12>: stp    x29, x30, [sp, #0x30]
Target 0: (H90 Control) stopped.
(lldb) continue
Process 7482 resuming
Process 7482 stopped
* thread #7, stop reason = breakpoint 2.1
    frame #0: 0x0000000100014328 H90 Control`___lldb_unnamed_symbol866
H90 Control`___lldb_unnamed_symbol866:
->  0x100014328 <+0>:  stp    d9, d8, [sp, #-0x40]!
    0x10001432c <+4>:  stp    x22, x21, [sp, #0x10]
    0x100014330 <+8>:  stp    x20, x19, [sp, #0x20]
    0x100014334 <+12>: stp    x29, x30, [sp, #0x30]
Target 0: (H90 Control) stopped.
(lldb) continue
Process 7482 resuming
Process 7482 stopped
* thread #7, stop reason = breakpoint 2.1
    frame #0: 0x0000000100014328 H90 Control`___lldb_unnamed_symbol866
H90 Control`___lldb_unnamed_symbol866:
->  0x100014328 <+0>:  stp    d9, d8, [sp, #-0x40]!
    0x10001432c <+4>:  stp    x22, x21, [sp, #0x10]
    0x100014330 <+8>:  stp    x20, x19, [sp, #0x20]
    0x100014334 <+12>: stp    x29, x30, [sp, #0x30]
Target 0: (H90 Control) stopped.
(lldb) continue
Process 7482 resuming
Process 7482 stopped
* thread #7, stop reason = breakpoint 2.1
    frame #0: 0x0000000100014328 H90 Control`___lldb_unnamed_symbol866
H90 Control`___lldb_unnamed_symbol866:
->  0x100014328 <+0>:  stp    d9, d8, [sp, #-0x40]!
    0x10001432c <+4>:  stp    x22, x21, [sp, #0x10]
    0x100014330 <+8>:  stp    x20, x19, [sp, #0x20]
    0x100014334 <+12>: stp    x29, x30, [sp, #0x30]
Target 0: (H90 Control) stopped.
(lldb) continue
Process 7482 resuming
Process 7482 stopped
* thread #7, stop reason = breakpoint 2.1
    frame #0: 0x0000000100014328 H90 Control`___lldb_unnamed_symbol866
H90 Control`___lldb_unnamed_symbol866:
->  0x100014328 <+0>:  stp    d9, d8, [sp, #-0x40]!
    0x10001432c <+4>:  stp    x22, x21, [sp, #0x10]
    0x100014330 <+8>:  stp    x20, x19, [sp, #0x20]
    0x100014334 <+12>: stp    x29, x30, [sp, #0x30]
Target 0: (H90 Control) stopped.
(lldb) continue
Process 7482 resuming
Process 7482 stopped
* thread #7, stop reason = breakpoint 2.1
    frame #0: 0x0000000100014328 H90 Control`___lldb_unnamed_symbol866
H90 Control`___lldb_unnamed_symbol866:
->  0x100014328 <+0>:  stp    d9, d8, [sp, #-0x40]!
    0x10001432c <+4>:  stp    x22, x21, [sp, #0x10]
    0x100014330 <+8>:  stp    x20, x19, [sp, #0x20]
    0x100014334 <+12>: stp    x29, x30, [sp, #0x30]
Target 0: (H90 Control) stopped.
(lldb) continue
Process 7482 resuming
Process 7482 stopped
* thread #7, stop reason = breakpoint 2.1
    frame #0: 0x0000000100014328 H90 Control`___lldb_unnamed_symbol866
H90 Control`___lldb_unnamed_symbol866:
->  0x100014328 <+0>:  stp    d9, d8, [sp, #-0x40]!
    0x10001432c <+4>:  stp    x22, x21, [sp, #0x10]
    0x100014330 <+8>:  stp    x20, x19, [sp, #0x20]
    0x100014334 <+12>: stp    x29, x30, [sp, #0x30]
Target 0: (H90 Control) stopped.
(lldb) continue
Process 7482 resuming
Process 7482 stopped
* thread #7, stop reason = breakpoint 2.1
    frame #0: 0x0000000100014328 H90 Control`___lldb_unnamed_symbol866
H90 Control`___lldb_unnamed_symbol866:
->  0x100014328 <+0>:  stp    d9, d8, [sp, #-0x40]!
    0x10001432c <+4>:  stp    x22, x21, [sp, #0x10]
    0x100014330 <+8>:  stp    x20, x19, [sp, #0x20]
    0x100014334 <+12>: stp    x29, x30, [sp, #0x30]
Target 0: (H90 Control) stopped.
(lldb) continue
Process 7482 resuming
Process 7482 stopped
* thread #7, stop reason = breakpoint 2.1
    frame #0: 0x0000000100014328 H90 Control`___lldb_unnamed_symbol866
H90 Control`___lldb_unnamed_symbol866:
->  0x100014328 <+0>:  stp    d9, d8, [sp, #-0x40]!
    0x10001432c <+4>:  stp    x22, x21, [sp, #0x10]
    0x100014330 <+8>:  stp    x20, x19, [sp, #0x20]
    0x100014334 <+12>: stp    x29, x30, [sp, #0x30]
Target 0: (H90 Control) stopped.
(lldb) continue
Process 7482 resuming
Process 7482 stopped
* thread #7, stop reason = breakpoint 2.1
    frame #0: 0x0000000100014328 H90 Control`___lldb_unnamed_symbol866
H90 Control`___lldb_unnamed_symbol866:
->  0x100014328 <+0>:  stp    d9, d8, [sp, #-0x40]!
    0x10001432c <+4>:  stp    x22, x21, [sp, #0x10]
    0x100014330 <+8>:  stp    x20, x19, [sp, #0x20]
    0x100014334 <+12>: stp    x29, x30, [sp, #0x30]
Target 0: (H90 Control) stopped.
(lldb) continue
Process 7482 resuming
Process 7482 stopped
* thread #7, stop reason = breakpoint 2.1
    frame #0: 0x0000000100014328 H90 Control`___lldb_unnamed_symbol866
H90 Control`___lldb_unnamed_symbol866:
->  0x100014328 <+0>:  stp    d9, d8, [sp, #-0x40]!
    0x10001432c <+4>:  stp    x22, x21, [sp, #0x10]
    0x100014330 <+8>:  stp    x20, x19, [sp, #0x20]
    0x100014334 <+12>: stp    x29, x30, [sp, #0x30]
Target 0: (H90 Control) stopped.
(lldb) continue
Process 7482 resuming
Process 7482 stopped
* thread #7, stop reason = breakpoint 2.1
    frame #0: 0x0000000100014328 H90 Control`___lldb_unnamed_symbol866
H90 Control`___lldb_unnamed_symbol866:
->  0x100014328 <+0>:  stp    d9, d8, [sp, #-0x40]!
    0x10001432c <+4>:  stp    x22, x21, [sp, #0x10]
    0x100014330 <+8>:  stp    x20, x19, [sp, #0x20]
    0x100014334 <+12>: stp    x29, x30, [sp, #0x30]
Target 0: (H90 Control) stopped.
(lldb) continue
Process 7482 resuming
Process 7482 stopped
* thread #7, stop reason = breakpoint 2.1
    frame #0: 0x0000000100014328 H90 Control`___lldb_unnamed_symbol866
H90 Control`___lldb_unnamed_symbol866:
->  0x100014328 <+0>:  stp    d9, d8, [sp, #-0x40]!
    0x10001432c <+4>:  stp    x22, x21, [sp, #0x10]
    0x100014330 <+8>:  stp    x20, x19, [sp, #0x20]
    0x100014334 <+12>: stp    x29, x30, [sp, #0x30]
Target 0: (H90 Control) stopped.
(lldb) continue
Process 7482 resuming
Process 7482 stopped
* thread #7, stop reason = breakpoint 2.1
    frame #0: 0x0000000100014328 H90 Control`___lldb_unnamed_symbol866
H90 Control`___lldb_unnamed_symbol866:
->  0x100014328 <+0>:  stp    d9, d8, [sp, #-0x40]!
    0x10001432c <+4>:  stp    x22, x21, [sp, #0x10]
    0x100014330 <+8>:  stp    x20, x19, [sp, #0x20]
    0x100014334 <+12>: stp    x29, x30, [sp, #0x30]
Target 0: (H90 Control) stopped.
(lldb) continue
Process 7482 resuming
Process 7482 stopped
* thread #7, stop reason = breakpoint 2.1
    frame #0: 0x0000000100014328 H90 Control`___lldb_unnamed_symbol866
H90 Control`___lldb_unnamed_symbol866:
->  0x100014328 <+0>:  stp    d9, d8, [sp, #-0x40]!
    0x10001432c <+4>:  stp    x22, x21, [sp, #0x10]
    0x100014330 <+8>:  stp    x20, x19, [sp, #0x20]
    0x100014334 <+12>: stp    x29, x30, [sp, #0x30]
Target 0: (H90 Control) stopped.
(lldb) continue
Process 7482 resuming
Process 7482 stopped
* thread #7, stop reason = breakpoint 2.1
    frame #0: 0x0000000100014328 H90 Control`___lldb_unnamed_symbol866
H90 Control`___lldb_unnamed_symbol866:
->  0x100014328 <+0>:  stp    d9, d8, [sp, #-0x40]!
    0x10001432c <+4>:  stp    x22, x21, [sp, #0x10]
    0x100014330 <+8>:  stp    x20, x19, [sp, #0x20]
    0x100014334 <+12>: stp    x29, x30, [sp, #0x30]
Target 0: (H90 Control) stopped.
(lldb) continue
Process 7482 resuming
Process 7482 stopped
* thread #7, stop reason = breakpoint 2.1
    frame #0: 0x0000000100014328 H90 Control`___lldb_unnamed_symbol866
H90 Control`___lldb_unnamed_symbol866:
->  0x100014328 <+0>:  stp    d9, d8, [sp, #-0x40]!
    0x10001432c <+4>:  stp    x22, x21, [sp, #0x10]
    0x100014330 <+8>:  stp    x20, x19, [sp, #0x20]
    0x100014334 <+12>: stp    x29, x30, [sp, #0x30]
Target 0: (H90 Control) stopped.
(lldb) continue
Process 7482 resuming
Process 7482 stopped
* thread #7, stop reason = breakpoint 2.1
    frame #0: 0x0000000100014328 H90 Control`___lldb_unnamed_symbol866
H90 Control`___lldb_unnamed_symbol866:
->  0x100014328 <+0>:  stp    d9, d8, [sp, #-0x40]!
    0x10001432c <+4>:  stp    x22, x21, [sp, #0x10]
    0x100014330 <+8>:  stp    x20, x19, [sp, #0x20]
    0x100014334 <+12>: stp    x29, x30, [sp, #0x30]
Target 0: (H90 Control) stopped.
(lldb) continue
Process 7482 resuming
Process 7482 stopped
* thread #7, stop reason = breakpoint 2.1
    frame #0: 0x0000000100014328 H90 Control`___lldb_unnamed_symbol866
H90 Control`___lldb_unnamed_symbol866:
->  0x100014328 <+0>:  stp    d9, d8, [sp, #-0x40]!
    0x10001432c <+4>:  stp    x22, x21, [sp, #0x10]
    0x100014330 <+8>:  stp    x20, x19, [sp, #0x20]
    0x100014334 <+12>: stp    x29, x30, [sp, #0x30]
Target 0: (H90 Control) stopped.
(lldb) continue
Process 7482 resuming
Process 7482 stopped
* thread #7, stop reason = breakpoint 2.1
    frame #0: 0x0000000100014328 H90 Control`___lldb_unnamed_symbol866
H90 Control`___lldb_unnamed_symbol866:
->  0x100014328 <+0>:  stp    d9, d8, [sp, #-0x40]!
    0x10001432c <+4>:  stp    x22, x21, [sp, #0x10]
    0x100014330 <+8>:  stp    x20, x19, [sp, #0x20]
    0x100014334 <+12>: stp    x29, x30, [sp, #0x30]
Target 0: (H90 Control) stopped.
(lldb) continue
Process 7482 resuming
Process 7482 stopped
* thread #7, stop reason = breakpoint 2.1
    frame #0: 0x0000000100014328 H90 Control`___lldb_unnamed_symbol866
H90 Control`___lldb_unnamed_symbol866:
->  0x100014328 <+0>:  stp    d9, d8, [sp, #-0x40]!
    0x10001432c <+4>:  stp    x22, x21, [sp, #0x10]
    0x100014330 <+8>:  stp    x20, x19, [sp, #0x20]
    0x100014334 <+12>: stp    x29, x30, [sp, #0x30]
Target 0: (H90 Control) stopped.
(lldb) continue
Process 7482 resuming
Process 7482 stopped
* thread #7, stop reason = breakpoint 2.1
    frame #0: 0x0000000100014328 H90 Control`___lldb_unnamed_symbol866
H90 Control`___lldb_unnamed_symbol866:
->  0x100014328 <+0>:  stp    d9, d8, [sp, #-0x40]!
    0x10001432c <+4>:  stp    x22, x21, [sp, #0x10]
    0x100014330 <+8>:  stp    x20, x19, [sp, #0x20]
    0x100014334 <+12>: stp    x29, x30, [sp, #0x30]
Target 0: (H90 Control) stopped.
(lldb) continue
Process 7482 resuming
Process 7482 stopped
* thread #7, stop reason = breakpoint 2.1
    frame #0: 0x0000000100014328 H90 Control`___lldb_unnamed_symbol866
H90 Control`___lldb_unnamed_symbol866:
->  0x100014328 <+0>:  stp    d9, d8, [sp, #-0x40]!
    0x10001432c <+4>:  stp    x22, x21, [sp, #0x10]
    0x100014330 <+8>:  stp    x20, x19, [sp, #0x20]
    0x100014334 <+12>: stp    x29, x30, [sp, #0x30]
Target 0: (H90 Control) stopped.
(lldb) continue
Process 7482 resuming
Process 7482 stopped
* thread #7, stop reason = breakpoint 2.1
    frame #0: 0x0000000100014328 H90 Control`___lldb_unnamed_symbol866
H90 Control`___lldb_unnamed_symbol866:
->  0x100014328 <+0>:  stp    d9, d8, [sp, #-0x40]!
    0x10001432c <+4>:  stp    x22, x21, [sp, #0x10]
    0x100014330 <+8>:  stp    x20, x19, [sp, #0x20]
    0x100014334 <+12>: stp    x29, x30, [sp, #0x30]
Target 0: (H90 Control) stopped.
(lldb) continue
Process 7482 resuming
Process 7482 stopped
* thread #7, stop reason = breakpoint 2.1
    frame #0: 0x0000000100014328 H90 Control`___lldb_unnamed_symbol866
H90 Control`___lldb_unnamed_symbol866:
->  0x100014328 <+0>:  stp    d9, d8, [sp, #-0x40]!
    0x10001432c <+4>:  stp    x22, x21, [sp, #0x10]
    0x100014330 <+8>:  stp    x20, x19, [sp, #0x20]
    0x100014334 <+12>: stp    x29, x30, [sp, #0x30]
Target 0: (H90 Control) stopped.
(lldb) continue
Process 7482 resuming
Process 7482 stopped
* thread #7, stop reason = breakpoint 2.1
    frame #0: 0x0000000100014328 H90 Control`___lldb_unnamed_symbol866
H90 Control`___lldb_unnamed_symbol866:
->  0x100014328 <+0>:  stp    d9, d8, [sp, #-0x40]!
    0x10001432c <+4>:  stp    x22, x21, [sp, #0x10]
    0x100014330 <+8>:  stp    x20, x19, [sp, #0x20]
    0x100014334 <+12>: stp    x29, x30, [sp, #0x30]
Target 0: (H90 Control) stopped.
(lldb) continue
Process 7482 resuming
Process 7482 stopped
* thread #7, stop reason = breakpoint 2.1
    frame #0: 0x0000000100014328 H90 Control`___lldb_unnamed_symbol866
H90 Control`___lldb_unnamed_symbol866:
->  0x100014328 <+0>:  stp    d9, d8, [sp, #-0x40]!
    0x10001432c <+4>:  stp    x22, x21, [sp, #0x10]
    0x100014330 <+8>:  stp    x20, x19, [sp, #0x20]
    0x100014334 <+12>: stp    x29, x30, [sp, #0x30]
Target 0: (H90 Control) stopped.
(lldb) continue
Process 7482 resuming
Process 7482 stopped
* thread #7, stop reason = breakpoint 2.1
    frame #0: 0x0000000100014328 H90 Control`___lldb_unnamed_symbol866
H90 Control`___lldb_unnamed_symbol866:
->  0x100014328 <+0>:  stp    d9, d8, [sp, #-0x40]!
    0x10001432c <+4>:  stp    x22, x21, [sp, #0x10]
    0x100014330 <+8>:  stp    x20, x19, [sp, #0x20]
    0x100014334 <+12>: stp    x29, x30, [sp, #0x30]
Target 0: (H90 Control) stopped.
(lldb) continue
Process 7482 resuming
Process 7482 stopped
* thread #7, stop reason = breakpoint 2.1
    frame #0: 0x0000000100014328 H90 Control`___lldb_unnamed_symbol866
H90 Control`___lldb_unnamed_symbol866:
->  0x100014328 <+0>:  stp    d9, d8, [sp, #-0x40]!
    0x10001432c <+4>:  stp    x22, x21, [sp, #0x10]
    0x100014330 <+8>:  stp    x20, x19, [sp, #0x20]
    0x100014334 <+12>: stp    x29, x30, [sp, #0x30]
Target 0: (H90 Control) stopped.
(lldb) continue
Process 7482 resuming
Process 7482 stopped
* thread #7, stop reason = breakpoint 2.1
    frame #0: 0x0000000100014328 H90 Control`___lldb_unnamed_symbol866
H90 Control`___lldb_unnamed_symbol866:
->  0x100014328 <+0>:  stp    d9, d8, [sp, #-0x40]!
    0x10001432c <+4>:  stp    x22, x21, [sp, #0x10]
    0x100014330 <+8>:  stp    x20, x19, [sp, #0x20]
    0x100014334 <+12>: stp    x29, x30, [sp, #0x30]
Target 0: (H90 Control) stopped.
(lldb) continue
Process 7482 resuming
Process 7482 stopped
* thread #7, stop reason = breakpoint 2.1
    frame #0: 0x0000000100014328 H90 Control`___lldb_unnamed_symbol866
H90 Control`___lldb_unnamed_symbol866:
->  0x100014328 <+0>:  stp    d9, d8, [sp, #-0x40]!
    0x10001432c <+4>:  stp    x22, x21, [sp, #0x10]
    0x100014330 <+8>:  stp    x20, x19, [sp, #0x20]
    0x100014334 <+12>: stp    x29, x30, [sp, #0x30]
Target 0: (H90 Control) stopped.
(lldb) continue
Process 7482 resuming
Process 7482 stopped
* thread #7, stop reason = breakpoint 2.1
    frame #0: 0x0000000100014328 H90 Control`___lldb_unnamed_symbol866
H90 Control`___lldb_unnamed_symbol866:
->  0x100014328 <+0>:  stp    d9, d8, [sp, #-0x40]!
    0x10001432c <+4>:  stp    x22, x21, [sp, #0x10]
    0x100014330 <+8>:  stp    x20, x19, [sp, #0x20]
    0x100014334 <+12>: stp    x29, x30, [sp, #0x30]
Target 0: (H90 Control) stopped.
(lldb) continue
Process 7482 resuming
Process 7482 stopped
* thread #7, stop reason = breakpoint 2.1
    frame #0: 0x0000000100014328 H90 Control`___lldb_unnamed_symbol866
H90 Control`___lldb_unnamed_symbol866:
->  0x100014328 <+0>:  stp    d9, d8, [sp, #-0x40]!
    0x10001432c <+4>:  stp    x22, x21, [sp, #0x10]
    0x100014330 <+8>:  stp    x20, x19, [sp, #0x20]
    0x100014334 <+12>: stp    x29, x30, [sp, #0x30]
Target 0: (H90 Control) stopped.
(lldb) continue
Process 7482 resuming
Process 7482 stopped
* thread #7, stop reason = breakpoint 2.1
    frame #0: 0x0000000100014328 H90 Control`___lldb_unnamed_symbol866
H90 Control`___lldb_unnamed_symbol866:
->  0x100014328 <+0>:  stp    d9, d8, [sp, #-0x40]!
    0x10001432c <+4>:  stp    x22, x21, [sp, #0x10]
    0x100014330 <+8>:  stp    x20, x19, [sp, #0x20]
    0x100014334 <+12>: stp    x29, x30, [sp, #0x30]
Target 0: (H90 Control) stopped.
(lldb) continue
Process 7482 resuming
Process 7482 stopped
* thread #7, stop reason = breakpoint 2.1
    frame #0: 0x0000000100014328 H90 Control`___lldb_unnamed_symbol866
H90 Control`___lldb_unnamed_symbol866:
->  0x100014328 <+0>:  stp    d9, d8, [sp, #-0x40]!
    0x10001432c <+4>:  stp    x22, x21, [sp, #0x10]
    0x100014330 <+8>:  stp    x20, x19, [sp, #0x20]
    0x100014334 <+12>: stp    x29, x30, [sp, #0x30]
Target 0: (H90 Control) stopped.
(lldb) continue
Process 7482 resuming
Process 7482 stopped
* thread #7, stop reason = breakpoint 2.1
    frame #0: 0x0000000100014328 H90 Control`___lldb_unnamed_symbol866
H90 Control`___lldb_unnamed_symbol866:
->  0x100014328 <+0>:  stp    d9, d8, [sp, #-0x40]!
    0x10001432c <+4>:  stp    x22, x21, [sp, #0x10]
    0x100014330 <+8>:  stp    x20, x19, [sp, #0x20]
    0x100014334 <+12>: stp    x29, x30, [sp, #0x30]
Target 0: (H90 Control) stopped.
(lldb) continue
Process 7482 resuming
Process 7482 stopped
* thread #7, stop reason = breakpoint 2.1
    frame #0: 0x0000000100014328 H90 Control`___lldb_unnamed_symbol866
H90 Control`___lldb_unnamed_symbol866:
->  0x100014328 <+0>:  stp    d9, d8, [sp, #-0x40]!
    0x10001432c <+4>:  stp    x22, x21, [sp, #0x10]
    0x100014330 <+8>:  stp    x20, x19, [sp, #0x20]
    0x100014334 <+12>: stp    x29, x30, [sp, #0x30]
Target 0: (H90 Control) stopped.
(lldb) continue
Process 7482 resuming
Process 7482 stopped
* thread #7, stop reason = breakpoint 2.1
    frame #0: 0x0000000100014328 H90 Control`___lldb_unnamed_symbol866
H90 Control`___lldb_unnamed_symbol866:
->  0x100014328 <+0>:  stp    d9, d8, [sp, #-0x40]!
    0x10001432c <+4>:  stp    x22, x21, [sp, #0x10]
    0x100014330 <+8>:  stp    x20, x19, [sp, #0x20]
    0x100014334 <+12>: stp    x29, x30, [sp, #0x30]
Target 0: (H90 Control) stopped.
(lldb) continue
Process 7482 resuming
Process 7482 stopped
* thread #7, stop reason = breakpoint 2.1
    frame #0: 0x0000000100014328 H90 Control`___lldb_unnamed_symbol866
H90 Control`___lldb_unnamed_symbol866:
->  0x100014328 <+0>:  stp    d9, d8, [sp, #-0x40]!
    0x10001432c <+4>:  stp    x22, x21, [sp, #0x10]
    0x100014330 <+8>:  stp    x20, x19, [sp, #0x20]
    0x100014334 <+12>: stp    x29, x30, [sp, #0x30]
Target 0: (H90 Control) stopped.
(lldb) continue
Process 7482 resuming
Process 7482 stopped
* thread #7, stop reason = breakpoint 2.1
    frame #0: 0x0000000100014328 H90 Control`___lldb_unnamed_symbol866
H90 Control`___lldb_unnamed_symbol866:
->  0x100014328 <+0>:  stp    d9, d8, [sp, #-0x40]!
    0x10001432c <+4>:  stp    x22, x21, [sp, #0x10]
    0x100014330 <+8>:  stp    x20, x19, [sp, #0x20]
    0x100014334 <+12>: stp    x29, x30, [sp, #0x30]
Target 0: (H90 Control) stopped.
(lldb) continue
Process 7482 resuming
Process 7482 stopped
* thread #7, stop reason = breakpoint 2.1
    frame #0: 0x0000000100014328 H90 Control`___lldb_unnamed_symbol866
H90 Control`___lldb_unnamed_symbol866:
->  0x100014328 <+0>:  stp    d9, d8, [sp, #-0x40]!
    0x10001432c <+4>:  stp    x22, x21, [sp, #0x10]
    0x100014330 <+8>:  stp    x20, x19, [sp, #0x20]
    0x100014334 <+12>: stp    x29, x30, [sp, #0x30]
Target 0: (H90 Control) stopped.
(lldb) continue
Process 7482 resuming
Process 7482 stopped
* thread #7, stop reason = breakpoint 2.1
    frame #0: 0x0000000100014328 H90 Control`___lldb_unnamed_symbol866
H90 Control`___lldb_unnamed_symbol866:
->  0x100014328 <+0>:  stp    d9, d8, [sp, #-0x40]!
    0x10001432c <+4>:  stp    x22, x21, [sp, #0x10]
    0x100014330 <+8>:  stp    x20, x19, [sp, #0x20]
    0x100014334 <+12>: stp    x29, x30, [sp, #0x30]
Target 0: (H90 Control) stopped.
(lldb) continue
Process 7482 resuming
Process 7482 stopped
* thread #7, stop reason = breakpoint 2.1
    frame #0: 0x0000000100014328 H90 Control`___lldb_unnamed_symbol866
H90 Control`___lldb_unnamed_symbol866:
->  0x100014328 <+0>:  stp    d9, d8, [sp, #-0x40]!
    0x10001432c <+4>:  stp    x22, x21, [sp, #0x10]
    0x100014330 <+8>:  stp    x20, x19, [sp, #0x20]
    0x100014334 <+12>: stp    x29, x30, [sp, #0x30]
Target 0: (H90 Control) stopped.
(lldb) continue
Process 7482 resuming
Process 7482 stopped
* thread #7, stop reason = breakpoint 2.1
    frame #0: 0x0000000100014328 H90 Control`___lldb_unnamed_symbol866
H90 Control`___lldb_unnamed_symbol866:
->  0x100014328 <+0>:  stp    d9, d8, [sp, #-0x40]!
    0x10001432c <+4>:  stp    x22, x21, [sp, #0x10]
    0x100014330 <+8>:  stp    x20, x19, [sp, #0x20]
    0x100014334 <+12>: stp    x29, x30, [sp, #0x30]
Target 0: (H90 Control) stopped.
(lldb) continue
Process 7482 resuming
Process 7482 stopped
* thread #7, stop reason = breakpoint 2.1
    frame #0: 0x0000000100014328 H90 Control`___lldb_unnamed_symbol866
H90 Control`___lldb_unnamed_symbol866:
->  0x100014328 <+0>:  stp    d9, d8, [sp, #-0x40]!
    0x10001432c <+4>:  stp    x22, x21, [sp, #0x10]
    0x100014330 <+8>:  stp    x20, x19, [sp, #0x20]
    0x100014334 <+12>: stp    x29, x30, [sp, #0x30]
Target 0: (H90 Control) stopped.
(lldb) continue
Process 7482 resuming
Process 7482 stopped
* thread #7, stop reason = breakpoint 2.1
    frame #0: 0x0000000100014328 H90 Control`___lldb_unnamed_symbol866
H90 Control`___lldb_unnamed_symbol866:
->  0x100014328 <+0>:  stp    d9, d8, [sp, #-0x40]!
    0x10001432c <+4>:  stp    x22, x21, [sp, #0x10]
    0x100014330 <+8>:  stp    x20, x19, [sp, #0x20]
    0x100014334 <+12>: stp    x29, x30, [sp, #0x30]
Target 0: (H90 Control) stopped.
(lldb) continue
Process 7482 resuming
Process 7482 stopped
* thread #7, stop reason = breakpoint 2.1
    frame #0: 0x0000000100014328 H90 Control`___lldb_unnamed_symbol866
H90 Control`___lldb_unnamed_symbol866:
->  0x100014328 <+0>:  stp    d9, d8, [sp, #-0x40]!
    0x10001432c <+4>:  stp    x22, x21, [sp, #0x10]
    0x100014330 <+8>:  stp    x20, x19, [sp, #0x20]
    0x100014334 <+12>: stp    x29, x30, [sp, #0x30]
Target 0: (H90 Control) stopped.
(lldb) continue
Process 7482 resuming
Process 7482 stopped
* thread #7, stop reason = breakpoint 2.1
    frame #0: 0x0000000100014328 H90 Control`___lldb_unnamed_symbol866
H90 Control`___lldb_unnamed_symbol866:
->  0x100014328 <+0>:  stp    d9, d8, [sp, #-0x40]!
    0x10001432c <+4>:  stp    x22, x21, [sp, #0x10]
    0x100014330 <+8>:  stp    x20, x19, [sp, #0x20]
    0x100014334 <+12>: stp    x29, x30, [sp, #0x30]
Target 0: (H90 Control) stopped.
(lldb) continue
Process 7482 resuming
Process 7482 stopped
* thread #7, stop reason = breakpoint 2.1
    frame #0: 0x0000000100014328 H90 Control`___lldb_unnamed_symbol866
H90 Control`___lldb_unnamed_symbol866:
->  0x100014328 <+0>:  stp    d9, d8, [sp, #-0x40]!
    0x10001432c <+4>:  stp    x22, x21, [sp, #0x10]
    0x100014330 <+8>:  stp    x20, x19, [sp, #0x20]
    0x100014334 <+12>: stp    x29, x30, [sp, #0x30]
Target 0: (H90 Control) stopped.
(lldb) continue
Process 7482 resuming
Process 7482 stopped
* thread #7, stop reason = breakpoint 2.1
    frame #0: 0x0000000100014328 H90 Control`___lldb_unnamed_symbol866
H90 Control`___lldb_unnamed_symbol866:
->  0x100014328 <+0>:  stp    d9, d8, [sp, #-0x40]!
    0x10001432c <+4>:  stp    x22, x21, [sp, #0x10]
    0x100014330 <+8>:  stp    x20, x19, [sp, #0x20]
    0x100014334 <+12>: stp    x29, x30, [sp, #0x30]
Target 0: (H90 Control) stopped.
(lldb) continue
Process 7482 resuming
Process 7482 stopped
* thread #7, stop reason = breakpoint 2.1
    frame #0: 0x0000000100014328 H90 Control`___lldb_unnamed_symbol866
H90 Control`___lldb_unnamed_symbol866:
->  0x100014328 <+0>:  stp    d9, d8, [sp, #-0x40]!
    0x10001432c <+4>:  stp    x22, x21, [sp, #0x10]
    0x100014330 <+8>:  stp    x20, x19, [sp, #0x20]
    0x100014334 <+12>: stp    x29, x30, [sp, #0x30]
Target 0: (H90 Control) stopped.
(lldb) continue
Process 7482 resuming
Process 7482 stopped
* thread #7, stop reason = breakpoint 2.1
    frame #0: 0x0000000100014328 H90 Control`___lldb_unnamed_symbol866
H90 Control`___lldb_unnamed_symbol866:
->  0x100014328 <+0>:  stp    d9, d8, [sp, #-0x40]!
    0x10001432c <+4>:  stp    x22, x21, [sp, #0x10]
    0x100014330 <+8>:  stp    x20, x19, [sp, #0x20]
    0x100014334 <+12>: stp    x29, x30, [sp, #0x30]
Target 0: (H90 Control) stopped.
(lldb) continue
Process 7482 resuming
Process 7482 stopped
* thread #7, stop reason = breakpoint 2.1
    frame #0: 0x0000000100014328 H90 Control`___lldb_unnamed_symbol866
H90 Control`___lldb_unnamed_symbol866:
->  0x100014328 <+0>:  stp    d9, d8, [sp, #-0x40]!
    0x10001432c <+4>:  stp    x22, x21, [sp, #0x10]
    0x100014330 <+8>:  stp    x20, x19, [sp, #0x20]
    0x100014334 <+12>: stp    x29, x30, [sp, #0x30]
Target 0: (H90 Control) stopped.
(lldb) continue
Process 7482 resuming
Process 7482 stopped
* thread #7, stop reason = breakpoint 2.1
    frame #0: 0x0000000100014328 H90 Control`___lldb_unnamed_symbol866
H90 Control`___lldb_unnamed_symbol866:
->  0x100014328 <+0>:  stp    d9, d8, [sp, #-0x40]!
    0x10001432c <+4>:  stp    x22, x21, [sp, #0x10]
    0x100014330 <+8>:  stp    x20, x19, [sp, #0x20]
    0x100014334 <+12>: stp    x29, x30, [sp, #0x30]
Target 0: (H90 Control) stopped.
(lldb) continue
Process 7482 resuming
Process 7482 stopped
* thread #7, stop reason = breakpoint 2.1
    frame #0: 0x0000000100014328 H90 Control`___lldb_unnamed_symbol866
H90 Control`___lldb_unnamed_symbol866:
->  0x100014328 <+0>:  stp    d9, d8, [sp, #-0x40]!
    0x10001432c <+4>:  stp    x22, x21, [sp, #0x10]
    0x100014330 <+8>:  stp    x20, x19, [sp, #0x20]
    0x100014334 <+12>: stp    x29, x30, [sp, #0x30]
Target 0: (H90 Control) stopped.
(lldb) continue
Process 7482 resuming
Process 7482 stopped
* thread #7, stop reason = breakpoint 2.1
    frame #0: 0x0000000100014328 H90 Control`___lldb_unnamed_symbol866
H90 Control`___lldb_unnamed_symbol866:
->  0x100014328 <+0>:  stp    d9, d8, [sp, #-0x40]!
    0x10001432c <+4>:  stp    x22, x21, [sp, #0x10]
    0x100014330 <+8>:  stp    x20, x19, [sp, #0x20]
    0x100014334 <+12>: stp    x29, x30, [sp, #0x30]
Target 0: (H90 Control) stopped.
(lldb) continue
Process 7482 resuming
Process 7482 stopped
* thread #7, stop reason = breakpoint 2.1
    frame #0: 0x0000000100014328 H90 Control`___lldb_unnamed_symbol866
H90 Control`___lldb_unnamed_symbol866:
->  0x100014328 <+0>:  stp    d9, d8, [sp, #-0x40]!
    0x10001432c <+4>:  stp    x22, x21, [sp, #0x10]
    0x100014330 <+8>:  stp    x20, x19, [sp, #0x20]
    0x100014334 <+12>: stp    x29, x30, [sp, #0x30]
Target 0: (H90 Control) stopped.
(lldb) continue
Process 7482 resuming
Process 7482 stopped
* thread #7, stop reason = breakpoint 2.1
    frame #0: 0x0000000100014328 H90 Control`___lldb_unnamed_symbol866
H90 Control`___lldb_unnamed_symbol866:
->  0x100014328 <+0>:  stp    d9, d8, [sp, #-0x40]!
    0x10001432c <+4>:  stp    x22, x21, [sp, #0x10]
    0x100014330 <+8>:  stp    x20, x19, [sp, #0x20]
    0x100014334 <+12>: stp    x29, x30, [sp, #0x30]
Target 0: (H90 Control) stopped.
(lldb) continue
Process 7482 resuming
Process 7482 stopped
* thread #7, stop reason = breakpoint 2.1
    frame #0: 0x0000000100014328 H90 Control`___lldb_unnamed_symbol866
H90 Control`___lldb_unnamed_symbol866:
->  0x100014328 <+0>:  stp    d9, d8, [sp, #-0x40]!
    0x10001432c <+4>:  stp    x22, x21, [sp, #0x10]
    0x100014330 <+8>:  stp    x20, x19, [sp, #0x20]
    0x100014334 <+12>: stp    x29, x30, [sp, #0x30]
Target 0: (H90 Control) stopped.
(lldb) continue
Process 7482 resuming
Process 7482 stopped
* thread #7, stop reason = breakpoint 2.1
    frame #0: 0x0000000100014328 H90 Control`___lldb_unnamed_symbol866
H90 Control`___lldb_unnamed_symbol866:
->  0x100014328 <+0>:  stp    d9, d8, [sp, #-0x40]!
    0x10001432c <+4>:  stp    x22, x21, [sp, #0x10]
    0x100014330 <+8>:  stp    x20, x19, [sp, #0x20]
    0x100014334 <+12>: stp    x29, x30, [sp, #0x30]
Target 0: (H90 Control) stopped.
(lldb) continue
Process 7482 resuming
Process 7482 stopped
* thread #7, stop reason = breakpoint 2.1
    frame #0: 0x0000000100014328 H90 Control`___lldb_unnamed_symbol866
H90 Control`___lldb_unnamed_symbol866:
->  0x100014328 <+0>:  stp    d9, d8, [sp, #-0x40]!
    0x10001432c <+4>:  stp    x22, x21, [sp, #0x10]
    0x100014330 <+8>:  stp    x20, x19, [sp, #0x20]
    0x100014334 <+12>: stp    x29, x30, [sp, #0x30]
Target 0: (H90 Control) stopped.
(lldb) continue
Process 7482 resuming
Process 7482 stopped
* thread #7, stop reason = breakpoint 2.1
    frame #0: 0x0000000100014328 H90 Control`___lldb_unnamed_symbol866
H90 Control`___lldb_unnamed_symbol866:
->  0x100014328 <+0>:  stp    d9, d8, [sp, #-0x40]!
    0x10001432c <+4>:  stp    x22, x21, [sp, #0x10]
    0x100014330 <+8>:  stp    x20, x19, [sp, #0x20]
    0x100014334 <+12>: stp    x29, x30, [sp, #0x30]
Target 0: (H90 Control) stopped.
(lldb) continue
Process 7482 resuming
Process 7482 stopped
* thread #7, stop reason = breakpoint 2.1
    frame #0: 0x0000000100014328 H90 Control`___lldb_unnamed_symbol866
H90 Control`___lldb_unnamed_symbol866:
->  0x100014328 <+0>:  stp    d9, d8, [sp, #-0x40]!
    0x10001432c <+4>:  stp    x22, x21, [sp, #0x10]
    0x100014330 <+8>:  stp    x20, x19, [sp, #0x20]
    0x100014334 <+12>: stp    x29, x30, [sp, #0x30]
Target 0: (H90 Control) stopped.
(lldb) continue
Process 7482 resuming
Process 7482 stopped
* thread #7, stop reason = breakpoint 2.1
    frame #0: 0x0000000100014328 H90 Control`___lldb_unnamed_symbol866
H90 Control`___lldb_unnamed_symbol866:
->  0x100014328 <+0>:  stp    d9, d8, [sp, #-0x40]!
    0x10001432c <+4>:  stp    x22, x21, [sp, #0x10]
    0x100014330 <+8>:  stp    x20, x19, [sp, #0x20]
    0x100014334 <+12>: stp    x29, x30, [sp, #0x30]
Target 0: (H90 Control) stopped.
(lldb) continue
Process 7482 resuming
Process 7482 stopped
* thread #7, stop reason = breakpoint 2.1
    frame #0: 0x0000000100014328 H90 Control`___lldb_unnamed_symbol866
H90 Control`___lldb_unnamed_symbol866:
->  0x100014328 <+0>:  stp    d9, d8, [sp, #-0x40]!
    0x10001432c <+4>:  stp    x22, x21, [sp, #0x10]
    0x100014330 <+8>:  stp    x20, x19, [sp, #0x20]
    0x100014334 <+12>: stp    x29, x30, [sp, #0x30]
Target 0: (H90 Control) stopped.
(lldb) continue
Process 7482 resuming
Process 7482 stopped
* thread #7, stop reason = breakpoint 2.1
    frame #0: 0x0000000100014328 H90 Control`___lldb_unnamed_symbol866
H90 Control`___lldb_unnamed_symbol866:
->  0x100014328 <+0>:  stp    d9, d8, [sp, #-0x40]!
    0x10001432c <+4>:  stp    x22, x21, [sp, #0x10]
    0x100014330 <+8>:  stp    x20, x19, [sp, #0x20]
    0x100014334 <+12>: stp    x29, x30, [sp, #0x30]
Target 0: (H90 Control) stopped.
(lldb) continue
Process 7482 resuming
Process 7482 stopped
* thread #7, stop reason = breakpoint 2.1
    frame #0: 0x0000000100014328 H90 Control`___lldb_unnamed_symbol866
H90 Control`___lldb_unnamed_symbol866:
->  0x100014328 <+0>:  stp    d9, d8, [sp, #-0x40]!
    0x10001432c <+4>:  stp    x22, x21, [sp, #0x10]
    0x100014330 <+8>:  stp    x20, x19, [sp, #0x20]
    0x100014334 <+12>: stp    x29, x30, [sp, #0x30]
Target 0: (H90 Control) stopped.
(lldb) continue
Process 7482 resuming
Process 7482 stopped
* thread #7, stop reason = breakpoint 2.1
    frame #0: 0x0000000100014328 H90 Control`___lldb_unnamed_symbol866
H90 Control`___lldb_unnamed_symbol866:
->  0x100014328 <+0>:  stp    d9, d8, [sp, #-0x40]!
    0x10001432c <+4>:  stp    x22, x21, [sp, #0x10]
    0x100014330 <+8>:  stp    x20, x19, [sp, #0x20]
    0x100014334 <+12>: stp    x29, x30, [sp, #0x30]
Target 0: (H90 Control) stopped.
(lldb) continue
Process 7482 resuming
Process 7482 stopped
* thread #7, stop reason = breakpoint 2.1
    frame #0: 0x0000000100014328 H90 Control`___lldb_unnamed_symbol866
H90 Control`___lldb_unnamed_symbol866:
->  0x100014328 <+0>:  stp    d9, d8, [sp, #-0x40]!
    0x10001432c <+4>:  stp    x22, x21, [sp, #0x10]
    0x100014330 <+8>:  stp    x20, x19, [sp, #0x20]
    0x100014334 <+12>: stp    x29, x30, [sp, #0x30]
Target 0: (H90 Control) stopped.
(lldb) continue
Process 7482 resuming
Process 7482 stopped
* thread #7, stop reason = breakpoint 2.1
    frame #0: 0x0000000100014328 H90 Control`___lldb_unnamed_symbol866
H90 Control`___lldb_unnamed_symbol866:
->  0x100014328 <+0>:  stp    d9, d8, [sp, #-0x40]!
    0x10001432c <+4>:  stp    x22, x21, [sp, #0x10]
    0x100014330 <+8>:  stp    x20, x19, [sp, #0x20]
    0x100014334 <+12>: stp    x29, x30, [sp, #0x30]
Target 0: (H90 Control) stopped.
(lldb) continue
Process 7482 resuming
Process 7482 stopped
* thread #7, stop reason = breakpoint 2.1
    frame #0: 0x0000000100014328 H90 Control`___lldb_unnamed_symbol866
H90 Control`___lldb_unnamed_symbol866:
->  0x100014328 <+0>:  stp    d9, d8, [sp, #-0x40]!
    0x10001432c <+4>:  stp    x22, x21, [sp, #0x10]
    0x100014330 <+8>:  stp    x20, x19, [sp, #0x20]
    0x100014334 <+12>: stp    x29, x30, [sp, #0x30]
Target 0: (H90 Control) stopped.
(lldb) continue
Process 7482 resuming
Process 7482 stopped
* thread #7, stop reason = breakpoint 2.1
    frame #0: 0x0000000100014328 H90 Control`___lldb_unnamed_symbol866
H90 Control`___lldb_unnamed_symbol866:
->  0x100014328 <+0>:  stp    d9, d8, [sp, #-0x40]!
    0x10001432c <+4>:  stp    x22, x21, [sp, #0x10]
    0x100014330 <+8>:  stp    x20, x19, [sp, #0x20]
    0x100014334 <+12>: stp    x29, x30, [sp, #0x30]
Target 0: (H90 Control) stopped.
(lldb) continue
Process 7482 resuming
Process 7482 stopped
* thread #7, stop reason = breakpoint 2.1
    frame #0: 0x0000000100014328 H90 Control`___lldb_unnamed_symbol866
H90 Control`___lldb_unnamed_symbol866:
->  0x100014328 <+0>:  stp    d9, d8, [sp, #-0x40]!
    0x10001432c <+4>:  stp    x22, x21, [sp, #0x10]
    0x100014330 <+8>:  stp    x20, x19, [sp, #0x20]
    0x100014334 <+12>: stp    x29, x30, [sp, #0x30]
Target 0: (H90 Control) stopped.
(lldb) continue
Process 7482 resuming
Process 7482 stopped
* thread #18, name = 'ThreadWithProgressView', stop reason = breakpoint 1.1
    frame #0: 0x000000010001336c H90 Control`___lldb_unnamed_symbol857 + 704
H90 Control`___lldb_unnamed_symbol857:
->  0x10001336c <+704>: bl     0x100477330               ; symbol stub for: MIDISendEventList
    0x100013370 <+708>: b      0x100013380               ; <+724>
    0x100013374 <+712>: mov    x0, x1
    0x100013378 <+716>: mov    x1, x2
Target 0: (H90 Control) stopped.
(lldb) script print("==BP=1 n=10==")
script print("SEND")
expr -- (*(unsigned int*)($x2 + 16)) & 0xffff
==BP=1 n=10==
(lldb) continue
SEND
(lldb) (unsigned int) $9 = 16
(lldb) Process 7482 resuming
Process 7482 stopped
* thread #7, stop reason = breakpoint 2.1
    frame #0: 0x0000000100014328 H90 Control`___lldb_unnamed_symbol866
H90 Control`___lldb_unnamed_symbol866:
->  0x100014328 <+0>:  stp    d9, d8, [sp, #-0x40]!
    0x10001432c <+4>:  stp    x22, x21, [sp, #0x10]
    0x100014330 <+8>:  stp    x20, x19, [sp, #0x20]
    0x100014334 <+12>: stp    x29, x30, [sp, #0x30]
Target 0: (H90 Control) stopped.
(lldb) continue
Process 7482 resuming
Process 7482 stopped
* thread #7, stop reason = breakpoint 2.1
    frame #0: 0x0000000100014328 H90 Control`___lldb_unnamed_symbol866
H90 Control`___lldb_unnamed_symbol866:
->  0x100014328 <+0>:  stp    d9, d8, [sp, #-0x40]!
    0x10001432c <+4>:  stp    x22, x21, [sp, #0x10]
    0x100014330 <+8>:  stp    x20, x19, [sp, #0x20]
    0x100014334 <+12>: stp    x29, x30, [sp, #0x30]
Target 0: (H90 Control) stopped.
(lldb) continue
Process 7482 resuming
Process 7482 stopped
* thread #7, stop reason = breakpoint 2.1
    frame #0: 0x0000000100014328 H90 Control`___lldb_unnamed_symbol866
H90 Control`___lldb_unnamed_symbol866:
->  0x100014328 <+0>:  stp    d9, d8, [sp, #-0x40]!
    0x10001432c <+4>:  stp    x22, x21, [sp, #0x10]
    0x100014330 <+8>:  stp    x20, x19, [sp, #0x20]
    0x100014334 <+12>: stp    x29, x30, [sp, #0x30]
Target 0: (H90 Control) stopped.
(lldb) continue
Process 7482 resuming
Process 7482 stopped
* thread #7, stop reason = breakpoint 2.1
    frame #0: 0x0000000100014328 H90 Control`___lldb_unnamed_symbol866
H90 Control`___lldb_unnamed_symbol866:
->  0x100014328 <+0>:  stp    d9, d8, [sp, #-0x40]!
    0x10001432c <+4>:  stp    x22, x21, [sp, #0x10]
    0x100014330 <+8>:  stp    x20, x19, [sp, #0x20]
    0x100014334 <+12>: stp    x29, x30, [sp, #0x30]
Target 0: (H90 Control) stopped.
(lldb) continue
Process 7482 resuming
Process 7482 stopped
* thread #7, stop reason = breakpoint 2.1
    frame #0: 0x0000000100014328 H90 Control`___lldb_unnamed_symbol866
H90 Control`___lldb_unnamed_symbol866:
->  0x100014328 <+0>:  stp    d9, d8, [sp, #-0x40]!
    0x10001432c <+4>:  stp    x22, x21, [sp, #0x10]
    0x100014330 <+8>:  stp    x20, x19, [sp, #0x20]
    0x100014334 <+12>: stp    x29, x30, [sp, #0x30]
Target 0: (H90 Control) stopped.
(lldb) continue
Process 7482 resuming
Process 7482 stopped
* thread #7, stop reason = breakpoint 2.1
    frame #0: 0x0000000100014328 H90 Control`___lldb_unnamed_symbol866
H90 Control`___lldb_unnamed_symbol866:
->  0x100014328 <+0>:  stp    d9, d8, [sp, #-0x40]!
    0x10001432c <+4>:  stp    x22, x21, [sp, #0x10]
    0x100014330 <+8>:  stp    x20, x19, [sp, #0x20]
    0x100014334 <+12>: stp    x29, x30, [sp, #0x30]
Target 0: (H90 Control) stopped.
(lldb) continue
Process 7482 resuming
Process 7482 stopped
* thread #7, stop reason = breakpoint 2.1
    frame #0: 0x0000000100014328 H90 Control`___lldb_unnamed_symbol866
H90 Control`___lldb_unnamed_symbol866:
->  0x100014328 <+0>:  stp    d9, d8, [sp, #-0x40]!
    0x10001432c <+4>:  stp    x22, x21, [sp, #0x10]
    0x100014330 <+8>:  stp    x20, x19, [sp, #0x20]
    0x100014334 <+12>: stp    x29, x30, [sp, #0x30]
Target 0: (H90 Control) stopped.
(lldb) continue
Process 7482 resuming
Process 7482 stopped
* thread #7, stop reason = breakpoint 2.1
    frame #0: 0x0000000100014328 H90 Control`___lldb_unnamed_symbol866
H90 Control`___lldb_unnamed_symbol866:
->  0x100014328 <+0>:  stp    d9, d8, [sp, #-0x40]!
    0x10001432c <+4>:  stp    x22, x21, [sp, #0x10]
    0x100014330 <+8>:  stp    x20, x19, [sp, #0x20]
    0x100014334 <+12>: stp    x29, x30, [sp, #0x30]
Target 0: (H90 Control) stopped.
(lldb) continue
Process 7482 resuming
Process 7482 stopped
* thread #7, stop reason = breakpoint 2.1
    frame #0: 0x0000000100014328 H90 Control`___lldb_unnamed_symbol866
H90 Control`___lldb_unnamed_symbol866:
->  0x100014328 <+0>:  stp    d9, d8, [sp, #-0x40]!
    0x10001432c <+4>:  stp    x22, x21, [sp, #0x10]
    0x100014330 <+8>:  stp    x20, x19, [sp, #0x20]
    0x100014334 <+12>: stp    x29, x30, [sp, #0x30]
Target 0: (H90 Control) stopped.
(lldb) continue
Process 7482 resuming
Process 7482 stopped
* thread #7, stop reason = breakpoint 2.1
    frame #0: 0x0000000100014328 H90 Control`___lldb_unnamed_symbol866
H90 Control`___lldb_unnamed_symbol866:
->  0x100014328 <+0>:  stp    d9, d8, [sp, #-0x40]!
    0x10001432c <+4>:  stp    x22, x21, [sp, #0x10]
    0x100014330 <+8>:  stp    x20, x19, [sp, #0x20]
    0x100014334 <+12>: stp    x29, x30, [sp, #0x30]
Target 0: (H90 Control) stopped.
(lldb) continue
Process 7482 resuming
Process 7482 stopped
* thread #7, stop reason = breakpoint 2.1
    frame #0: 0x0000000100014328 H90 Control`___lldb_unnamed_symbol866
H90 Control`___lldb_unnamed_symbol866:
->  0x100014328 <+0>:  stp    d9, d8, [sp, #-0x40]!
    0x10001432c <+4>:  stp    x22, x21, [sp, #0x10]
    0x100014330 <+8>:  stp    x20, x19, [sp, #0x20]
    0x100014334 <+12>: stp    x29, x30, [sp, #0x30]
Target 0: (H90 Control) stopped.
(lldb) continue
Process 7482 resuming
Process 7482 stopped
* thread #7, stop reason = breakpoint 2.1
    frame #0: 0x0000000100014328 H90 Control`___lldb_unnamed_symbol866
H90 Control`___lldb_unnamed_symbol866:
->  0x100014328 <+0>:  stp    d9, d8, [sp, #-0x40]!
    0x10001432c <+4>:  stp    x22, x21, [sp, #0x10]
    0x100014330 <+8>:  stp    x20, x19, [sp, #0x20]
    0x100014334 <+12>: stp    x29, x30, [sp, #0x30]
Target 0: (H90 Control) stopped.
(lldb) continue
Process 7482 resuming
Process 7482 stopped
* thread #7, stop reason = breakpoint 2.1
    frame #0: 0x0000000100014328 H90 Control`___lldb_unnamed_symbol866
H90 Control`___lldb_unnamed_symbol866:
->  0x100014328 <+0>:  stp    d9, d8, [sp, #-0x40]!
    0x10001432c <+4>:  stp    x22, x21, [sp, #0x10]
    0x100014330 <+8>:  stp    x20, x19, [sp, #0x20]
    0x100014334 <+12>: stp    x29, x30, [sp, #0x30]
Target 0: (H90 Control) stopped.
(lldb) continue
Process 7482 resuming
Process 7482 stopped
* thread #7, stop reason = breakpoint 2.1
    frame #0: 0x0000000100014328 H90 Control`___lldb_unnamed_symbol866
H90 Control`___lldb_unnamed_symbol866:
->  0x100014328 <+0>:  stp    d9, d8, [sp, #-0x40]!
    0x10001432c <+4>:  stp    x22, x21, [sp, #0x10]
    0x100014330 <+8>:  stp    x20, x19, [sp, #0x20]
    0x100014334 <+12>: stp    x29, x30, [sp, #0x30]
Target 0: (H90 Control) stopped.
(lldb) continue
Process 7482 resuming
Process 7482 stopped
* thread #18, name = 'ThreadWithProgressView', stop reason = breakpoint 1.1
    frame #0: 0x000000010001336c H90 Control`___lldb_unnamed_symbol857 + 704
H90 Control`___lldb_unnamed_symbol857:
->  0x10001336c <+704>: bl     0x100477330               ; symbol stub for: MIDISendEventList
    0x100013370 <+708>: b      0x100013380               ; <+724>
    0x100013374 <+712>: mov    x0, x1
    0x100013378 <+716>: mov    x1, x2
Target 0: (H90 Control) stopped.
(lldb) script print("==BP=1 n=11==")
script print("SEND")
expr -- (*(unsigned int*)($x2 + 16)) & 0xffff
==BP=1 n=11==
(lldb) continue
SEND
(lldb) (unsigned int) $10 = 16
(lldb) Process 7482 resuming
Process 7482 stopped
* thread #7, stop reason = breakpoint 2.1
    frame #0: 0x0000000100014328 H90 Control`___lldb_unnamed_symbol866
H90 Control`___lldb_unnamed_symbol866:
->  0x100014328 <+0>:  stp    d9, d8, [sp, #-0x40]!
    0x10001432c <+4>:  stp    x22, x21, [sp, #0x10]
    0x100014330 <+8>:  stp    x20, x19, [sp, #0x20]
    0x100014334 <+12>: stp    x29, x30, [sp, #0x30]
Target 0: (H90 Control) stopped.
(lldb) continue
Process 7482 resuming
Process 7482 stopped
* thread #18, name = 'ThreadWithProgressView', stop reason = breakpoint 1.1
    frame #0: 0x000000010001336c H90 Control`___lldb_unnamed_symbol857 + 704
H90 Control`___lldb_unnamed_symbol857:
->  0x10001336c <+704>: bl     0x100477330               ; symbol stub for: MIDISendEventList
    0x100013370 <+708>: b      0x100013380               ; <+724>
    0x100013374 <+712>: mov    x0, x1
    0x100013378 <+716>: mov    x1, x2
Target 0: (H90 Control) stopped.
(lldb) script print("==BP=1 n=12==")
script print("SEND")
expr -- (*(unsigned int*)($x2 + 16)) & 0xffff
==BP=1 n=12==
(lldb) continue
SEND
(lldb) (unsigned int) $11 = 18
(lldb) Process 7482 resuming
Process 7482 stopped
* thread #7, stop reason = breakpoint 2.1
    frame #0: 0x0000000100014328 H90 Control`___lldb_unnamed_symbol866
H90 Control`___lldb_unnamed_symbol866:
->  0x100014328 <+0>:  stp    d9, d8, [sp, #-0x40]!
    0x10001432c <+4>:  stp    x22, x21, [sp, #0x10]
    0x100014330 <+8>:  stp    x20, x19, [sp, #0x20]
    0x100014334 <+12>: stp    x29, x30, [sp, #0x30]
Target 0: (H90 Control) stopped.
(lldb) continue
Process 7482 resuming
Process 7482 stopped
* thread #7, stop reason = breakpoint 2.1
    frame #0: 0x0000000100014328 H90 Control`___lldb_unnamed_symbol866
H90 Control`___lldb_unnamed_symbol866:
->  0x100014328 <+0>:  stp    d9, d8, [sp, #-0x40]!
    0x10001432c <+4>:  stp    x22, x21, [sp, #0x10]
    0x100014330 <+8>:  stp    x20, x19, [sp, #0x20]
    0x100014334 <+12>: stp    x29, x30, [sp, #0x30]
Target 0: (H90 Control) stopped.
(lldb) continue
Process 7482 resuming
Process 7482 stopped
* thread #7, stop reason = breakpoint 2.1
    frame #0: 0x0000000100014328 H90 Control`___lldb_unnamed_symbol866
H90 Control`___lldb_unnamed_symbol866:
->  0x100014328 <+0>:  stp    d9, d8, [sp, #-0x40]!
    0x10001432c <+4>:  stp    x22, x21, [sp, #0x10]
    0x100014330 <+8>:  stp    x20, x19, [sp, #0x20]
    0x100014334 <+12>: stp    x29, x30, [sp, #0x30]
Target 0: (H90 Control) stopped.
(lldb) continue
Process 7482 resuming
Process 7482 stopped
* thread #7, stop reason = breakpoint 2.1
    frame #0: 0x0000000100014328 H90 Control`___lldb_unnamed_symbol866
H90 Control`___lldb_unnamed_symbol866:
->  0x100014328 <+0>:  stp    d9, d8, [sp, #-0x40]!
    0x10001432c <+4>:  stp    x22, x21, [sp, #0x10]
    0x100014330 <+8>:  stp    x20, x19, [sp, #0x20]
    0x100014334 <+12>: stp    x29, x30, [sp, #0x30]
Target 0: (H90 Control) stopped.
(lldb) continue
Process 7482 resuming
Process 7482 stopped
* thread #7, stop reason = breakpoint 2.1
    frame #0: 0x0000000100014328 H90 Control`___lldb_unnamed_symbol866
H90 Control`___lldb_unnamed_symbol866:
->  0x100014328 <+0>:  stp    d9, d8, [sp, #-0x40]!
    0x10001432c <+4>:  stp    x22, x21, [sp, #0x10]
    0x100014330 <+8>:  stp    x20, x19, [sp, #0x20]
    0x100014334 <+12>: stp    x29, x30, [sp, #0x30]
Target 0: (H90 Control) stopped.
(lldb) continue
Process 7482 resuming
Process 7482 stopped
* thread #7, stop reason = breakpoint 2.1
    frame #0: 0x0000000100014328 H90 Control`___lldb_unnamed_symbol866
H90 Control`___lldb_unnamed_symbol866:
->  0x100014328 <+0>:  stp    d9, d8, [sp, #-0x40]!
    0x10001432c <+4>:  stp    x22, x21, [sp, #0x10]
    0x100014330 <+8>:  stp    x20, x19, [sp, #0x20]
    0x100014334 <+12>: stp    x29, x30, [sp, #0x30]
Target 0: (H90 Control) stopped.
(lldb) continue
Process 7482 resuming
Process 7482 stopped
* thread #7, stop reason = breakpoint 2.1
    frame #0: 0x0000000100014328 H90 Control`___lldb_unnamed_symbol866
H90 Control`___lldb_unnamed_symbol866:
->  0x100014328 <+0>:  stp    d9, d8, [sp, #-0x40]!
    0x10001432c <+4>:  stp    x22, x21, [sp, #0x10]
    0x100014330 <+8>:  stp    x20, x19, [sp, #0x20]
    0x100014334 <+12>: stp    x29, x30, [sp, #0x30]
Target 0: (H90 Control) stopped.
(lldb) continue
Process 7482 resuming
Process 7482 stopped
* thread #7, stop reason = breakpoint 2.1
    frame #0: 0x0000000100014328 H90 Control`___lldb_unnamed_symbol866
H90 Control`___lldb_unnamed_symbol866:
->  0x100014328 <+0>:  stp    d9, d8, [sp, #-0x40]!
    0x10001432c <+4>:  stp    x22, x21, [sp, #0x10]
    0x100014330 <+8>:  stp    x20, x19, [sp, #0x20]
    0x100014334 <+12>: stp    x29, x30, [sp, #0x30]
Target 0: (H90 Control) stopped.
(lldb) continue
Process 7482 resuming
Process 7482 stopped
* thread #7, stop reason = breakpoint 2.1
    frame #0: 0x0000000100014328 H90 Control`___lldb_unnamed_symbol866
H90 Control`___lldb_unnamed_symbol866:
->  0x100014328 <+0>:  stp    d9, d8, [sp, #-0x40]!
    0x10001432c <+4>:  stp    x22, x21, [sp, #0x10]
    0x100014330 <+8>:  stp    x20, x19, [sp, #0x20]
    0x100014334 <+12>: stp    x29, x30, [sp, #0x30]
Target 0: (H90 Control) stopped.
(lldb) continue
Process 7482 resuming
Process 7482 stopped
* thread #7, stop reason = breakpoint 2.1
    frame #0: 0x0000000100014328 H90 Control`___lldb_unnamed_symbol866
H90 Control`___lldb_unnamed_symbol866:
->  0x100014328 <+0>:  stp    d9, d8, [sp, #-0x40]!
    0x10001432c <+4>:  stp    x22, x21, [sp, #0x10]
    0x100014330 <+8>:  stp    x20, x19, [sp, #0x20]
    0x100014334 <+12>: stp    x29, x30, [sp, #0x30]
Target 0: (H90 Control) stopped.
(lldb) continue
Process 7482 resuming
Process 7482 stopped
* thread #7, stop reason = breakpoint 2.1
    frame #0: 0x0000000100014328 H90 Control`___lldb_unnamed_symbol866
H90 Control`___lldb_unnamed_symbol866:
->  0x100014328 <+0>:  stp    d9, d8, [sp, #-0x40]!
    0x10001432c <+4>:  stp    x22, x21, [sp, #0x10]
    0x100014330 <+8>:  stp    x20, x19, [sp, #0x20]
    0x100014334 <+12>: stp    x29, x30, [sp, #0x30]
Target 0: (H90 Control) stopped.
(lldb) continue
Process 7482 resuming
Process 7482 stopped
* thread #7, stop reason = breakpoint 2.1
    frame #0: 0x0000000100014328 H90 Control`___lldb_unnamed_symbol866
H90 Control`___lldb_unnamed_symbol866:
->  0x100014328 <+0>:  stp    d9, d8, [sp, #-0x40]!
    0x10001432c <+4>:  stp    x22, x21, [sp, #0x10]
    0x100014330 <+8>:  stp    x20, x19, [sp, #0x20]
    0x100014334 <+12>: stp    x29, x30, [sp, #0x30]
Target 0: (H90 Control) stopped.
(lldb) continue
Process 7482 resuming
Process 7482 stopped
* thread #7, stop reason = breakpoint 2.1
    frame #0: 0x0000000100014328 H90 Control`___lldb_unnamed_symbol866
H90 Control`___lldb_unnamed_symbol866:
->  0x100014328 <+0>:  stp    d9, d8, [sp, #-0x40]!
    0x10001432c <+4>:  stp    x22, x21, [sp, #0x10]
    0x100014330 <+8>:  stp    x20, x19, [sp, #0x20]
    0x100014334 <+12>: stp    x29, x30, [sp, #0x30]
Target 0: (H90 Control) stopped.
(lldb) continue
Process 7482 resuming
Process 7482 stopped
* thread #7, stop reason = breakpoint 2.1
    frame #0: 0x0000000100014328 H90 Control`___lldb_unnamed_symbol866
H90 Control`___lldb_unnamed_symbol866:
->  0x100014328 <+0>:  stp    d9, d8, [sp, #-0x40]!
    0x10001432c <+4>:  stp    x22, x21, [sp, #0x10]
    0x100014330 <+8>:  stp    x20, x19, [sp, #0x20]
    0x100014334 <+12>: stp    x29, x30, [sp, #0x30]
Target 0: (H90 Control) stopped.
(lldb) continue
Process 7482 resuming
Process 7482 stopped
* thread #7, stop reason = breakpoint 2.1
    frame #0: 0x0000000100014328 H90 Control`___lldb_unnamed_symbol866
H90 Control`___lldb_unnamed_symbol866:
->  0x100014328 <+0>:  stp    d9, d8, [sp, #-0x40]!
    0x10001432c <+4>:  stp    x22, x21, [sp, #0x10]
    0x100014330 <+8>:  stp    x20, x19, [sp, #0x20]
    0x100014334 <+12>: stp    x29, x30, [sp, #0x30]
Target 0: (H90 Control) stopped.
(lldb) continue
Process 7482 resuming
Process 7482 stopped
* thread #7, stop reason = breakpoint 2.1
    frame #0: 0x0000000100014328 H90 Control`___lldb_unnamed_symbol866
H90 Control`___lldb_unnamed_symbol866:
->  0x100014328 <+0>:  stp    d9, d8, [sp, #-0x40]!
    0x10001432c <+4>:  stp    x22, x21, [sp, #0x10]
    0x100014330 <+8>:  stp    x20, x19, [sp, #0x20]
    0x100014334 <+12>: stp    x29, x30, [sp, #0x30]
Target 0: (H90 Control) stopped.
(lldb) continue
Process 7482 resuming
Process 7482 stopped
* thread #7, stop reason = breakpoint 2.1
    frame #0: 0x0000000100014328 H90 Control`___lldb_unnamed_symbol866
H90 Control`___lldb_unnamed_symbol866:
->  0x100014328 <+0>:  stp    d9, d8, [sp, #-0x40]!
    0x10001432c <+4>:  stp    x22, x21, [sp, #0x10]
    0x100014330 <+8>:  stp    x20, x19, [sp, #0x20]
    0x100014334 <+12>: stp    x29, x30, [sp, #0x30]
Target 0: (H90 Control) stopped.
(lldb) continue
Process 7482 resuming
Process 7482 stopped
* thread #7, stop reason = breakpoint 2.1
    frame #0: 0x0000000100014328 H90 Control`___lldb_unnamed_symbol866
H90 Control`___lldb_unnamed_symbol866:
->  0x100014328 <+0>:  stp    d9, d8, [sp, #-0x40]!
    0x10001432c <+4>:  stp    x22, x21, [sp, #0x10]
    0x100014330 <+8>:  stp    x20, x19, [sp, #0x20]
    0x100014334 <+12>: stp    x29, x30, [sp, #0x30]
Target 0: (H90 Control) stopped.
(lldb) continue
Process 7482 resuming
Process 7482 stopped
* thread #7, stop reason = breakpoint 2.1
    frame #0: 0x0000000100014328 H90 Control`___lldb_unnamed_symbol866
H90 Control`___lldb_unnamed_symbol866:
->  0x100014328 <+0>:  stp    d9, d8, [sp, #-0x40]!
    0x10001432c <+4>:  stp    x22, x21, [sp, #0x10]
    0x100014330 <+8>:  stp    x20, x19, [sp, #0x20]
    0x100014334 <+12>: stp    x29, x30, [sp, #0x30]
Target 0: (H90 Control) stopped.
(lldb) continue
Process 7482 resuming
Process 7482 stopped
* thread #7, stop reason = breakpoint 2.1
    frame #0: 0x0000000100014328 H90 Control`___lldb_unnamed_symbol866
H90 Control`___lldb_unnamed_symbol866:
->  0x100014328 <+0>:  stp    d9, d8, [sp, #-0x40]!
    0x10001432c <+4>:  stp    x22, x21, [sp, #0x10]
    0x100014330 <+8>:  stp    x20, x19, [sp, #0x20]
    0x100014334 <+12>: stp    x29, x30, [sp, #0x30]
Target 0: (H90 Control) stopped.
(lldb) continue
Process 7482 resuming
Process 7482 stopped
* thread #7, stop reason = breakpoint 2.1
    frame #0: 0x0000000100014328 H90 Control`___lldb_unnamed_symbol866
H90 Control`___lldb_unnamed_symbol866:
->  0x100014328 <+0>:  stp    d9, d8, [sp, #-0x40]!
    0x10001432c <+4>:  stp    x22, x21, [sp, #0x10]
    0x100014330 <+8>:  stp    x20, x19, [sp, #0x20]
    0x100014334 <+12>: stp    x29, x30, [sp, #0x30]
Target 0: (H90 Control) stopped.
(lldb) continue
Process 7482 resuming
Process 7482 stopped
* thread #7, stop reason = breakpoint 2.1
    frame #0: 0x0000000100014328 H90 Control`___lldb_unnamed_symbol866
H90 Control`___lldb_unnamed_symbol866:
->  0x100014328 <+0>:  stp    d9, d8, [sp, #-0x40]!
    0x10001432c <+4>:  stp    x22, x21, [sp, #0x10]
    0x100014330 <+8>:  stp    x20, x19, [sp, #0x20]
    0x100014334 <+12>: stp    x29, x30, [sp, #0x30]
Target 0: (H90 Control) stopped.
(lldb) continue
Process 7482 resuming
Process 7482 stopped
* thread #7, stop reason = breakpoint 2.1
    frame #0: 0x0000000100014328 H90 Control`___lldb_unnamed_symbol866
H90 Control`___lldb_unnamed_symbol866:
->  0x100014328 <+0>:  stp    d9, d8, [sp, #-0x40]!
    0x10001432c <+4>:  stp    x22, x21, [sp, #0x10]
    0x100014330 <+8>:  stp    x20, x19, [sp, #0x20]
    0x100014334 <+12>: stp    x29, x30, [sp, #0x30]
Target 0: (H90 Control) stopped.
(lldb) continue
Process 7482 resuming
Process 7482 stopped
* thread #7, stop reason = breakpoint 2.1
    frame #0: 0x0000000100014328 H90 Control`___lldb_unnamed_symbol866
H90 Control`___lldb_unnamed_symbol866:
->  0x100014328 <+0>:  stp    d9, d8, [sp, #-0x40]!
    0x10001432c <+4>:  stp    x22, x21, [sp, #0x10]
    0x100014330 <+8>:  stp    x20, x19, [sp, #0x20]
    0x100014334 <+12>: stp    x29, x30, [sp, #0x30]
Target 0: (H90 Control) stopped.
(lldb) continue
Process 7482 resuming
Process 7482 stopped
* thread #7, stop reason = breakpoint 2.1
    frame #0: 0x0000000100014328 H90 Control`___lldb_unnamed_symbol866
H90 Control`___lldb_unnamed_symbol866:
->  0x100014328 <+0>:  stp    d9, d8, [sp, #-0x40]!
    0x10001432c <+4>:  stp    x22, x21, [sp, #0x10]
    0x100014330 <+8>:  stp    x20, x19, [sp, #0x20]
    0x100014334 <+12>: stp    x29, x30, [sp, #0x30]
Target 0: (H90 Control) stopped.
(lldb) continue
Process 7482 resuming
Process 7482 stopped
* thread #7, stop reason = breakpoint 2.1
    frame #0: 0x0000000100014328 H90 Control`___lldb_unnamed_symbol866
H90 Control`___lldb_unnamed_symbol866:
->  0x100014328 <+0>:  stp    d9, d8, [sp, #-0x40]!
    0x10001432c <+4>:  stp    x22, x21, [sp, #0x10]
    0x100014330 <+8>:  stp    x20, x19, [sp, #0x20]
    0x100014334 <+12>: stp    x29, x30, [sp, #0x30]
Target 0: (H90 Control) stopped.
(lldb) continue
Process 7482 resuming
Process 7482 stopped
* thread #7, stop reason = breakpoint 2.1
    frame #0: 0x0000000100014328 H90 Control`___lldb_unnamed_symbol866
H90 Control`___lldb_unnamed_symbol866:
->  0x100014328 <+0>:  stp    d9, d8, [sp, #-0x40]!
    0x10001432c <+4>:  stp    x22, x21, [sp, #0x10]
    0x100014330 <+8>:  stp    x20, x19, [sp, #0x20]
    0x100014334 <+12>: stp    x29, x30, [sp, #0x30]
Target 0: (H90 Control) stopped.
(lldb) continue
Process 7482 resuming
Process 7482 stopped
* thread #7, stop reason = breakpoint 2.1
    frame #0: 0x0000000100014328 H90 Control`___lldb_unnamed_symbol866
H90 Control`___lldb_unnamed_symbol866:
->  0x100014328 <+0>:  stp    d9, d8, [sp, #-0x40]!
    0x10001432c <+4>:  stp    x22, x21, [sp, #0x10]
    0x100014330 <+8>:  stp    x20, x19, [sp, #0x20]
    0x100014334 <+12>: stp    x29, x30, [sp, #0x30]
Target 0: (H90 Control) stopped.
(lldb) continue
Process 7482 resuming
Process 7482 stopped
* thread #7, stop reason = breakpoint 2.1
    frame #0: 0x0000000100014328 H90 Control`___lldb_unnamed_symbol866
H90 Control`___lldb_unnamed_symbol866:
->  0x100014328 <+0>:  stp    d9, d8, [sp, #-0x40]!
    0x10001432c <+4>:  stp    x22, x21, [sp, #0x10]
    0x100014330 <+8>:  stp    x20, x19, [sp, #0x20]
    0x100014334 <+12>: stp    x29, x30, [sp, #0x30]
Target 0: (H90 Control) stopped.
(lldb) continue
Process 7482 resuming
Process 7482 stopped
* thread #7, stop reason = breakpoint 2.1
    frame #0: 0x0000000100014328 H90 Control`___lldb_unnamed_symbol866
H90 Control`___lldb_unnamed_symbol866:
->  0x100014328 <+0>:  stp    d9, d8, [sp, #-0x40]!
    0x10001432c <+4>:  stp    x22, x21, [sp, #0x10]
    0x100014330 <+8>:  stp    x20, x19, [sp, #0x20]
    0x100014334 <+12>: stp    x29, x30, [sp, #0x30]
Target 0: (H90 Control) stopped.
(lldb) continue
Process 7482 resuming
Process 7482 stopped
* thread #7, stop reason = breakpoint 2.1
    frame #0: 0x0000000100014328 H90 Control`___lldb_unnamed_symbol866
H90 Control`___lldb_unnamed_symbol866:
->  0x100014328 <+0>:  stp    d9, d8, [sp, #-0x40]!
    0x10001432c <+4>:  stp    x22, x21, [sp, #0x10]
    0x100014330 <+8>:  stp    x20, x19, [sp, #0x20]
    0x100014334 <+12>: stp    x29, x30, [sp, #0x30]
Target 0: (H90 Control) stopped.
(lldb) continue
Process 7482 resuming
Process 7482 stopped
* thread #7, stop reason = breakpoint 2.1
    frame #0: 0x0000000100014328 H90 Control`___lldb_unnamed_symbol866
H90 Control`___lldb_unnamed_symbol866:
->  0x100014328 <+0>:  stp    d9, d8, [sp, #-0x40]!
    0x10001432c <+4>:  stp    x22, x21, [sp, #0x10]
    0x100014330 <+8>:  stp    x20, x19, [sp, #0x20]
    0x100014334 <+12>: stp    x29, x30, [sp, #0x30]
Target 0: (H90 Control) stopped.
(lldb) continue
Process 7482 resuming
Process 7482 stopped
* thread #7, stop reason = breakpoint 2.1
    frame #0: 0x0000000100014328 H90 Control`___lldb_unnamed_symbol866
H90 Control`___lldb_unnamed_symbol866:
->  0x100014328 <+0>:  stp    d9, d8, [sp, #-0x40]!
    0x10001432c <+4>:  stp    x22, x21, [sp, #0x10]
    0x100014330 <+8>:  stp    x20, x19, [sp, #0x20]
    0x100014334 <+12>: stp    x29, x30, [sp, #0x30]
Target 0: (H90 Control) stopped.
(lldb) continue
Process 7482 resuming
Process 7482 stopped
* thread #7, stop reason = breakpoint 2.1
    frame #0: 0x0000000100014328 H90 Control`___lldb_unnamed_symbol866
H90 Control`___lldb_unnamed_symbol866:
->  0x100014328 <+0>:  stp    d9, d8, [sp, #-0x40]!
    0x10001432c <+4>:  stp    x22, x21, [sp, #0x10]
    0x100014330 <+8>:  stp    x20, x19, [sp, #0x20]
    0x100014334 <+12>: stp    x29, x30, [sp, #0x30]
Target 0: (H90 Control) stopped.
(lldb) continue
Process 7482 resuming
Process 7482 stopped
* thread #7, stop reason = breakpoint 2.1
    frame #0: 0x0000000100014328 H90 Control`___lldb_unnamed_symbol866
H90 Control`___lldb_unnamed_symbol866:
->  0x100014328 <+0>:  stp    d9, d8, [sp, #-0x40]!
    0x10001432c <+4>:  stp    x22, x21, [sp, #0x10]
    0x100014330 <+8>:  stp    x20, x19, [sp, #0x20]
    0x100014334 <+12>: stp    x29, x30, [sp, #0x30]
Target 0: (H90 Control) stopped.
(lldb) continue
Process 7482 resuming
Process 7482 stopped
* thread #7, stop reason = breakpoint 2.1
    frame #0: 0x0000000100014328 H90 Control`___lldb_unnamed_symbol866
H90 Control`___lldb_unnamed_symbol866:
->  0x100014328 <+0>:  stp    d9, d8, [sp, #-0x40]!
    0x10001432c <+4>:  stp    x22, x21, [sp, #0x10]
    0x100014330 <+8>:  stp    x20, x19, [sp, #0x20]
    0x100014334 <+12>: stp    x29, x30, [sp, #0x30]
Target 0: (H90 Control) stopped.
(lldb) continue
Process 7482 resuming
Process 7482 stopped
* thread #7, stop reason = breakpoint 2.1
    frame #0: 0x0000000100014328 H90 Control`___lldb_unnamed_symbol866
H90 Control`___lldb_unnamed_symbol866:
->  0x100014328 <+0>:  stp    d9, d8, [sp, #-0x40]!
    0x10001432c <+4>:  stp    x22, x21, [sp, #0x10]
    0x100014330 <+8>:  stp    x20, x19, [sp, #0x20]
    0x100014334 <+12>: stp    x29, x30, [sp, #0x30]
Target 0: (H90 Control) stopped.
(lldb) continue
Process 7482 resuming
Process 7482 stopped
* thread #7, stop reason = breakpoint 2.1
    frame #0: 0x0000000100014328 H90 Control`___lldb_unnamed_symbol866
H90 Control`___lldb_unnamed_symbol866:
->  0x100014328 <+0>:  stp    d9, d8, [sp, #-0x40]!
    0x10001432c <+4>:  stp    x22, x21, [sp, #0x10]
    0x100014330 <+8>:  stp    x20, x19, [sp, #0x20]
    0x100014334 <+12>: stp    x29, x30, [sp, #0x30]
Target 0: (H90 Control) stopped.
(lldb) continue
Process 7482 resuming
Process 7482 stopped
* thread #7, stop reason = breakpoint 2.1
    frame #0: 0x0000000100014328 H90 Control`___lldb_unnamed_symbol866
H90 Control`___lldb_unnamed_symbol866:
->  0x100014328 <+0>:  stp    d9, d8, [sp, #-0x40]!
    0x10001432c <+4>:  stp    x22, x21, [sp, #0x10]
    0x100014330 <+8>:  stp    x20, x19, [sp, #0x20]
    0x100014334 <+12>: stp    x29, x30, [sp, #0x30]
Target 0: (H90 Control) stopped.
(lldb) continue
Process 7482 resuming
Process 7482 stopped
* thread #7, stop reason = breakpoint 2.1
    frame #0: 0x0000000100014328 H90 Control`___lldb_unnamed_symbol866
H90 Control`___lldb_unnamed_symbol866:
->  0x100014328 <+0>:  stp    d9, d8, [sp, #-0x40]!
    0x10001432c <+4>:  stp    x22, x21, [sp, #0x10]
    0x100014330 <+8>:  stp    x20, x19, [sp, #0x20]
    0x100014334 <+12>: stp    x29, x30, [sp, #0x30]
Target 0: (H90 Control) stopped.
(lldb) continue
Process 7482 resuming
Process 7482 stopped
* thread #7, stop reason = breakpoint 2.1
    frame #0: 0x0000000100014328 H90 Control`___lldb_unnamed_symbol866
H90 Control`___lldb_unnamed_symbol866:
->  0x100014328 <+0>:  stp    d9, d8, [sp, #-0x40]!
    0x10001432c <+4>:  stp    x22, x21, [sp, #0x10]
    0x100014330 <+8>:  stp    x20, x19, [sp, #0x20]
    0x100014334 <+12>: stp    x29, x30, [sp, #0x30]
Target 0: (H90 Control) stopped.
(lldb) continue
Process 7482 resuming
Process 7482 stopped
* thread #7, stop reason = breakpoint 2.1
    frame #0: 0x0000000100014328 H90 Control`___lldb_unnamed_symbol866
H90 Control`___lldb_unnamed_symbol866:
->  0x100014328 <+0>:  stp    d9, d8, [sp, #-0x40]!
    0x10001432c <+4>:  stp    x22, x21, [sp, #0x10]
    0x100014330 <+8>:  stp    x20, x19, [sp, #0x20]
    0x100014334 <+12>: stp    x29, x30, [sp, #0x30]
Target 0: (H90 Control) stopped.
(lldb) continue
Process 7482 resuming
Process 7482 stopped
* thread #7, stop reason = breakpoint 2.1
    frame #0: 0x0000000100014328 H90 Control`___lldb_unnamed_symbol866
H90 Control`___lldb_unnamed_symbol866:
->  0x100014328 <+0>:  stp    d9, d8, [sp, #-0x40]!
    0x10001432c <+4>:  stp    x22, x21, [sp, #0x10]
    0x100014330 <+8>:  stp    x20, x19, [sp, #0x20]
    0x100014334 <+12>: stp    x29, x30, [sp, #0x30]
Target 0: (H90 Control) stopped.
(lldb) continue
Process 7482 resuming
Process 7482 stopped
* thread #7, stop reason = breakpoint 2.1
    frame #0: 0x0000000100014328 H90 Control`___lldb_unnamed_symbol866
H90 Control`___lldb_unnamed_symbol866:
->  0x100014328 <+0>:  stp    d9, d8, [sp, #-0x40]!
    0x10001432c <+4>:  stp    x22, x21, [sp, #0x10]
    0x100014330 <+8>:  stp    x20, x19, [sp, #0x20]
    0x100014334 <+12>: stp    x29, x30, [sp, #0x30]
Target 0: (H90 Control) stopped.
(lldb) continue
Process 7482 resuming
Process 7482 stopped
* thread #7, stop reason = breakpoint 2.1
    frame #0: 0x0000000100014328 H90 Control`___lldb_unnamed_symbol866
H90 Control`___lldb_unnamed_symbol866:
->  0x100014328 <+0>:  stp    d9, d8, [sp, #-0x40]!
    0x10001432c <+4>:  stp    x22, x21, [sp, #0x10]
    0x100014330 <+8>:  stp    x20, x19, [sp, #0x20]
    0x100014334 <+12>: stp    x29, x30, [sp, #0x30]
Target 0: (H90 Control) stopped.
(lldb) continue
Process 7482 resuming
Process 7482 stopped
* thread #7, stop reason = breakpoint 2.1
    frame #0: 0x0000000100014328 H90 Control`___lldb_unnamed_symbol866
H90 Control`___lldb_unnamed_symbol866:
->  0x100014328 <+0>:  stp    d9, d8, [sp, #-0x40]!
    0x10001432c <+4>:  stp    x22, x21, [sp, #0x10]
    0x100014330 <+8>:  stp    x20, x19, [sp, #0x20]
    0x100014334 <+12>: stp    x29, x30, [sp, #0x30]
Target 0: (H90 Control) stopped.
(lldb) continue
Process 7482 resuming
Process 7482 stopped
* thread #7, stop reason = breakpoint 2.1
    frame #0: 0x0000000100014328 H90 Control`___lldb_unnamed_symbol866
H90 Control`___lldb_unnamed_symbol866:
->  0x100014328 <+0>:  stp    d9, d8, [sp, #-0x40]!
    0x10001432c <+4>:  stp    x22, x21, [sp, #0x10]
    0x100014330 <+8>:  stp    x20, x19, [sp, #0x20]
    0x100014334 <+12>: stp    x29, x30, [sp, #0x30]
Target 0: (H90 Control) stopped.
(lldb) continue
Process 7482 resuming
Process 7482 stopped
* thread #7, stop reason = breakpoint 2.1
    frame #0: 0x0000000100014328 H90 Control`___lldb_unnamed_symbol866
H90 Control`___lldb_unnamed_symbol866:
->  0x100014328 <+0>:  stp    d9, d8, [sp, #-0x40]!
    0x10001432c <+4>:  stp    x22, x21, [sp, #0x10]
    0x100014330 <+8>:  stp    x20, x19, [sp, #0x20]
    0x100014334 <+12>: stp    x29, x30, [sp, #0x30]
Target 0: (H90 Control) stopped.
(lldb) continue
Process 7482 resuming
Process 7482 stopped
* thread #7, stop reason = breakpoint 2.1
    frame #0: 0x0000000100014328 H90 Control`___lldb_unnamed_symbol866
H90 Control`___lldb_unnamed_symbol866:
->  0x100014328 <+0>:  stp    d9, d8, [sp, #-0x40]!
    0x10001432c <+4>:  stp    x22, x21, [sp, #0x10]
    0x100014330 <+8>:  stp    x20, x19, [sp, #0x20]
    0x100014334 <+12>: stp    x29, x30, [sp, #0x30]
Target 0: (H90 Control) stopped.
(lldb) continue
Process 7482 resuming
Process 7482 stopped
* thread #7, stop reason = breakpoint 2.1
    frame #0: 0x0000000100014328 H90 Control`___lldb_unnamed_symbol866
H90 Control`___lldb_unnamed_symbol866:
->  0x100014328 <+0>:  stp    d9, d8, [sp, #-0x40]!
    0x10001432c <+4>:  stp    x22, x21, [sp, #0x10]
    0x100014330 <+8>:  stp    x20, x19, [sp, #0x20]
    0x100014334 <+12>: stp    x29, x30, [sp, #0x30]
Target 0: (H90 Control) stopped.
(lldb) continue
Process 7482 resuming
Process 7482 stopped
* thread #7, stop reason = breakpoint 2.1
    frame #0: 0x0000000100014328 H90 Control`___lldb_unnamed_symbol866
H90 Control`___lldb_unnamed_symbol866:
->  0x100014328 <+0>:  stp    d9, d8, [sp, #-0x40]!
    0x10001432c <+4>:  stp    x22, x21, [sp, #0x10]
    0x100014330 <+8>:  stp    x20, x19, [sp, #0x20]
    0x100014334 <+12>: stp    x29, x30, [sp, #0x30]
Target 0: (H90 Control) stopped.
(lldb) continue
Process 7482 resuming
Process 7482 stopped
* thread #7, stop reason = breakpoint 2.1
    frame #0: 0x0000000100014328 H90 Control`___lldb_unnamed_symbol866
H90 Control`___lldb_unnamed_symbol866:
->  0x100014328 <+0>:  stp    d9, d8, [sp, #-0x40]!
    0x10001432c <+4>:  stp    x22, x21, [sp, #0x10]
    0x100014330 <+8>:  stp    x20, x19, [sp, #0x20]
    0x100014334 <+12>: stp    x29, x30, [sp, #0x30]
Target 0: (H90 Control) stopped.
(lldb) continue
Process 7482 resuming
Process 7482 stopped
* thread #7, stop reason = breakpoint 2.1
    frame #0: 0x0000000100014328 H90 Control`___lldb_unnamed_symbol866
H90 Control`___lldb_unnamed_symbol866:
->  0x100014328 <+0>:  stp    d9, d8, [sp, #-0x40]!
    0x10001432c <+4>:  stp    x22, x21, [sp, #0x10]
    0x100014330 <+8>:  stp    x20, x19, [sp, #0x20]
    0x100014334 <+12>: stp    x29, x30, [sp, #0x30]
Target 0: (H90 Control) stopped.
(lldb) continue
Process 7482 resuming
Process 7482 stopped
* thread #7, stop reason = breakpoint 2.1
    frame #0: 0x0000000100014328 H90 Control`___lldb_unnamed_symbol866
H90 Control`___lldb_unnamed_symbol866:
->  0x100014328 <+0>:  stp    d9, d8, [sp, #-0x40]!
    0x10001432c <+4>:  stp    x22, x21, [sp, #0x10]
    0x100014330 <+8>:  stp    x20, x19, [sp, #0x20]
    0x100014334 <+12>: stp    x29, x30, [sp, #0x30]
Target 0: (H90 Control) stopped.
(lldb) continue
Process 7482 resuming
Process 7482 stopped
* thread #7, stop reason = breakpoint 2.1
    frame #0: 0x0000000100014328 H90 Control`___lldb_unnamed_symbol866
H90 Control`___lldb_unnamed_symbol866:
->  0x100014328 <+0>:  stp    d9, d8, [sp, #-0x40]!
    0x10001432c <+4>:  stp    x22, x21, [sp, #0x10]
    0x100014330 <+8>:  stp    x20, x19, [sp, #0x20]
    0x100014334 <+12>: stp    x29, x30, [sp, #0x30]
Target 0: (H90 Control) stopped.
(lldb) continue
Process 7482 resuming
Process 7482 stopped
* thread #7, stop reason = breakpoint 2.1
    frame #0: 0x0000000100014328 H90 Control`___lldb_unnamed_symbol866
H90 Control`___lldb_unnamed_symbol866:
->  0x100014328 <+0>:  stp    d9, d8, [sp, #-0x40]!
    0x10001432c <+4>:  stp    x22, x21, [sp, #0x10]
    0x100014330 <+8>:  stp    x20, x19, [sp, #0x20]
    0x100014334 <+12>: stp    x29, x30, [sp, #0x30]
Target 0: (H90 Control) stopped.
(lldb) continue
Process 7482 resuming
Process 7482 stopped
* thread #7, stop reason = breakpoint 2.1
    frame #0: 0x0000000100014328 H90 Control`___lldb_unnamed_symbol866
H90 Control`___lldb_unnamed_symbol866:
->  0x100014328 <+0>:  stp    d9, d8, [sp, #-0x40]!
    0x10001432c <+4>:  stp    x22, x21, [sp, #0x10]
    0x100014330 <+8>:  stp    x20, x19, [sp, #0x20]
    0x100014334 <+12>: stp    x29, x30, [sp, #0x30]
Target 0: (H90 Control) stopped.
(lldb) continue
Process 7482 resuming
Process 7482 stopped
* thread #7, stop reason = breakpoint 2.1
    frame #0: 0x0000000100014328 H90 Control`___lldb_unnamed_symbol866
H90 Control`___lldb_unnamed_symbol866:
->  0x100014328 <+0>:  stp    d9, d8, [sp, #-0x40]!
    0x10001432c <+4>:  stp    x22, x21, [sp, #0x10]
    0x100014330 <+8>:  stp    x20, x19, [sp, #0x20]
    0x100014334 <+12>: stp    x29, x30, [sp, #0x30]
Target 0: (H90 Control) stopped.
(lldb) continue
Process 7482 resuming
Process 7482 stopped
* thread #7, stop reason = breakpoint 2.1
    frame #0: 0x0000000100014328 H90 Control`___lldb_unnamed_symbol866
H90 Control`___lldb_unnamed_symbol866:
->  0x100014328 <+0>:  stp    d9, d8, [sp, #-0x40]!
    0x10001432c <+4>:  stp    x22, x21, [sp, #0x10]
    0x100014330 <+8>:  stp    x20, x19, [sp, #0x20]
    0x100014334 <+12>: stp    x29, x30, [sp, #0x30]
Target 0: (H90 Control) stopped.
(lldb) continue
Process 7482 resuming
Process 7482 stopped
* thread #7, stop reason = breakpoint 2.1
    frame #0: 0x0000000100014328 H90 Control`___lldb_unnamed_symbol866
H90 Control`___lldb_unnamed_symbol866:
->  0x100014328 <+0>:  stp    d9, d8, [sp, #-0x40]!
    0x10001432c <+4>:  stp    x22, x21, [sp, #0x10]
    0x100014330 <+8>:  stp    x20, x19, [sp, #0x20]
    0x100014334 <+12>: stp    x29, x30, [sp, #0x30]
Target 0: (H90 Control) stopped.
(lldb) continue
Process 7482 resuming
Process 7482 stopped
* thread #7, stop reason = breakpoint 2.1
    frame #0: 0x0000000100014328 H90 Control`___lldb_unnamed_symbol866
H90 Control`___lldb_unnamed_symbol866:
->  0x100014328 <+0>:  stp    d9, d8, [sp, #-0x40]!
    0x10001432c <+4>:  stp    x22, x21, [sp, #0x10]
    0x100014330 <+8>:  stp    x20, x19, [sp, #0x20]
    0x100014334 <+12>: stp    x29, x30, [sp, #0x30]
Target 0: (H90 Control) stopped.
(lldb) continue
Process 7482 resuming
Process 7482 stopped
* thread #7, stop reason = breakpoint 2.1
    frame #0: 0x0000000100014328 H90 Control`___lldb_unnamed_symbol866
H90 Control`___lldb_unnamed_symbol866:
->  0x100014328 <+0>:  stp    d9, d8, [sp, #-0x40]!
    0x10001432c <+4>:  stp    x22, x21, [sp, #0x10]
    0x100014330 <+8>:  stp    x20, x19, [sp, #0x20]
    0x100014334 <+12>: stp    x29, x30, [sp, #0x30]
Target 0: (H90 Control) stopped.
(lldb) continue
Process 7482 resuming
Process 7482 stopped
* thread #7, stop reason = breakpoint 2.1
    frame #0: 0x0000000100014328 H90 Control`___lldb_unnamed_symbol866
H90 Control`___lldb_unnamed_symbol866:
->  0x100014328 <+0>:  stp    d9, d8, [sp, #-0x40]!
    0x10001432c <+4>:  stp    x22, x21, [sp, #0x10]
    0x100014330 <+8>:  stp    x20, x19, [sp, #0x20]
    0x100014334 <+12>: stp    x29, x30, [sp, #0x30]
Target 0: (H90 Control) stopped.
(lldb) continue
Process 7482 resuming
Process 7482 stopped
* thread #7, stop reason = breakpoint 2.1
    frame #0: 0x0000000100014328 H90 Control`___lldb_unnamed_symbol866
H90 Control`___lldb_unnamed_symbol866:
->  0x100014328 <+0>:  stp    d9, d8, [sp, #-0x40]!
    0x10001432c <+4>:  stp    x22, x21, [sp, #0x10]
    0x100014330 <+8>:  stp    x20, x19, [sp, #0x20]
    0x100014334 <+12>: stp    x29, x30, [sp, #0x30]
Target 0: (H90 Control) stopped.
(lldb) continue
Process 7482 resuming
Process 7482 stopped
* thread #7, stop reason = breakpoint 2.1
    frame #0: 0x0000000100014328 H90 Control`___lldb_unnamed_symbol866
H90 Control`___lldb_unnamed_symbol866:
->  0x100014328 <+0>:  stp    d9, d8, [sp, #-0x40]!
    0x10001432c <+4>:  stp    x22, x21, [sp, #0x10]
    0x100014330 <+8>:  stp    x20, x19, [sp, #0x20]
    0x100014334 <+12>: stp    x29, x30, [sp, #0x30]
Target 0: (H90 Control) stopped.
(lldb) continue
Process 7482 resuming
Process 7482 stopped
* thread #7, stop reason = breakpoint 2.1
    frame #0: 0x0000000100014328 H90 Control`___lldb_unnamed_symbol866
H90 Control`___lldb_unnamed_symbol866:
->  0x100014328 <+0>:  stp    d9, d8, [sp, #-0x40]!
    0x10001432c <+4>:  stp    x22, x21, [sp, #0x10]
    0x100014330 <+8>:  stp    x20, x19, [sp, #0x20]
    0x100014334 <+12>: stp    x29, x30, [sp, #0x30]
Target 0: (H90 Control) stopped.
(lldb) continue
Process 7482 resuming
Process 7482 stopped
* thread #7, stop reason = breakpoint 2.1
    frame #0: 0x0000000100014328 H90 Control`___lldb_unnamed_symbol866
H90 Control`___lldb_unnamed_symbol866:
->  0x100014328 <+0>:  stp    d9, d8, [sp, #-0x40]!
    0x10001432c <+4>:  stp    x22, x21, [sp, #0x10]
    0x100014330 <+8>:  stp    x20, x19, [sp, #0x20]
    0x100014334 <+12>: stp    x29, x30, [sp, #0x30]
Target 0: (H90 Control) stopped.
(lldb) continue
Process 7482 resuming
Process 7482 stopped
* thread #7, stop reason = breakpoint 2.1
    frame #0: 0x0000000100014328 H90 Control`___lldb_unnamed_symbol866
H90 Control`___lldb_unnamed_symbol866:
->  0x100014328 <+0>:  stp    d9, d8, [sp, #-0x40]!
    0x10001432c <+4>:  stp    x22, x21, [sp, #0x10]
    0x100014330 <+8>:  stp    x20, x19, [sp, #0x20]
    0x100014334 <+12>: stp    x29, x30, [sp, #0x30]
Target 0: (H90 Control) stopped.
(lldb) continue
Process 7482 resuming
Process 7482 stopped
* thread #7, stop reason = breakpoint 2.1
    frame #0: 0x0000000100014328 H90 Control`___lldb_unnamed_symbol866
H90 Control`___lldb_unnamed_symbol866:
->  0x100014328 <+0>:  stp    d9, d8, [sp, #-0x40]!
    0x10001432c <+4>:  stp    x22, x21, [sp, #0x10]
    0x100014330 <+8>:  stp    x20, x19, [sp, #0x20]
    0x100014334 <+12>: stp    x29, x30, [sp, #0x30]
Target 0: (H90 Control) stopped.
(lldb) continue
Process 7482 resuming
Process 7482 stopped
* thread #7, stop reason = breakpoint 2.1
    frame #0: 0x0000000100014328 H90 Control`___lldb_unnamed_symbol866
H90 Control`___lldb_unnamed_symbol866:
->  0x100014328 <+0>:  stp    d9, d8, [sp, #-0x40]!
    0x10001432c <+4>:  stp    x22, x21, [sp, #0x10]
    0x100014330 <+8>:  stp    x20, x19, [sp, #0x20]
    0x100014334 <+12>: stp    x29, x30, [sp, #0x30]
Target 0: (H90 Control) stopped.
(lldb) continue
Process 7482 resuming
Process 7482 stopped
* thread #7, stop reason = breakpoint 2.1
    frame #0: 0x0000000100014328 H90 Control`___lldb_unnamed_symbol866
H90 Control`___lldb_unnamed_symbol866:
->  0x100014328 <+0>:  stp    d9, d8, [sp, #-0x40]!
    0x10001432c <+4>:  stp    x22, x21, [sp, #0x10]
    0x100014330 <+8>:  stp    x20, x19, [sp, #0x20]
    0x100014334 <+12>: stp    x29, x30, [sp, #0x30]
Target 0: (H90 Control) stopped.
(lldb) continue
Process 7482 resuming
Process 7482 stopped
* thread #7, stop reason = breakpoint 2.1
    frame #0: 0x0000000100014328 H90 Control`___lldb_unnamed_symbol866
H90 Control`___lldb_unnamed_symbol866:
->  0x100014328 <+0>:  stp    d9, d8, [sp, #-0x40]!
    0x10001432c <+4>:  stp    x22, x21, [sp, #0x10]
    0x100014330 <+8>:  stp    x20, x19, [sp, #0x20]
    0x100014334 <+12>: stp    x29, x30, [sp, #0x30]
Target 0: (H90 Control) stopped.
(lldb) continue
Process 7482 resuming
Process 7482 stopped
* thread #7, stop reason = breakpoint 2.1
    frame #0: 0x0000000100014328 H90 Control`___lldb_unnamed_symbol866
H90 Control`___lldb_unnamed_symbol866:
->  0x100014328 <+0>:  stp    d9, d8, [sp, #-0x40]!
    0x10001432c <+4>:  stp    x22, x21, [sp, #0x10]
    0x100014330 <+8>:  stp    x20, x19, [sp, #0x20]
    0x100014334 <+12>: stp    x29, x30, [sp, #0x30]
Target 0: (H90 Control) stopped.
(lldb) continue
Process 7482 resuming
Process 7482 stopped
* thread #7, stop reason = breakpoint 2.1
    frame #0: 0x0000000100014328 H90 Control`___lldb_unnamed_symbol866
H90 Control`___lldb_unnamed_symbol866:
->  0x100014328 <+0>:  stp    d9, d8, [sp, #-0x40]!
    0x10001432c <+4>:  stp    x22, x21, [sp, #0x10]
    0x100014330 <+8>:  stp    x20, x19, [sp, #0x20]
    0x100014334 <+12>: stp    x29, x30, [sp, #0x30]
Target 0: (H90 Control) stopped.
(lldb) continue
Process 7482 resuming
Process 7482 stopped
* thread #7, stop reason = breakpoint 2.1
    frame #0: 0x0000000100014328 H90 Control`___lldb_unnamed_symbol866
H90 Control`___lldb_unnamed_symbol866:
->  0x100014328 <+0>:  stp    d9, d8, [sp, #-0x40]!
    0x10001432c <+4>:  stp    x22, x21, [sp, #0x10]
    0x100014330 <+8>:  stp    x20, x19, [sp, #0x20]
    0x100014334 <+12>: stp    x29, x30, [sp, #0x30]
Target 0: (H90 Control) stopped.
(lldb) continue
Process 7482 resuming
Process 7482 stopped
* thread #7, stop reason = breakpoint 2.1
    frame #0: 0x0000000100014328 H90 Control`___lldb_unnamed_symbol866
H90 Control`___lldb_unnamed_symbol866:
->  0x100014328 <+0>:  stp    d9, d8, [sp, #-0x40]!
    0x10001432c <+4>:  stp    x22, x21, [sp, #0x10]
    0x100014330 <+8>:  stp    x20, x19, [sp, #0x20]
    0x100014334 <+12>: stp    x29, x30, [sp, #0x30]
Target 0: (H90 Control) stopped.
(lldb) continue
Process 7482 resuming
Process 7482 stopped
* thread #7, stop reason = breakpoint 2.1
    frame #0: 0x0000000100014328 H90 Control`___lldb_unnamed_symbol866
H90 Control`___lldb_unnamed_symbol866:
->  0x100014328 <+0>:  stp    d9, d8, [sp, #-0x40]!
    0x10001432c <+4>:  stp    x22, x21, [sp, #0x10]
    0x100014330 <+8>:  stp    x20, x19, [sp, #0x20]
    0x100014334 <+12>: stp    x29, x30, [sp, #0x30]
Target 0: (H90 Control) stopped.
(lldb) continue
Process 7482 resuming
Process 7482 stopped
* thread #7, stop reason = breakpoint 2.1
    frame #0: 0x0000000100014328 H90 Control`___lldb_unnamed_symbol866
H90 Control`___lldb_unnamed_symbol866:
->  0x100014328 <+0>:  stp    d9, d8, [sp, #-0x40]!
    0x10001432c <+4>:  stp    x22, x21, [sp, #0x10]
    0x100014330 <+8>:  stp    x20, x19, [sp, #0x20]
    0x100014334 <+12>: stp    x29, x30, [sp, #0x30]
Target 0: (H90 Control) stopped.
(lldb) continue
Process 7482 resuming
Process 7482 stopped
* thread #7, stop reason = breakpoint 2.1
    frame #0: 0x0000000100014328 H90 Control`___lldb_unnamed_symbol866
H90 Control`___lldb_unnamed_symbol866:
->  0x100014328 <+0>:  stp    d9, d8, [sp, #-0x40]!
    0x10001432c <+4>:  stp    x22, x21, [sp, #0x10]
    0x100014330 <+8>:  stp    x20, x19, [sp, #0x20]
    0x100014334 <+12>: stp    x29, x30, [sp, #0x30]
Target 0: (H90 Control) stopped.
(lldb) continue
Process 7482 resuming
Process 7482 stopped
* thread #7, stop reason = breakpoint 2.1
    frame #0: 0x0000000100014328 H90 Control`___lldb_unnamed_symbol866
H90 Control`___lldb_unnamed_symbol866:
->  0x100014328 <+0>:  stp    d9, d8, [sp, #-0x40]!
    0x10001432c <+4>:  stp    x22, x21, [sp, #0x10]
    0x100014330 <+8>:  stp    x20, x19, [sp, #0x20]
    0x100014334 <+12>: stp    x29, x30, [sp, #0x30]
Target 0: (H90 Control) stopped.
(lldb) continue
Process 7482 resuming
Process 7482 stopped
* thread #7, stop reason = breakpoint 2.1
    frame #0: 0x0000000100014328 H90 Control`___lldb_unnamed_symbol866
H90 Control`___lldb_unnamed_symbol866:
->  0x100014328 <+0>:  stp    d9, d8, [sp, #-0x40]!
    0x10001432c <+4>:  stp    x22, x21, [sp, #0x10]
    0x100014330 <+8>:  stp    x20, x19, [sp, #0x20]
    0x100014334 <+12>: stp    x29, x30, [sp, #0x30]
Target 0: (H90 Control) stopped.
(lldb) continue
Process 7482 resuming
Process 7482 stopped
* thread #7, stop reason = breakpoint 2.1
    frame #0: 0x0000000100014328 H90 Control`___lldb_unnamed_symbol866
H90 Control`___lldb_unnamed_symbol866:
->  0x100014328 <+0>:  stp    d9, d8, [sp, #-0x40]!
    0x10001432c <+4>:  stp    x22, x21, [sp, #0x10]
    0x100014330 <+8>:  stp    x20, x19, [sp, #0x20]
    0x100014334 <+12>: stp    x29, x30, [sp, #0x30]
Target 0: (H90 Control) stopped.
(lldb) continue
Process 7482 resuming
Process 7482 stopped
* thread #7, stop reason = breakpoint 2.1
    frame #0: 0x0000000100014328 H90 Control`___lldb_unnamed_symbol866
H90 Control`___lldb_unnamed_symbol866:
->  0x100014328 <+0>:  stp    d9, d8, [sp, #-0x40]!
    0x10001432c <+4>:  stp    x22, x21, [sp, #0x10]
    0x100014330 <+8>:  stp    x20, x19, [sp, #0x20]
    0x100014334 <+12>: stp    x29, x30, [sp, #0x30]
Target 0: (H90 Control) stopped.
(lldb) continue
Process 7482 resuming
Process 7482 stopped
* thread #7, stop reason = breakpoint 2.1
    frame #0: 0x0000000100014328 H90 Control`___lldb_unnamed_symbol866
H90 Control`___lldb_unnamed_symbol866:
->  0x100014328 <+0>:  stp    d9, d8, [sp, #-0x40]!
    0x10001432c <+4>:  stp    x22, x21, [sp, #0x10]
    0x100014330 <+8>:  stp    x20, x19, [sp, #0x20]
    0x100014334 <+12>: stp    x29, x30, [sp, #0x30]
Target 0: (H90 Control) stopped.
(lldb) continue
Process 7482 resuming
Process 7482 stopped
* thread #7, stop reason = breakpoint 2.1
    frame #0: 0x0000000100014328 H90 Control`___lldb_unnamed_symbol866
H90 Control`___lldb_unnamed_symbol866:
->  0x100014328 <+0>:  stp    d9, d8, [sp, #-0x40]!
    0x10001432c <+4>:  stp    x22, x21, [sp, #0x10]
    0x100014330 <+8>:  stp    x20, x19, [sp, #0x20]
    0x100014334 <+12>: stp    x29, x30, [sp, #0x30]
Target 0: (H90 Control) stopped.
(lldb) continue
Process 7482 resuming
Process 7482 stopped
* thread #18, name = 'ThreadWithProgressView', stop reason = breakpoint 1.1
    frame #0: 0x000000010001336c H90 Control`___lldb_unnamed_symbol857 + 704
H90 Control`___lldb_unnamed_symbol857:
->  0x10001336c <+704>: bl     0x100477330               ; symbol stub for: MIDISendEventList
    0x100013370 <+708>: b      0x100013380               ; <+724>
    0x100013374 <+712>: mov    x0, x1
    0x100013378 <+716>: mov    x1, x2
Target 0: (H90 Control) stopped.
(lldb) script print("==BP=1 n=13==")
script print("SEND")
expr -- (*(unsigned int*)($x2 + 16)) & 0xffff
==BP=1 n=13==
(lldb) continue
SEND
(lldb) (unsigned int) $12 = 16
(lldb) Process 7482 resuming
Process 7482 stopped
* thread #7, stop reason = breakpoint 2.1
    frame #0: 0x0000000100014328 H90 Control`___lldb_unnamed_symbol866
H90 Control`___lldb_unnamed_symbol866:
->  0x100014328 <+0>:  stp    d9, d8, [sp, #-0x40]!
    0x10001432c <+4>:  stp    x22, x21, [sp, #0x10]
    0x100014330 <+8>:  stp    x20, x19, [sp, #0x20]
    0x100014334 <+12>: stp    x29, x30, [sp, #0x30]
Target 0: (H90 Control) stopped.
(lldb) continue
Process 7482 resuming
Process 7482 stopped
* thread #7, stop reason = breakpoint 2.1
    frame #0: 0x0000000100014328 H90 Control`___lldb_unnamed_symbol866
H90 Control`___lldb_unnamed_symbol866:
->  0x100014328 <+0>:  stp    d9, d8, [sp, #-0x40]!
    0x10001432c <+4>:  stp    x22, x21, [sp, #0x10]
    0x100014330 <+8>:  stp    x20, x19, [sp, #0x20]
    0x100014334 <+12>: stp    x29, x30, [sp, #0x30]
Target 0: (H90 Control) stopped.
(lldb) continue
Process 7482 resuming
Process 7482 stopped
* thread #7, stop reason = breakpoint 2.1
    frame #0: 0x0000000100014328 H90 Control`___lldb_unnamed_symbol866
H90 Control`___lldb_unnamed_symbol866:
->  0x100014328 <+0>:  stp    d9, d8, [sp, #-0x40]!
    0x10001432c <+4>:  stp    x22, x21, [sp, #0x10]
    0x100014330 <+8>:  stp    x20, x19, [sp, #0x20]
    0x100014334 <+12>: stp    x29, x30, [sp, #0x30]
Target 0: (H90 Control) stopped.
(lldb) continue
Process 7482 resuming
Process 7482 stopped
* thread #7, stop reason = breakpoint 2.1
    frame #0: 0x0000000100014328 H90 Control`___lldb_unnamed_symbol866
H90 Control`___lldb_unnamed_symbol866:
->  0x100014328 <+0>:  stp    d9, d8, [sp, #-0x40]!
    0x10001432c <+4>:  stp    x22, x21, [sp, #0x10]
    0x100014330 <+8>:  stp    x20, x19, [sp, #0x20]
    0x100014334 <+12>: stp    x29, x30, [sp, #0x30]
Target 0: (H90 Control) stopped.
(lldb) continue
Process 7482 resuming
Process 7482 stopped
* thread #7, stop reason = breakpoint 2.1
    frame #0: 0x0000000100014328 H90 Control`___lldb_unnamed_symbol866
H90 Control`___lldb_unnamed_symbol866:
->  0x100014328 <+0>:  stp    d9, d8, [sp, #-0x40]!
    0x10001432c <+4>:  stp    x22, x21, [sp, #0x10]
    0x100014330 <+8>:  stp    x20, x19, [sp, #0x20]
    0x100014334 <+12>: stp    x29, x30, [sp, #0x30]
Target 0: (H90 Control) stopped.
(lldb) continue
Process 7482 resuming
Process 7482 stopped
* thread #7, stop reason = breakpoint 2.1
    frame #0: 0x0000000100014328 H90 Control`___lldb_unnamed_symbol866
H90 Control`___lldb_unnamed_symbol866:
->  0x100014328 <+0>:  stp    d9, d8, [sp, #-0x40]!
    0x10001432c <+4>:  stp    x22, x21, [sp, #0x10]
    0x100014330 <+8>:  stp    x20, x19, [sp, #0x20]
    0x100014334 <+12>: stp    x29, x30, [sp, #0x30]
Target 0: (H90 Control) stopped.
(lldb) continue
Process 7482 resuming
Process 7482 stopped
* thread #7, stop reason = breakpoint 2.1
    frame #0: 0x0000000100014328 H90 Control`___lldb_unnamed_symbol866
H90 Control`___lldb_unnamed_symbol866:
->  0x100014328 <+0>:  stp    d9, d8, [sp, #-0x40]!
    0x10001432c <+4>:  stp    x22, x21, [sp, #0x10]
    0x100014330 <+8>:  stp    x20, x19, [sp, #0x20]
    0x100014334 <+12>: stp    x29, x30, [sp, #0x30]
Target 0: (H90 Control) stopped.
(lldb) continue
Process 7482 resuming
Process 7482 stopped
* thread #18, name = 'ThreadWithProgressView', stop reason = breakpoint 1.1
    frame #0: 0x000000010001336c H90 Control`___lldb_unnamed_symbol857 + 704
H90 Control`___lldb_unnamed_symbol857:
->  0x10001336c <+704>: bl     0x100477330               ; symbol stub for: MIDISendEventList
    0x100013370 <+708>: b      0x100013380               ; <+724>
    0x100013374 <+712>: mov    x0, x1
    0x100013378 <+716>: mov    x1, x2
Target 0: (H90 Control) stopped.
(lldb) script print("==BP=1 n=14==")
script print("SEND")
expr -- (*(unsigned int*)($x2 + 16)) & 0xffff
==BP=1 n=14==
(lldb) continue
SEND
(lldb) (unsigned int) $13 = 16
(lldb) Process 7482 resuming
Process 7482 stopped
* thread #7, stop reason = breakpoint 2.1
    frame #0: 0x0000000100014328 H90 Control`___lldb_unnamed_symbol866
H90 Control`___lldb_unnamed_symbol866:
->  0x100014328 <+0>:  stp    d9, d8, [sp, #-0x40]!
    0x10001432c <+4>:  stp    x22, x21, [sp, #0x10]
    0x100014330 <+8>:  stp    x20, x19, [sp, #0x20]
    0x100014334 <+12>: stp    x29, x30, [sp, #0x30]
Target 0: (H90 Control) stopped.
(lldb) continue
Process 7482 resuming
Process 7482 stopped
* thread #1, name = 'JUCE Message Thread', queue = 'com.apple.main-thread', stop reason = breakpoint 1.1
    frame #0: 0x000000010001336c H90 Control`___lldb_unnamed_symbol857 + 704
H90 Control`___lldb_unnamed_symbol857:
->  0x10001336c <+704>: bl     0x100477330               ; symbol stub for: MIDISendEventList
    0x100013370 <+708>: b      0x100013380               ; <+724>
    0x100013374 <+712>: mov    x0, x1
    0x100013378 <+716>: mov    x1, x2
Target 0: (H90 Control) stopped.
(lldb) script print("==BP=1 n=15==")
script print("SEND")
expr -- (*(unsigned int*)($x2 + 16)) & 0xffff
==BP=1 n=15==
(lldb) continue
SEND
(lldb) (unsigned int) $14 = 16
(lldb) Process 7482 resuming
Process 7482 stopped
* thread #1, name = 'JUCE Message Thread', queue = 'com.apple.main-thread', stop reason = breakpoint 1.1
    frame #0: 0x000000010001336c H90 Control`___lldb_unnamed_symbol857 + 704
H90 Control`___lldb_unnamed_symbol857:
->  0x10001336c <+704>: bl     0x100477330               ; symbol stub for: MIDISendEventList
    0x100013370 <+708>: b      0x100013380               ; <+724>
    0x100013374 <+712>: mov    x0, x1
    0x100013378 <+716>: mov    x1, x2
Target 0: (H90 Control) stopped.
(lldb) script print("==BP=1 n=16==")
script print("SEND")
expr -- (*(unsigned int*)($x2 + 16)) & 0xffff
==BP=1 n=16==
(lldb) continue
SEND
(lldb) (unsigned int) $15 = 16
(lldb) Process 7482 resuming
Process 7482 stopped
* thread #7, stop reason = breakpoint 2.1
    frame #0: 0x0000000100014328 H90 Control`___lldb_unnamed_symbol866
H90 Control`___lldb_unnamed_symbol866:
->  0x100014328 <+0>:  stp    d9, d8, [sp, #-0x40]!
    0x10001432c <+4>:  stp    x22, x21, [sp, #0x10]
    0x100014330 <+8>:  stp    x20, x19, [sp, #0x20]
    0x100014334 <+12>: stp    x29, x30, [sp, #0x30]
Target 0: (H90 Control) stopped.
(lldb) continue
Process 7482 resuming
Process 7482 stopped
* thread #7, stop reason = breakpoint 2.1
    frame #0: 0x0000000100014328 H90 Control`___lldb_unnamed_symbol866
H90 Control`___lldb_unnamed_symbol866:
->  0x100014328 <+0>:  stp    d9, d8, [sp, #-0x40]!
    0x10001432c <+4>:  stp    x22, x21, [sp, #0x10]
    0x100014330 <+8>:  stp    x20, x19, [sp, #0x20]
    0x100014334 <+12>: stp    x29, x30, [sp, #0x30]
Target 0: (H90 Control) stopped.
(lldb) continue
Process 7482 resuming
Process 7482 stopped
* thread #7, stop reason = breakpoint 2.1
    frame #0: 0x0000000100014328 H90 Control`___lldb_unnamed_symbol866
H90 Control`___lldb_unnamed_symbol866:
->  0x100014328 <+0>:  stp    d9, d8, [sp, #-0x40]!
    0x10001432c <+4>:  stp    x22, x21, [sp, #0x10]
    0x100014330 <+8>:  stp    x20, x19, [sp, #0x20]
    0x100014334 <+12>: stp    x29, x30, [sp, #0x30]
Target 0: (H90 Control) stopped.
(lldb) continue
Process 7482 resuming
Process 7482 stopped
* thread #7, stop reason = breakpoint 2.1
    frame #0: 0x0000000100014328 H90 Control`___lldb_unnamed_symbol866
H90 Control`___lldb_unnamed_symbol866:
->  0x100014328 <+0>:  stp    d9, d8, [sp, #-0x40]!
    0x10001432c <+4>:  stp    x22, x21, [sp, #0x10]
    0x100014330 <+8>:  stp    x20, x19, [sp, #0x20]
    0x100014334 <+12>: stp    x29, x30, [sp, #0x30]
Target 0: (H90 Control) stopped.
(lldb) continue
Process 7482 resuming
Process 7482 stopped
* thread #7, stop reason = breakpoint 2.1
    frame #0: 0x0000000100014328 H90 Control`___lldb_unnamed_symbol866
H90 Control`___lldb_unnamed_symbol866:
->  0x100014328 <+0>:  stp    d9, d8, [sp, #-0x40]!
    0x10001432c <+4>:  stp    x22, x21, [sp, #0x10]
    0x100014330 <+8>:  stp    x20, x19, [sp, #0x20]
    0x100014334 <+12>: stp    x29, x30, [sp, #0x30]
Target 0: (H90 Control) stopped.
(lldb) continue
Process 7482 resuming
Process 7482 stopped
* thread #7, stop reason = breakpoint 2.1
    frame #0: 0x0000000100014328 H90 Control`___lldb_unnamed_symbol866
H90 Control`___lldb_unnamed_symbol866:
->  0x100014328 <+0>:  stp    d9, d8, [sp, #-0x40]!
    0x10001432c <+4>:  stp    x22, x21, [sp, #0x10]
    0x100014330 <+8>:  stp    x20, x19, [sp, #0x20]
    0x100014334 <+12>: stp    x29, x30, [sp, #0x30]
Target 0: (H90 Control) stopped.
(lldb) continue
Process 7482 resuming
Process 7482 stopped
* thread #7, stop reason = breakpoint 2.1
    frame #0: 0x0000000100014328 H90 Control`___lldb_unnamed_symbol866
H90 Control`___lldb_unnamed_symbol866:
->  0x100014328 <+0>:  stp    d9, d8, [sp, #-0x40]!
    0x10001432c <+4>:  stp    x22, x21, [sp, #0x10]
    0x100014330 <+8>:  stp    x20, x19, [sp, #0x20]
    0x100014334 <+12>: stp    x29, x30, [sp, #0x30]
Target 0: (H90 Control) stopped.
(lldb) continue
Process 7482 resuming
Process 7482 stopped
* thread #7, stop reason = breakpoint 2.1
    frame #0: 0x0000000100014328 H90 Control`___lldb_unnamed_symbol866
H90 Control`___lldb_unnamed_symbol866:
->  0x100014328 <+0>:  stp    d9, d8, [sp, #-0x40]!
    0x10001432c <+4>:  stp    x22, x21, [sp, #0x10]
    0x100014330 <+8>:  stp    x20, x19, [sp, #0x20]
    0x100014334 <+12>: stp    x29, x30, [sp, #0x30]
Target 0: (H90 Control) stopped.
(lldb) continue
Process 7482 resuming
Process 7482 stopped
* thread #7, stop reason = breakpoint 2.1
    frame #0: 0x0000000100014328 H90 Control`___lldb_unnamed_symbol866
H90 Control`___lldb_unnamed_symbol866:
->  0x100014328 <+0>:  stp    d9, d8, [sp, #-0x40]!
    0x10001432c <+4>:  stp    x22, x21, [sp, #0x10]
    0x100014330 <+8>:  stp    x20, x19, [sp, #0x20]
    0x100014334 <+12>: stp    x29, x30, [sp, #0x30]
Target 0: (H90 Control) stopped.
(lldb) continue
Process 7482 resuming
Process 7482 stopped
* thread #7, stop reason = breakpoint 2.1
    frame #0: 0x0000000100014328 H90 Control`___lldb_unnamed_symbol866
H90 Control`___lldb_unnamed_symbol866:
->  0x100014328 <+0>:  stp    d9, d8, [sp, #-0x40]!
    0x10001432c <+4>:  stp    x22, x21, [sp, #0x10]
    0x100014330 <+8>:  stp    x20, x19, [sp, #0x20]
    0x100014334 <+12>: stp    x29, x30, [sp, #0x30]
Target 0: (H90 Control) stopped.
(lldb) continue
Process 7482 resuming
Process 7482 stopped
* thread #7, stop reason = breakpoint 2.1
    frame #0: 0x0000000100014328 H90 Control`___lldb_unnamed_symbol866
H90 Control`___lldb_unnamed_symbol866:
->  0x100014328 <+0>:  stp    d9, d8, [sp, #-0x40]!
    0x10001432c <+4>:  stp    x22, x21, [sp, #0x10]
    0x100014330 <+8>:  stp    x20, x19, [sp, #0x20]
    0x100014334 <+12>: stp    x29, x30, [sp, #0x30]
Target 0: (H90 Control) stopped.
(lldb) continue
Process 7482 resuming
Process 7482 stopped
* thread #7, stop reason = breakpoint 2.1
    frame #0: 0x0000000100014328 H90 Control`___lldb_unnamed_symbol866
H90 Control`___lldb_unnamed_symbol866:
->  0x100014328 <+0>:  stp    d9, d8, [sp, #-0x40]!
    0x10001432c <+4>:  stp    x22, x21, [sp, #0x10]
    0x100014330 <+8>:  stp    x20, x19, [sp, #0x20]
    0x100014334 <+12>: stp    x29, x30, [sp, #0x30]
Target 0: (H90 Control) stopped.
(lldb) continue
Process 7482 resuming
Process 7482 stopped
* thread #7, stop reason = breakpoint 2.1
    frame #0: 0x0000000100014328 H90 Control`___lldb_unnamed_symbol866
H90 Control`___lldb_unnamed_symbol866:
->  0x100014328 <+0>:  stp    d9, d8, [sp, #-0x40]!
    0x10001432c <+4>:  stp    x22, x21, [sp, #0x10]
    0x100014330 <+8>:  stp    x20, x19, [sp, #0x20]
    0x100014334 <+12>: stp    x29, x30, [sp, #0x30]
Target 0: (H90 Control) stopped.
(lldb) continue
Process 7482 resuming
Process 7482 stopped
* thread #7, stop reason = breakpoint 2.1
    frame #0: 0x0000000100014328 H90 Control`___lldb_unnamed_symbol866
H90 Control`___lldb_unnamed_symbol866:
->  0x100014328 <+0>:  stp    d9, d8, [sp, #-0x40]!
    0x10001432c <+4>:  stp    x22, x21, [sp, #0x10]
    0x100014330 <+8>:  stp    x20, x19, [sp, #0x20]
    0x100014334 <+12>: stp    x29, x30, [sp, #0x30]
Target 0: (H90 Control) stopped.
(lldb) continue
Process 7482 resuming
Process 7482 stopped
* thread #7, stop reason = breakpoint 2.1
    frame #0: 0x0000000100014328 H90 Control`___lldb_unnamed_symbol866
H90 Control`___lldb_unnamed_symbol866:
->  0x100014328 <+0>:  stp    d9, d8, [sp, #-0x40]!
    0x10001432c <+4>:  stp    x22, x21, [sp, #0x10]
    0x100014330 <+8>:  stp    x20, x19, [sp, #0x20]
    0x100014334 <+12>: stp    x29, x30, [sp, #0x30]
Target 0: (H90 Control) stopped.
(lldb) continue
Process 7482 resuming
Process 7482 stopped
* thread #7, stop reason = breakpoint 2.1
    frame #0: 0x0000000100014328 H90 Control`___lldb_unnamed_symbol866
H90 Control`___lldb_unnamed_symbol866:
->  0x100014328 <+0>:  stp    d9, d8, [sp, #-0x40]!
    0x10001432c <+4>:  stp    x22, x21, [sp, #0x10]
    0x100014330 <+8>:  stp    x20, x19, [sp, #0x20]
    0x100014334 <+12>: stp    x29, x30, [sp, #0x30]
Target 0: (H90 Control) stopped.
(lldb) continue
Process 7482 resuming
Process 7482 stopped
* thread #7, stop reason = breakpoint 2.1
    frame #0: 0x0000000100014328 H90 Control`___lldb_unnamed_symbol866
H90 Control`___lldb_unnamed_symbol866:
->  0x100014328 <+0>:  stp    d9, d8, [sp, #-0x40]!
    0x10001432c <+4>:  stp    x22, x21, [sp, #0x10]
    0x100014330 <+8>:  stp    x20, x19, [sp, #0x20]
    0x100014334 <+12>: stp    x29, x30, [sp, #0x30]
Target 0: (H90 Control) stopped.
(lldb) continue
Process 7482 resuming
Process 7482 stopped
* thread #7, stop reason = breakpoint 2.1
    frame #0: 0x0000000100014328 H90 Control`___lldb_unnamed_symbol866
H90 Control`___lldb_unnamed_symbol866:
->  0x100014328 <+0>:  stp    d9, d8, [sp, #-0x40]!
    0x10001432c <+4>:  stp    x22, x21, [sp, #0x10]
    0x100014330 <+8>:  stp    x20, x19, [sp, #0x20]
    0x100014334 <+12>: stp    x29, x30, [sp, #0x30]
Target 0: (H90 Control) stopped.
(lldb) continue
Process 7482 resuming
Process 7482 stopped
* thread #7, stop reason = breakpoint 2.1
    frame #0: 0x0000000100014328 H90 Control`___lldb_unnamed_symbol866
H90 Control`___lldb_unnamed_symbol866:
->  0x100014328 <+0>:  stp    d9, d8, [sp, #-0x40]!
    0x10001432c <+4>:  stp    x22, x21, [sp, #0x10]
    0x100014330 <+8>:  stp    x20, x19, [sp, #0x20]
    0x100014334 <+12>: stp    x29, x30, [sp, #0x30]
Target 0: (H90 Control) stopped.
(lldb) continue
Process 7482 resuming
Process 7482 stopped
* thread #7, stop reason = breakpoint 2.1
    frame #0: 0x0000000100014328 H90 Control`___lldb_unnamed_symbol866
H90 Control`___lldb_unnamed_symbol866:
->  0x100014328 <+0>:  stp    d9, d8, [sp, #-0x40]!
    0x10001432c <+4>:  stp    x22, x21, [sp, #0x10]
    0x100014330 <+8>:  stp    x20, x19, [sp, #0x20]
    0x100014334 <+12>: stp    x29, x30, [sp, #0x30]
Target 0: (H90 Control) stopped.
(lldb) continue
Process 7482 resuming
Process 7482 stopped
* thread #7, stop reason = breakpoint 2.1
    frame #0: 0x0000000100014328 H90 Control`___lldb_unnamed_symbol866
H90 Control`___lldb_unnamed_symbol866:
->  0x100014328 <+0>:  stp    d9, d8, [sp, #-0x40]!
    0x10001432c <+4>:  stp    x22, x21, [sp, #0x10]
    0x100014330 <+8>:  stp    x20, x19, [sp, #0x20]
    0x100014334 <+12>: stp    x29, x30, [sp, #0x30]
Target 0: (H90 Control) stopped.
(lldb) continue
Process 7482 resuming
Process 7482 stopped
* thread #7, stop reason = breakpoint 2.1
    frame #0: 0x0000000100014328 H90 Control`___lldb_unnamed_symbol866
H90 Control`___lldb_unnamed_symbol866:
->  0x100014328 <+0>:  stp    d9, d8, [sp, #-0x40]!
    0x10001432c <+4>:  stp    x22, x21, [sp, #0x10]
    0x100014330 <+8>:  stp    x20, x19, [sp, #0x20]
    0x100014334 <+12>: stp    x29, x30, [sp, #0x30]
Target 0: (H90 Control) stopped.
(lldb) continue
Process 7482 resuming
Process 7482 stopped
* thread #7, stop reason = breakpoint 2.1
    frame #0: 0x0000000100014328 H90 Control`___lldb_unnamed_symbol866
H90 Control`___lldb_unnamed_symbol866:
->  0x100014328 <+0>:  stp    d9, d8, [sp, #-0x40]!
    0x10001432c <+4>:  stp    x22, x21, [sp, #0x10]
    0x100014330 <+8>:  stp    x20, x19, [sp, #0x20]
    0x100014334 <+12>: stp    x29, x30, [sp, #0x30]
Target 0: (H90 Control) stopped.
(lldb) continue
Process 7482 resuming
2026-08-05 16:26:00.119742+0300 H90 Control[7482:65021] [logging-persist] cannot open file at line 49455 of [1b37c146ee]
2026-08-05 16:26:00.119756+0300 H90 Control[7482:65021] [logging-persist] os_unix.c:49455: (2) open(/private/var/db/DetachedSignatures) - No such file or directory
2026-08-05 16:26:00.378952+0300 H90 Control[7482:65021] [OpenSavePanels] Ignoring NSSavePanel method sent to NSOpenPanel: setNameFieldStringValue:
2026-08-05 16:26:00.382389+0300 H90 Control[7482:65021] The class 'SafeOpenPanel_d49d9fc1f2d9024b' overrides the method identifier.  This method is implemented by class 'NSWindow'
Process 7482 stopped
* thread #1, name = 'JUCE Message Thread', queue = 'com.apple.main-thread', stop reason = breakpoint 1.1
    frame #0: 0x000000010001336c H90 Control`___lldb_unnamed_symbol857 + 704
H90 Control`___lldb_unnamed_symbol857:
->  0x10001336c <+704>: bl     0x100477330               ; symbol stub for: MIDISendEventList
    0x100013370 <+708>: b      0x100013380               ; <+724>
    0x100013374 <+712>: mov    x0, x1
    0x100013378 <+716>: mov    x1, x2
Target 0: (H90 Control) stopped.
(lldb) script print("==BP=1 n=17==")
script print("SEND")
expr -- (*(unsigned int*)($x2 + 16)) & 0xffff
==BP=1 n=17==
(lldb) continue
SEND
(lldb) (unsigned int) $16 = 46
(lldb) Process 7482 resuming
Process 7482 stopped
* thread #7, stop reason = breakpoint 2.1
    frame #0: 0x0000000100014328 H90 Control`___lldb_unnamed_symbol866
H90 Control`___lldb_unnamed_symbol866:
->  0x100014328 <+0>:  stp    d9, d8, [sp, #-0x40]!
    0x10001432c <+4>:  stp    x22, x21, [sp, #0x10]
    0x100014330 <+8>:  stp    x20, x19, [sp, #0x20]
    0x100014334 <+12>: stp    x29, x30, [sp, #0x30]
Target 0: (H90 Control) stopped.
(lldb) continue
Process 7482 resuming
Process 7482 stopped
* thread #7, stop reason = breakpoint 2.1
    frame #0: 0x0000000100014328 H90 Control`___lldb_unnamed_symbol866
H90 Control`___lldb_unnamed_symbol866:
->  0x100014328 <+0>:  stp    d9, d8, [sp, #-0x40]!
    0x10001432c <+4>:  stp    x22, x21, [sp, #0x10]
    0x100014330 <+8>:  stp    x20, x19, [sp, #0x20]
    0x100014334 <+12>: stp    x29, x30, [sp, #0x30]
Target 0: (H90 Control) stopped.
(lldb) continue
Process 7482 resuming
Process 7482 stopped
* thread #7, stop reason = breakpoint 2.1
    frame #0: 0x0000000100014328 H90 Control`___lldb_unnamed_symbol866
H90 Control`___lldb_unnamed_symbol866:
->  0x100014328 <+0>:  stp    d9, d8, [sp, #-0x40]!
    0x10001432c <+4>:  stp    x22, x21, [sp, #0x10]
    0x100014330 <+8>:  stp    x20, x19, [sp, #0x20]
    0x100014334 <+12>: stp    x29, x30, [sp, #0x30]
Target 0: (H90 Control) stopped.
(lldb) continue
Process 7482 resuming
Process 7482 stopped
* thread #7, stop reason = breakpoint 2.1
    frame #0: 0x0000000100014328 H90 Control`___lldb_unnamed_symbol866
H90 Control`___lldb_unnamed_symbol866:
->  0x100014328 <+0>:  stp    d9, d8, [sp, #-0x40]!
    0x10001432c <+4>:  stp    x22, x21, [sp, #0x10]
    0x100014330 <+8>:  stp    x20, x19, [sp, #0x20]
    0x100014334 <+12>: stp    x29, x30, [sp, #0x30]
Target 0: (H90 Control) stopped.
(lldb) continue
Process 7482 resuming
Process 7482 stopped
* thread #7, stop reason = breakpoint 2.1
    frame #0: 0x0000000100014328 H90 Control`___lldb_unnamed_symbol866
H90 Control`___lldb_unnamed_symbol866:
->  0x100014328 <+0>:  stp    d9, d8, [sp, #-0x40]!
    0x10001432c <+4>:  stp    x22, x21, [sp, #0x10]
    0x100014330 <+8>:  stp    x20, x19, [sp, #0x20]
    0x100014334 <+12>: stp    x29, x30, [sp, #0x30]
Target 0: (H90 Control) stopped.
(lldb) continue
Process 7482 resuming
Process 7482 stopped
* thread #7, stop reason = breakpoint 2.1
    frame #0: 0x0000000100014328 H90 Control`___lldb_unnamed_symbol866
H90 Control`___lldb_unnamed_symbol866:
->  0x100014328 <+0>:  stp    d9, d8, [sp, #-0x40]!
    0x10001432c <+4>:  stp    x22, x21, [sp, #0x10]
    0x100014330 <+8>:  stp    x20, x19, [sp, #0x20]
    0x100014334 <+12>: stp    x29, x30, [sp, #0x30]
Target 0: (H90 Control) stopped.
(lldb) continue
Process 7482 resuming
Process 7482 stopped
* thread #7, stop reason = breakpoint 2.1
    frame #0: 0x0000000100014328 H90 Control`___lldb_unnamed_symbol866
H90 Control`___lldb_unnamed_symbol866:
->  0x100014328 <+0>:  stp    d9, d8, [sp, #-0x40]!
    0x10001432c <+4>:  stp    x22, x21, [sp, #0x10]
    0x100014330 <+8>:  stp    x20, x19, [sp, #0x20]
    0x100014334 <+12>: stp    x29, x30, [sp, #0x30]
Target 0: (H90 Control) stopped.
(lldb) continue
Process 7482 resuming
Process 7482 stopped
* thread #7, stop reason = breakpoint 2.1
    frame #0: 0x0000000100014328 H90 Control`___lldb_unnamed_symbol866
H90 Control`___lldb_unnamed_symbol866:
->  0x100014328 <+0>:  stp    d9, d8, [sp, #-0x40]!
    0x10001432c <+4>:  stp    x22, x21, [sp, #0x10]
    0x100014330 <+8>:  stp    x20, x19, [sp, #0x20]
    0x100014334 <+12>: stp    x29, x30, [sp, #0x30]
Target 0: (H90 Control) stopped.
(lldb) continue
Process 7482 resuming
Process 7482 stopped
* thread #7, stop reason = breakpoint 2.1
    frame #0: 0x0000000100014328 H90 Control`___lldb_unnamed_symbol866
H90 Control`___lldb_unnamed_symbol866:
->  0x100014328 <+0>:  stp    d9, d8, [sp, #-0x40]!
    0x10001432c <+4>:  stp    x22, x21, [sp, #0x10]
    0x100014330 <+8>:  stp    x20, x19, [sp, #0x20]
    0x100014334 <+12>: stp    x29, x30, [sp, #0x30]
Target 0: (H90 Control) stopped.
(lldb) continue
Process 7482 resuming
Process 7482 stopped
* thread #7, stop reason = breakpoint 2.1
    frame #0: 0x0000000100014328 H90 Control`___lldb_unnamed_symbol866
H90 Control`___lldb_unnamed_symbol866:
->  0x100014328 <+0>:  stp    d9, d8, [sp, #-0x40]!
    0x10001432c <+4>:  stp    x22, x21, [sp, #0x10]
    0x100014330 <+8>:  stp    x20, x19, [sp, #0x20]
    0x100014334 <+12>: stp    x29, x30, [sp, #0x30]
Target 0: (H90 Control) stopped.
(lldb) continue
Process 7482 resuming
continue
2026-08-05 16:26:22.998897+0300 H90 Control[7482:66375] [tcp] tcp_output [C7.1.1.1:3] flags=[R.] seq=1938452916, ack=2254062165, win=2048 state=CLOSED rcv_nxt=2254062165, snd_una=1938452796
continue
continue
continue
continue
spawn lldb -f /Users/artyomantoshkin/h90-re/H90 Control.app/Contents/MacOS/H90 Control
(lldb) target create "/Users/artyomantoshkin/h90-re/H90 Control.app/Contents/MacOS/H90 Control"
process launch --stop-at-entry
Current executable set to '/Users/artyomantoshkin/h90-re/H90 Control.app/Contents/MacOS/H90 Control' (arm64).
(lldb) Process 7662 stopped
* thread #1, stop reason = signal SIGSTOP
    frame #0: 0x00000001006287c0 dyld`_dyld_start
dyld`_dyld_start:
->  0x1006287c0 <+0>:  mov    x0, sp
    0x1006287c4 <+4>:  and    sp, x0, #0xfffffffffffffff0
    0x1006287c8 <+8>:  mov    x29, #0x0                 ; =0 
    0x1006287cc <+12>: mov    x30, #0x0                 ; =0 
Target 0: (H90 Control) stopped.
Process 7662 launched: '/Users/artyomantoshkin/h90-re/H90 Control.app/Contents/MacOS/H90 Control' (arm64)
(lldb) image lookup -n ___lldb_unnamed_symbol857
1 match found in /Users/artyomantoshkin/h90-re/H90 Control.app/Contents/MacOS/H90 Control:
        Address: H90 Control[0x00000001000130ac] (H90 Control.__TEXT.__text + 45212)
        Summary: H90 Control`___lldb_unnamed_symbol857
(lldb) image lookup -n ___lldb_unnamed_symbol866
1 match found in /Users/artyomantoshkin/h90-re/H90 Control.app/Contents/MacOS/H90 Control:
        Address: H90 Control[0x0000000100014328] (H90 Control.__TEXT.__text + 49944)
        Summary: H90 Control`___lldb_unnamed_symbol866
(lldb) breakpoint set -a 0x10001336c
Breakpoint 1: where = H90 Control`___lldb_unnamed_symbol857 + 704, address = 0x000000010001336c
(lldb) breakpoint set -a 0x0000000100014328
Breakpoint 2: where = H90 Control`___lldb_unnamed_symbol866, address = 0x0000000100014328
(lldb) continue
Process 7662 resuming
2026-08-05 16:27:28.805174+0300 H90 Control[7662:67723] [StateRestoration] WARNING: Secure coding is not enabled for restorable state! Enable secure coding by implementing NSApplicationDelegate.applicationSupportsSecureRestorableState: and returning YES.
2026-08-05 16:27:30.744644+0300 H90 Control[7662:67723] [plugin] AddInstanceForFactory: No factory registered for id <CFUUID 0x1457b3a90> F8BB1C28-BAE8-11D6-9C31-00039315CD46
2026-08-05 16:27:30.754416+0300 H90 Control[7662:67723]       HALC_ShellObject.mm:615    HALC_ShellObject::SetPropertyData: call to the proxy failed, Error: 1852797029 (nope)
2026-08-05 16:27:30.761708+0300 H90 Control[7662:67767] Unable to open mach-O at path: default.metallib  Error:2
Process 7662 stopped
* thread #1, name = 'JUCE Message Thread', queue = 'com.apple.main-thread', stop reason = breakpoint 1.1
    frame #0: 0x000000010001336c H90 Control`___lldb_unnamed_symbol857 + 704
H90 Control`___lldb_unnamed_symbol857:
->  0x10001336c <+704>: bl     0x100477330               ; symbol stub for: MIDISendEventList
    0x100013370 <+708>: b      0x100013380               ; <+724>
    0x100013374 <+712>: mov    x0, x1
    0x100013378 <+716>: mov    x1, x2
Target 0: (H90 Control) stopped.
(lldb) script print("==BP=1 n=1==")
script print("SEND")
expr -- (*(unsigned int*)($x2 + 16)) & 0xffff
==BP=1 n=1==
(lldb) continue
SEND
(lldb) (unsigned int) $0 = 16
(lldb) Process 7662 resuming
Process 7662 stopped
* thread #7, stop reason = breakpoint 2.1
    frame #0: 0x0000000100014328 H90 Control`___lldb_unnamed_symbol866
H90 Control`___lldb_unnamed_symbol866:
->  0x100014328 <+0>:  stp    d9, d8, [sp, #-0x40]!
    0x10001432c <+4>:  stp    x22, x21, [sp, #0x10]
    0x100014330 <+8>:  stp    x20, x19, [sp, #0x20]
    0x100014334 <+12>: stp    x29, x30, [sp, #0x30]
Target 0: (H90 Control) stopped.
(lldb) continue
Process 7662 resuming
Process 7662 stopped
* thread #7, stop reason = breakpoint 2.1
    frame #0: 0x0000000100014328 H90 Control`___lldb_unnamed_symbol866
H90 Control`___lldb_unnamed_symbol866:
->  0x100014328 <+0>:  stp    d9, d8, [sp, #-0x40]!
    0x10001432c <+4>:  stp    x22, x21, [sp, #0x10]
    0x100014330 <+8>:  stp    x20, x19, [sp, #0x20]
    0x100014334 <+12>: stp    x29, x30, [sp, #0x30]
Target 0: (H90 Control) stopped.
(lldb) continue
Process 7662 resuming
2026-08-05 16:27:33.214403+0300 H90 Control[7662:67767] [] nw_path_necp_check_for_updates Failed to copy updated result (22)
2026-08-05 16:27:42.371352+0300 H90 Control[7662:67767] [Default] Task <A4338A1E-6A52-446F-A602-87DA4B9D867F>.<1> finished with error [-1001] Error Domain=NSURLErrorDomain Code=-1001 "The request timed out." UserInfo={_kCFStreamErrorCodeKey=-2102, NSUnderlyingError=0x146043330 {Error Domain=kCFErrorDomainCFNetwork Code=-1001 "(null)" UserInfo={_kCFStreamErrorCodeKey=-2102, _kCFStreamErrorDomainKey=4}}, _NSURLErrorFailingURLSessionTaskErrorKey=LocalDataTask <A4338A1E-6A52-446F-A602-87DA4B9D867F>.<1>, _NSURLErrorRelatedURLSessionTaskErrorKey=(
    "LocalDataTask <A4338A1E-6A52-446F-A602-87DA4B9D867F>.<1>"
), NSLocalizedDescription=The request timed out., NSErrorFailingURLStringKey=https://services-prod.aws.eventideaudio.com/software-releases/XC-05987, NSErrorFailingURLKey=https://services-prod.aws.eventideaudio.com/software-releases/XC-05987, _kCFStreamErrorDomainKey=4}
‼️ [HomeComponent.cpp:636].firmwareUpdateCheckComplete >  Failed to check for firmware updates: Could not communicate with Eventide server https://services-prod.aws.eventideaudio.com
continue
Process 7662 stopped
* thread #1, name = 'JUCE Message Thread', queue = 'com.apple.main-thread', stop reason = breakpoint 1.1
    frame #0: 0x000000010001336c H90 Control`___lldb_unnamed_symbol857 + 704
H90 Control`___lldb_unnamed_symbol857:
->  0x10001336c <+704>: bl     0x100477330               ; symbol stub for: MIDISendEventList
    0x100013370 <+708>: b      0x100013380               ; <+724>
    0x100013374 <+712>: mov    x0, x1
    0x100013378 <+716>: mov    x1, x2
Target 0: (H90 Control) stopped.
(lldb) script print("==BP=1 n=2==")
script print("SEND")
expr -- (*(unsigned int*)($x2 + 16)) & 0xffff
==BP=1 n=2==
(lldb) continue
SEND
(lldb) (unsigned int) $1 = 16
(lldb) Process 7662 resuming
Process 7662 stopped
* thread #7, stop reason = breakpoint 2.1
    frame #0: 0x0000000100014328 H90 Control`___lldb_unnamed_symbol866
H90 Control`___lldb_unnamed_symbol866:
->  0x100014328 <+0>:  stp    d9, d8, [sp, #-0x40]!
    0x10001432c <+4>:  stp    x22, x21, [sp, #0x10]
    0x100014330 <+8>:  stp    x20, x19, [sp, #0x20]
    0x100014334 <+12>: stp    x29, x30, [sp, #0x30]
Target 0: (H90 Control) stopped.
(lldb) continue
Process 7662 resuming
Process 7662 stopped
* thread #7, stop reason = breakpoint 2.1
    frame #0: 0x0000000100014328 H90 Control`___lldb_unnamed_symbol866
H90 Control`___lldb_unnamed_symbol866:
->  0x100014328 <+0>:  stp    d9, d8, [sp, #-0x40]!
    0x10001432c <+4>:  stp    x22, x21, [sp, #0x10]
    0x100014330 <+8>:  stp    x20, x19, [sp, #0x20]
    0x100014334 <+12>: stp    x29, x30, [sp, #0x30]
Target 0: (H90 Control) stopped.
(lldb) continue
Process 7662 resuming
Process 7662 stopped
* thread #17, name = 'ThreadWithProgressView', stop reason = breakpoint 1.1
    frame #0: 0x000000010001336c H90 Control`___lldb_unnamed_symbol857 + 704
H90 Control`___lldb_unnamed_symbol857:
->  0x10001336c <+704>: bl     0x100477330               ; symbol stub for: MIDISendEventList
    0x100013370 <+708>: b      0x100013380               ; <+724>
    0x100013374 <+712>: mov    x0, x1
    0x100013378 <+716>: mov    x1, x2
Target 0: (H90 Control) stopped.
(lldb) script print("==BP=1 n=3==")
script print("SEND")
expr -- (*(unsigned int*)($x2 + 16)) & 0xffff
==BP=1 n=3==
(lldb) continue
SEND
(lldb) (unsigned int) $2 = 16
(lldb) Process 7662 resuming
Process 7662 stopped
* thread #7, stop reason = breakpoint 2.1
    frame #0: 0x0000000100014328 H90 Control`___lldb_unnamed_symbol866
H90 Control`___lldb_unnamed_symbol866:
->  0x100014328 <+0>:  stp    d9, d8, [sp, #-0x40]!
    0x10001432c <+4>:  stp    x22, x21, [sp, #0x10]
    0x100014330 <+8>:  stp    x20, x19, [sp, #0x20]
    0x100014334 <+12>: stp    x29, x30, [sp, #0x30]
Target 0: (H90 Control) stopped.
(lldb) continue
Process 7662 resuming
Process 7662 stopped
* thread #7, stop reason = breakpoint 2.1
    frame #0: 0x0000000100014328 H90 Control`___lldb_unnamed_symbol866
H90 Control`___lldb_unnamed_symbol866:
->  0x100014328 <+0>:  stp    d9, d8, [sp, #-0x40]!
    0x10001432c <+4>:  stp    x22, x21, [sp, #0x10]
    0x100014330 <+8>:  stp    x20, x19, [sp, #0x20]
    0x100014334 <+12>: stp    x29, x30, [sp, #0x30]
Target 0: (H90 Control) stopped.
(lldb) continue
Process 7662 resuming
Process 7662 stopped
* thread #17, name = 'ThreadWithProgressView', stop reason = breakpoint 1.1
    frame #0: 0x000000010001336c H90 Control`___lldb_unnamed_symbol857 + 704
H90 Control`___lldb_unnamed_symbol857:
->  0x10001336c <+704>: bl     0x100477330               ; symbol stub for: MIDISendEventList
    0x100013370 <+708>: b      0x100013380               ; <+724>
    0x100013374 <+712>: mov    x0, x1
    0x100013378 <+716>: mov    x1, x2
Target 0: (H90 Control) stopped.
(lldb) script print("==BP=1 n=4==")
script print("SEND")
expr -- (*(unsigned int*)($x2 + 16)) & 0xffff
==BP=1 n=4==
(lldb) continue
SEND
(lldb) (unsigned int) $3 = 30
(lldb) Process 7662 resuming
Process 7662 stopped
* thread #17, name = 'ThreadWithProgressView', stop reason = breakpoint 1.1
    frame #0: 0x000000010001336c H90 Control`___lldb_unnamed_symbol857 + 704
H90 Control`___lldb_unnamed_symbol857:
->  0x10001336c <+704>: bl     0x100477330               ; symbol stub for: MIDISendEventList
    0x100013370 <+708>: b      0x100013380               ; <+724>
    0x100013374 <+712>: mov    x0, x1
    0x100013378 <+716>: mov    x1, x2
Target 0: (H90 Control) stopped.
(lldb) script print("==BP=1 n=5==")
script print("SEND")
expr -- (*(unsigned int*)($x2 + 16)) & 0xffff
==BP=1 n=5==
(lldb) continue
SEND
(lldb) (unsigned int) $4 = 16
(lldb) Process 7662 resuming
Process 7662 stopped
* thread #7, stop reason = breakpoint 2.1
    frame #0: 0x0000000100014328 H90 Control`___lldb_unnamed_symbol866
H90 Control`___lldb_unnamed_symbol866:
->  0x100014328 <+0>:  stp    d9, d8, [sp, #-0x40]!
    0x10001432c <+4>:  stp    x22, x21, [sp, #0x10]
    0x100014330 <+8>:  stp    x20, x19, [sp, #0x20]
    0x100014334 <+12>: stp    x29, x30, [sp, #0x30]
Target 0: (H90 Control) stopped.
(lldb) continue
Process 7662 resuming
Process 7662 stopped
* thread #7, stop reason = breakpoint 2.1
    frame #0: 0x0000000100014328 H90 Control`___lldb_unnamed_symbol866
H90 Control`___lldb_unnamed_symbol866:
->  0x100014328 <+0>:  stp    d9, d8, [sp, #-0x40]!
    0x10001432c <+4>:  stp    x22, x21, [sp, #0x10]
    0x100014330 <+8>:  stp    x20, x19, [sp, #0x20]
    0x100014334 <+12>: stp    x29, x30, [sp, #0x30]
Target 0: (H90 Control) stopped.
(lldb) continue
Process 7662 resuming
Process 7662 stopped
* thread #7, stop reason = breakpoint 2.1
    frame #0: 0x0000000100014328 H90 Control`___lldb_unnamed_symbol866
H90 Control`___lldb_unnamed_symbol866:
->  0x100014328 <+0>:  stp    d9, d8, [sp, #-0x40]!
    0x10001432c <+4>:  stp    x22, x21, [sp, #0x10]
    0x100014330 <+8>:  stp    x20, x19, [sp, #0x20]
    0x100014334 <+12>: stp    x29, x30, [sp, #0x30]
Target 0: (H90 Control) stopped.
(lldb) continue
Process 7662 resuming
Process 7662 stopped
* thread #7, stop reason = breakpoint 2.1
    frame #0: 0x0000000100014328 H90 Control`___lldb_unnamed_symbol866
H90 Control`___lldb_unnamed_symbol866:
->  0x100014328 <+0>:  stp    d9, d8, [sp, #-0x40]!
    0x10001432c <+4>:  stp    x22, x21, [sp, #0x10]
    0x100014330 <+8>:  stp    x20, x19, [sp, #0x20]
    0x100014334 <+12>: stp    x29, x30, [sp, #0x30]
Target 0: (H90 Control) stopped.
(lldb) continue
Process 7662 resuming
Process 7662 stopped
* thread #7, stop reason = breakpoint 2.1
    frame #0: 0x0000000100014328 H90 Control`___lldb_unnamed_symbol866
H90 Control`___lldb_unnamed_symbol866:
->  0x100014328 <+0>:  stp    d9, d8, [sp, #-0x40]!
    0x10001432c <+4>:  stp    x22, x21, [sp, #0x10]
    0x100014330 <+8>:  stp    x20, x19, [sp, #0x20]
    0x100014334 <+12>: stp    x29, x30, [sp, #0x30]
Target 0: (H90 Control) stopped.
(lldb) continue
Process 7662 resuming
Process 7662 stopped
* thread #7, stop reason = breakpoint 2.1
    frame #0: 0x0000000100014328 H90 Control`___lldb_unnamed_symbol866
H90 Control`___lldb_unnamed_symbol866:
->  0x100014328 <+0>:  stp    d9, d8, [sp, #-0x40]!
    0x10001432c <+4>:  stp    x22, x21, [sp, #0x10]
    0x100014330 <+8>:  stp    x20, x19, [sp, #0x20]
    0x100014334 <+12>: stp    x29, x30, [sp, #0x30]
Target 0: (H90 Control) stopped.
(lldb) continue
Process 7662 resuming
Process 7662 stopped
* thread #7, stop reason = breakpoint 2.1
    frame #0: 0x0000000100014328 H90 Control`___lldb_unnamed_symbol866
H90 Control`___lldb_unnamed_symbol866:
->  0x100014328 <+0>:  stp    d9, d8, [sp, #-0x40]!
    0x10001432c <+4>:  stp    x22, x21, [sp, #0x10]
    0x100014330 <+8>:  stp    x20, x19, [sp, #0x20]
    0x100014334 <+12>: stp    x29, x30, [sp, #0x30]
Target 0: (H90 Control) stopped.
(lldb) continue
Process 7662 resuming
Process 7662 stopped
* thread #7, stop reason = breakpoint 2.1
    frame #0: 0x0000000100014328 H90 Control`___lldb_unnamed_symbol866
H90 Control`___lldb_unnamed_symbol866:
->  0x100014328 <+0>:  stp    d9, d8, [sp, #-0x40]!
    0x10001432c <+4>:  stp    x22, x21, [sp, #0x10]
    0x100014330 <+8>:  stp    x20, x19, [sp, #0x20]
    0x100014334 <+12>: stp    x29, x30, [sp, #0x30]
Target 0: (H90 Control) stopped.
(lldb) continue
Process 7662 resuming
Process 7662 stopped
* thread #7, stop reason = breakpoint 2.1
    frame #0: 0x0000000100014328 H90 Control`___lldb_unnamed_symbol866
H90 Control`___lldb_unnamed_symbol866:
->  0x100014328 <+0>:  stp    d9, d8, [sp, #-0x40]!
    0x10001432c <+4>:  stp    x22, x21, [sp, #0x10]
    0x100014330 <+8>:  stp    x20, x19, [sp, #0x20]
    0x100014334 <+12>: stp    x29, x30, [sp, #0x30]
Target 0: (H90 Control) stopped.
(lldb) continue
Process 7662 resuming
Process 7662 stopped
* thread #7, stop reason = breakpoint 2.1
    frame #0: 0x0000000100014328 H90 Control`___lldb_unnamed_symbol866
H90 Control`___lldb_unnamed_symbol866:
->  0x100014328 <+0>:  stp    d9, d8, [sp, #-0x40]!
    0x10001432c <+4>:  stp    x22, x21, [sp, #0x10]
    0x100014330 <+8>:  stp    x20, x19, [sp, #0x20]
    0x100014334 <+12>: stp    x29, x30, [sp, #0x30]
Target 0: (H90 Control) stopped.
(lldb) continue
Process 7662 resuming
Process 7662 stopped
* thread #7, stop reason = breakpoint 2.1
    frame #0: 0x0000000100014328 H90 Control`___lldb_unnamed_symbol866
H90 Control`___lldb_unnamed_symbol866:
->  0x100014328 <+0>:  stp    d9, d8, [sp, #-0x40]!
    0x10001432c <+4>:  stp    x22, x21, [sp, #0x10]
    0x100014330 <+8>:  stp    x20, x19, [sp, #0x20]
    0x100014334 <+12>: stp    x29, x30, [sp, #0x30]
Target 0: (H90 Control) stopped.
(lldb) continue
Process 7662 resuming
Process 7662 stopped
* thread #7, stop reason = breakpoint 2.1
    frame #0: 0x0000000100014328 H90 Control`___lldb_unnamed_symbol866
H90 Control`___lldb_unnamed_symbol866:
->  0x100014328 <+0>:  stp    d9, d8, [sp, #-0x40]!
    0x10001432c <+4>:  stp    x22, x21, [sp, #0x10]
    0x100014330 <+8>:  stp    x20, x19, [sp, #0x20]
    0x100014334 <+12>: stp    x29, x30, [sp, #0x30]
Target 0: (H90 Control) stopped.
(lldb) continue
Process 7662 resuming
Process 7662 stopped
* thread #7, stop reason = breakpoint 2.1
    frame #0: 0x0000000100014328 H90 Control`___lldb_unnamed_symbol866
H90 Control`___lldb_unnamed_symbol866:
->  0x100014328 <+0>:  stp    d9, d8, [sp, #-0x40]!
    0x10001432c <+4>:  stp    x22, x21, [sp, #0x10]
    0x100014330 <+8>:  stp    x20, x19, [sp, #0x20]
    0x100014334 <+12>: stp    x29, x30, [sp, #0x30]
Target 0: (H90 Control) stopped.
(lldb) continue
Process 7662 resuming
Process 7662 stopped
* thread #7, stop reason = breakpoint 2.1
    frame #0: 0x0000000100014328 H90 Control`___lldb_unnamed_symbol866
H90 Control`___lldb_unnamed_symbol866:
->  0x100014328 <+0>:  stp    d9, d8, [sp, #-0x40]!
    0x10001432c <+4>:  stp    x22, x21, [sp, #0x10]
    0x100014330 <+8>:  stp    x20, x19, [sp, #0x20]
    0x100014334 <+12>: stp    x29, x30, [sp, #0x30]
Target 0: (H90 Control) stopped.
(lldb) continue
Process 7662 resuming
Process 7662 stopped
* thread #7, stop reason = breakpoint 2.1
    frame #0: 0x0000000100014328 H90 Control`___lldb_unnamed_symbol866
H90 Control`___lldb_unnamed_symbol866:
->  0x100014328 <+0>:  stp    d9, d8, [sp, #-0x40]!
    0x10001432c <+4>:  stp    x22, x21, [sp, #0x10]
    0x100014330 <+8>:  stp    x20, x19, [sp, #0x20]
    0x100014334 <+12>: stp    x29, x30, [sp, #0x30]
Target 0: (H90 Control) stopped.
(lldb) continue
Process 7662 resuming
Process 7662 stopped
* thread #7, stop reason = breakpoint 2.1
    frame #0: 0x0000000100014328 H90 Control`___lldb_unnamed_symbol866
H90 Control`___lldb_unnamed_symbol866:
->  0x100014328 <+0>:  stp    d9, d8, [sp, #-0x40]!
    0x10001432c <+4>:  stp    x22, x21, [sp, #0x10]
    0x100014330 <+8>:  stp    x20, x19, [sp, #0x20]
    0x100014334 <+12>: stp    x29, x30, [sp, #0x30]
Target 0: (H90 Control) stopped.
(lldb) continue
Process 7662 resuming
Process 7662 stopped
* thread #7, stop reason = breakpoint 2.1
    frame #0: 0x0000000100014328 H90 Control`___lldb_unnamed_symbol866
H90 Control`___lldb_unnamed_symbol866:
->  0x100014328 <+0>:  stp    d9, d8, [sp, #-0x40]!
    0x10001432c <+4>:  stp    x22, x21, [sp, #0x10]
    0x100014330 <+8>:  stp    x20, x19, [sp, #0x20]
    0x100014334 <+12>: stp    x29, x30, [sp, #0x30]
Target 0: (H90 Control) stopped.
(lldb) continue
Process 7662 resuming
Process 7662 stopped
* thread #7, stop reason = breakpoint 2.1
    frame #0: 0x0000000100014328 H90 Control`___lldb_unnamed_symbol866
H90 Control`___lldb_unnamed_symbol866:
->  0x100014328 <+0>:  stp    d9, d8, [sp, #-0x40]!
    0x10001432c <+4>:  stp    x22, x21, [sp, #0x10]
    0x100014330 <+8>:  stp    x20, x19, [sp, #0x20]
    0x100014334 <+12>: stp    x29, x30, [sp, #0x30]
Target 0: (H90 Control) stopped.
(lldb) continue
Process 7662 resuming
Process 7662 stopped
* thread #7, stop reason = breakpoint 2.1
    frame #0: 0x0000000100014328 H90 Control`___lldb_unnamed_symbol866
H90 Control`___lldb_unnamed_symbol866:
->  0x100014328 <+0>:  stp    d9, d8, [sp, #-0x40]!
    0x10001432c <+4>:  stp    x22, x21, [sp, #0x10]
    0x100014330 <+8>:  stp    x20, x19, [sp, #0x20]
    0x100014334 <+12>: stp    x29, x30, [sp, #0x30]
Target 0: (H90 Control) stopped.
(lldb) continue
Process 7662 resuming
Process 7662 stopped
* thread #7, stop reason = breakpoint 2.1
    frame #0: 0x0000000100014328 H90 Control`___lldb_unnamed_symbol866
H90 Control`___lldb_unnamed_symbol866:
->  0x100014328 <+0>:  stp    d9, d8, [sp, #-0x40]!
    0x10001432c <+4>:  stp    x22, x21, [sp, #0x10]
    0x100014330 <+8>:  stp    x20, x19, [sp, #0x20]
    0x100014334 <+12>: stp    x29, x30, [sp, #0x30]
Target 0: (H90 Control) stopped.
(lldb) continue
Process 7662 resuming
Process 7662 stopped
* thread #7, stop reason = breakpoint 2.1
    frame #0: 0x0000000100014328 H90 Control`___lldb_unnamed_symbol866
H90 Control`___lldb_unnamed_symbol866:
->  0x100014328 <+0>:  stp    d9, d8, [sp, #-0x40]!
    0x10001432c <+4>:  stp    x22, x21, [sp, #0x10]
    0x100014330 <+8>:  stp    x20, x19, [sp, #0x20]
    0x100014334 <+12>: stp    x29, x30, [sp, #0x30]
Target 0: (H90 Control) stopped.
(lldb) continue
Process 7662 resuming
Process 7662 stopped
* thread #7, stop reason = breakpoint 2.1
    frame #0: 0x0000000100014328 H90 Control`___lldb_unnamed_symbol866
H90 Control`___lldb_unnamed_symbol866:
->  0x100014328 <+0>:  stp    d9, d8, [sp, #-0x40]!
    0x10001432c <+4>:  stp    x22, x21, [sp, #0x10]
    0x100014330 <+8>:  stp    x20, x19, [sp, #0x20]
    0x100014334 <+12>: stp    x29, x30, [sp, #0x30]
Target 0: (H90 Control) stopped.
(lldb) continue
Process 7662 resuming
Process 7662 stopped
* thread #7, stop reason = breakpoint 2.1
    frame #0: 0x0000000100014328 H90 Control`___lldb_unnamed_symbol866
H90 Control`___lldb_unnamed_symbol866:
->  0x100014328 <+0>:  stp    d9, d8, [sp, #-0x40]!
    0x10001432c <+4>:  stp    x22, x21, [sp, #0x10]
    0x100014330 <+8>:  stp    x20, x19, [sp, #0x20]
    0x100014334 <+12>: stp    x29, x30, [sp, #0x30]
Target 0: (H90 Control) stopped.
(lldb) continue
Process 7662 resuming
Process 7662 stopped
* thread #17, name = 'ThreadWithProgressView', stop reason = breakpoint 1.1
    frame #0: 0x000000010001336c H90 Control`___lldb_unnamed_symbol857 + 704
H90 Control`___lldb_unnamed_symbol857:
->  0x10001336c <+704>: bl     0x100477330               ; symbol stub for: MIDISendEventList
    0x100013370 <+708>: b      0x100013380               ; <+724>
    0x100013374 <+712>: mov    x0, x1
    0x100013378 <+716>: mov    x1, x2
Target 0: (H90 Control) stopped.
(lldb) script print("==BP=1 n=6==")
script print("SEND")
expr -- (*(unsigned int*)($x2 + 16)) & 0xffff
==BP=1 n=6==
(lldb) continue
SEND
(lldb) (unsigned int) $5 = 16
(lldb) Process 7662 resuming
Process 7662 stopped
* thread #7, stop reason = breakpoint 2.1
    frame #0: 0x0000000100014328 H90 Control`___lldb_unnamed_symbol866
H90 Control`___lldb_unnamed_symbol866:
->  0x100014328 <+0>:  stp    d9, d8, [sp, #-0x40]!
    0x10001432c <+4>:  stp    x22, x21, [sp, #0x10]
    0x100014330 <+8>:  stp    x20, x19, [sp, #0x20]
    0x100014334 <+12>: stp    x29, x30, [sp, #0x30]
Target 0: (H90 Control) stopped.
(lldb) continue
Process 7662 resuming
Process 7662 stopped
* thread #7, stop reason = breakpoint 2.1
    frame #0: 0x0000000100014328 H90 Control`___lldb_unnamed_symbol866
H90 Control`___lldb_unnamed_symbol866:
->  0x100014328 <+0>:  stp    d9, d8, [sp, #-0x40]!
    0x10001432c <+4>:  stp    x22, x21, [sp, #0x10]
    0x100014330 <+8>:  stp    x20, x19, [sp, #0x20]
    0x100014334 <+12>: stp    x29, x30, [sp, #0x30]
Target 0: (H90 Control) stopped.
(lldb) continue
Process 7662 resuming
Process 7662 stopped
* thread #7, stop reason = breakpoint 2.1
    frame #0: 0x0000000100014328 H90 Control`___lldb_unnamed_symbol866
H90 Control`___lldb_unnamed_symbol866:
->  0x100014328 <+0>:  stp    d9, d8, [sp, #-0x40]!
    0x10001432c <+4>:  stp    x22, x21, [sp, #0x10]
    0x100014330 <+8>:  stp    x20, x19, [sp, #0x20]
    0x100014334 <+12>: stp    x29, x30, [sp, #0x30]
Target 0: (H90 Control) stopped.
(lldb) continue
Process 7662 resuming
Process 7662 stopped
* thread #7, stop reason = breakpoint 2.1
    frame #0: 0x0000000100014328 H90 Control`___lldb_unnamed_symbol866
H90 Control`___lldb_unnamed_symbol866:
->  0x100014328 <+0>:  stp    d9, d8, [sp, #-0x40]!
    0x10001432c <+4>:  stp    x22, x21, [sp, #0x10]
    0x100014330 <+8>:  stp    x20, x19, [sp, #0x20]
    0x100014334 <+12>: stp    x29, x30, [sp, #0x30]
Target 0: (H90 Control) stopped.
(lldb) continue
Process 7662 resuming
Process 7662 stopped
* thread #7, stop reason = breakpoint 2.1
    frame #0: 0x0000000100014328 H90 Control`___lldb_unnamed_symbol866
H90 Control`___lldb_unnamed_symbol866:
->  0x100014328 <+0>:  stp    d9, d8, [sp, #-0x40]!
    0x10001432c <+4>:  stp    x22, x21, [sp, #0x10]
    0x100014330 <+8>:  stp    x20, x19, [sp, #0x20]
    0x100014334 <+12>: stp    x29, x30, [sp, #0x30]
Target 0: (H90 Control) stopped.
(lldb) continue
Process 7662 resuming
Process 7662 stopped
* thread #7, stop reason = breakpoint 2.1
    frame #0: 0x0000000100014328 H90 Control`___lldb_unnamed_symbol866
H90 Control`___lldb_unnamed_symbol866:
->  0x100014328 <+0>:  stp    d9, d8, [sp, #-0x40]!
    0x10001432c <+4>:  stp    x22, x21, [sp, #0x10]
    0x100014330 <+8>:  stp    x20, x19, [sp, #0x20]
    0x100014334 <+12>: stp    x29, x30, [sp, #0x30]
Target 0: (H90 Control) stopped.
(lldb) continue
Process 7662 resuming
Process 7662 stopped
* thread #7, stop reason = breakpoint 2.1
    frame #0: 0x0000000100014328 H90 Control`___lldb_unnamed_symbol866
H90 Control`___lldb_unnamed_symbol866:
->  0x100014328 <+0>:  stp    d9, d8, [sp, #-0x40]!
    0x10001432c <+4>:  stp    x22, x21, [sp, #0x10]
    0x100014330 <+8>:  stp    x20, x19, [sp, #0x20]
    0x100014334 <+12>: stp    x29, x30, [sp, #0x30]
Target 0: (H90 Control) stopped.
(lldb) continue
Process 7662 resuming
Process 7662 stopped
* thread #7, stop reason = breakpoint 2.1
    frame #0: 0x0000000100014328 H90 Control`___lldb_unnamed_symbol866
H90 Control`___lldb_unnamed_symbol866:
->  0x100014328 <+0>:  stp    d9, d8, [sp, #-0x40]!
    0x10001432c <+4>:  stp    x22, x21, [sp, #0x10]
    0x100014330 <+8>:  stp    x20, x19, [sp, #0x20]
    0x100014334 <+12>: stp    x29, x30, [sp, #0x30]
Target 0: (H90 Control) stopped.
(lldb) continue
Process 7662 resuming
Process 7662 stopped
* thread #7, stop reason = breakpoint 2.1
    frame #0: 0x0000000100014328 H90 Control`___lldb_unnamed_symbol866
H90 Control`___lldb_unnamed_symbol866:
->  0x100014328 <+0>:  stp    d9, d8, [sp, #-0x40]!
    0x10001432c <+4>:  stp    x22, x21, [sp, #0x10]
    0x100014330 <+8>:  stp    x20, x19, [sp, #0x20]
    0x100014334 <+12>: stp    x29, x30, [sp, #0x30]
Target 0: (H90 Control) stopped.
(lldb) continue
Process 7662 resuming
Process 7662 stopped
* thread #7, stop reason = breakpoint 2.1
    frame #0: 0x0000000100014328 H90 Control`___lldb_unnamed_symbol866
H90 Control`___lldb_unnamed_symbol866:
->  0x100014328 <+0>:  stp    d9, d8, [sp, #-0x40]!
    0x10001432c <+4>:  stp    x22, x21, [sp, #0x10]
    0x100014330 <+8>:  stp    x20, x19, [sp, #0x20]
    0x100014334 <+12>: stp    x29, x30, [sp, #0x30]
Target 0: (H90 Control) stopped.
(lldb) continue
Process 7662 resuming
Process 7662 stopped
* thread #7, stop reason = breakpoint 2.1
    frame #0: 0x0000000100014328 H90 Control`___lldb_unnamed_symbol866
H90 Control`___lldb_unnamed_symbol866:
->  0x100014328 <+0>:  stp    d9, d8, [sp, #-0x40]!
    0x10001432c <+4>:  stp    x22, x21, [sp, #0x10]
    0x100014330 <+8>:  stp    x20, x19, [sp, #0x20]
    0x100014334 <+12>: stp    x29, x30, [sp, #0x30]
Target 0: (H90 Control) stopped.
(lldb) continue
Process 7662 resuming
Process 7662 stopped
* thread #7, stop reason = breakpoint 2.1
    frame #0: 0x0000000100014328 H90 Control`___lldb_unnamed_symbol866
H90 Control`___lldb_unnamed_symbol866:
->  0x100014328 <+0>:  stp    d9, d8, [sp, #-0x40]!
    0x10001432c <+4>:  stp    x22, x21, [sp, #0x10]
    0x100014330 <+8>:  stp    x20, x19, [sp, #0x20]
    0x100014334 <+12>: stp    x29, x30, [sp, #0x30]
Target 0: (H90 Control) stopped.
(lldb) continue
Process 7662 resuming
Process 7662 stopped
* thread #7, stop reason = breakpoint 2.1
    frame #0: 0x0000000100014328 H90 Control`___lldb_unnamed_symbol866
H90 Control`___lldb_unnamed_symbol866:
->  0x100014328 <+0>:  stp    d9, d8, [sp, #-0x40]!
    0x10001432c <+4>:  stp    x22, x21, [sp, #0x10]
    0x100014330 <+8>:  stp    x20, x19, [sp, #0x20]
    0x100014334 <+12>: stp    x29, x30, [sp, #0x30]
Target 0: (H90 Control) stopped.
(lldb) continue
Process 7662 resuming
Process 7662 stopped
* thread #7, stop reason = breakpoint 2.1
    frame #0: 0x0000000100014328 H90 Control`___lldb_unnamed_symbol866
H90 Control`___lldb_unnamed_symbol866:
->  0x100014328 <+0>:  stp    d9, d8, [sp, #-0x40]!
    0x10001432c <+4>:  stp    x22, x21, [sp, #0x10]
    0x100014330 <+8>:  stp    x20, x19, [sp, #0x20]
    0x100014334 <+12>: stp    x29, x30, [sp, #0x30]
Target 0: (H90 Control) stopped.
(lldb) continue
Process 7662 resuming
Process 7662 stopped
* thread #7, stop reason = breakpoint 2.1
    frame #0: 0x0000000100014328 H90 Control`___lldb_unnamed_symbol866
H90 Control`___lldb_unnamed_symbol866:
->  0x100014328 <+0>:  stp    d9, d8, [sp, #-0x40]!
    0x10001432c <+4>:  stp    x22, x21, [sp, #0x10]
    0x100014330 <+8>:  stp    x20, x19, [sp, #0x20]
    0x100014334 <+12>: stp    x29, x30, [sp, #0x30]
Target 0: (H90 Control) stopped.
(lldb) continue
Process 7662 resuming
Process 7662 stopped
* thread #7, stop reason = breakpoint 2.1
    frame #0: 0x0000000100014328 H90 Control`___lldb_unnamed_symbol866
H90 Control`___lldb_unnamed_symbol866:
->  0x100014328 <+0>:  stp    d9, d8, [sp, #-0x40]!
    0x10001432c <+4>:  stp    x22, x21, [sp, #0x10]
    0x100014330 <+8>:  stp    x20, x19, [sp, #0x20]
    0x100014334 <+12>: stp    x29, x30, [sp, #0x30]
Target 0: (H90 Control) stopped.
(lldb) continue
Process 7662 resuming
Process 7662 stopped
* thread #7, stop reason = breakpoint 2.1
    frame #0: 0x0000000100014328 H90 Control`___lldb_unnamed_symbol866
H90 Control`___lldb_unnamed_symbol866:
->  0x100014328 <+0>:  stp    d9, d8, [sp, #-0x40]!
    0x10001432c <+4>:  stp    x22, x21, [sp, #0x10]
    0x100014330 <+8>:  stp    x20, x19, [sp, #0x20]
    0x100014334 <+12>: stp    x29, x30, [sp, #0x30]
Target 0: (H90 Control) stopped.
(lldb) continue
Process 7662 resuming
Process 7662 stopped
* thread #7, stop reason = breakpoint 2.1
    frame #0: 0x0000000100014328 H90 Control`___lldb_unnamed_symbol866
H90 Control`___lldb_unnamed_symbol866:
->  0x100014328 <+0>:  stp    d9, d8, [sp, #-0x40]!
    0x10001432c <+4>:  stp    x22, x21, [sp, #0x10]
    0x100014330 <+8>:  stp    x20, x19, [sp, #0x20]
    0x100014334 <+12>: stp    x29, x30, [sp, #0x30]
Target 0: (H90 Control) stopped.
(lldb) continue
Process 7662 resuming
Process 7662 stopped
* thread #17, name = 'ThreadWithProgressView', stop reason = breakpoint 1.1
    frame #0: 0x000000010001336c H90 Control`___lldb_unnamed_symbol857 + 704
H90 Control`___lldb_unnamed_symbol857:
->  0x10001336c <+704>: bl     0x100477330               ; symbol stub for: MIDISendEventList
    0x100013370 <+708>: b      0x100013380               ; <+724>
    0x100013374 <+712>: mov    x0, x1
    0x100013378 <+716>: mov    x1, x2
Target 0: (H90 Control) stopped.
(lldb) script print("==BP=1 n=7==")
script print("SEND")
expr -- (*(unsigned int*)($x2 + 16)) & 0xffff
==BP=1 n=7==
(lldb) continue
SEND
(lldb) (unsigned int) $6 = 16
(lldb) Process 7662 resuming
Process 7662 stopped
* thread #7, stop reason = breakpoint 2.1
    frame #0: 0x0000000100014328 H90 Control`___lldb_unnamed_symbol866
H90 Control`___lldb_unnamed_symbol866:
->  0x100014328 <+0>:  stp    d9, d8, [sp, #-0x40]!
    0x10001432c <+4>:  stp    x22, x21, [sp, #0x10]
    0x100014330 <+8>:  stp    x20, x19, [sp, #0x20]
    0x100014334 <+12>: stp    x29, x30, [sp, #0x30]
Target 0: (H90 Control) stopped.
(lldb) continue
Process 7662 resuming
Process 7662 stopped
* thread #7, stop reason = breakpoint 2.1
    frame #0: 0x0000000100014328 H90 Control`___lldb_unnamed_symbol866
H90 Control`___lldb_unnamed_symbol866:
->  0x100014328 <+0>:  stp    d9, d8, [sp, #-0x40]!
    0x10001432c <+4>:  stp    x22, x21, [sp, #0x10]
    0x100014330 <+8>:  stp    x20, x19, [sp, #0x20]
    0x100014334 <+12>: stp    x29, x30, [sp, #0x30]
Target 0: (H90 Control) stopped.
(lldb) continue
Process 7662 resuming
Process 7662 stopped
* thread #17, name = 'ThreadWithProgressView', stop reason = breakpoint 1.1
    frame #0: 0x000000010001336c H90 Control`___lldb_unnamed_symbol857 + 704
H90 Control`___lldb_unnamed_symbol857:
->  0x10001336c <+704>: bl     0x100477330               ; symbol stub for: MIDISendEventList
    0x100013370 <+708>: b      0x100013380               ; <+724>
    0x100013374 <+712>: mov    x0, x1
    0x100013378 <+716>: mov    x1, x2
Target 0: (H90 Control) stopped.
(lldb) script print("==BP=1 n=8==")
script print("SEND")
expr -- (*(unsigned int*)($x2 + 16)) & 0xffff
==BP=1 n=8==
(lldb) continue
SEND
(lldb) (unsigned int) $7 = 16
(lldb) Process 7662 resuming
Process 7662 stopped
* thread #7, stop reason = breakpoint 2.1
    frame #0: 0x0000000100014328 H90 Control`___lldb_unnamed_symbol866
H90 Control`___lldb_unnamed_symbol866:
->  0x100014328 <+0>:  stp    d9, d8, [sp, #-0x40]!
    0x10001432c <+4>:  stp    x22, x21, [sp, #0x10]
    0x100014330 <+8>:  stp    x20, x19, [sp, #0x20]
    0x100014334 <+12>: stp    x29, x30, [sp, #0x30]
Target 0: (H90 Control) stopped.
(lldb) continue
Process 7662 resuming
Process 7662 stopped
* thread #17, name = 'ThreadWithProgressView', stop reason = breakpoint 1.1
    frame #0: 0x000000010001336c H90 Control`___lldb_unnamed_symbol857 + 704
H90 Control`___lldb_unnamed_symbol857:
->  0x10001336c <+704>: bl     0x100477330               ; symbol stub for: MIDISendEventList
    0x100013370 <+708>: b      0x100013380               ; <+724>
    0x100013374 <+712>: mov    x0, x1
    0x100013378 <+716>: mov    x1, x2
Target 0: (H90 Control) stopped.
(lldb) script print("==BP=1 n=9==")
script print("SEND")
expr -- (*(unsigned int*)($x2 + 16)) & 0xffff
==BP=1 n=9==
(lldb) continue
SEND
(lldb) (unsigned int) $8 = 18
(lldb) Process 7662 resuming
Process 7662 stopped
* thread #7, stop reason = breakpoint 2.1
    frame #0: 0x0000000100014328 H90 Control`___lldb_unnamed_symbol866
H90 Control`___lldb_unnamed_symbol866:
->  0x100014328 <+0>:  stp    d9, d8, [sp, #-0x40]!
    0x10001432c <+4>:  stp    x22, x21, [sp, #0x10]
    0x100014330 <+8>:  stp    x20, x19, [sp, #0x20]
    0x100014334 <+12>: stp    x29, x30, [sp, #0x30]
Target 0: (H90 Control) stopped.
(lldb) continue
Process 7662 resuming
Process 7662 stopped
* thread #7, stop reason = breakpoint 2.1
    frame #0: 0x0000000100014328 H90 Control`___lldb_unnamed_symbol866
H90 Control`___lldb_unnamed_symbol866:
->  0x100014328 <+0>:  stp    d9, d8, [sp, #-0x40]!
    0x10001432c <+4>:  stp    x22, x21, [sp, #0x10]
    0x100014330 <+8>:  stp    x20, x19, [sp, #0x20]
    0x100014334 <+12>: stp    x29, x30, [sp, #0x30]
Target 0: (H90 Control) stopped.
(lldb) continue
Process 7662 resuming
Process 7662 stopped
* thread #7, stop reason = breakpoint 2.1
    frame #0: 0x0000000100014328 H90 Control`___lldb_unnamed_symbol866
H90 Control`___lldb_unnamed_symbol866:
->  0x100014328 <+0>:  stp    d9, d8, [sp, #-0x40]!
    0x10001432c <+4>:  stp    x22, x21, [sp, #0x10]
    0x100014330 <+8>:  stp    x20, x19, [sp, #0x20]
    0x100014334 <+12>: stp    x29, x30, [sp, #0x30]
Target 0: (H90 Control) stopped.
(lldb) continue
Process 7662 resuming
Process 7662 stopped
* thread #7, stop reason = breakpoint 2.1
    frame #0: 0x0000000100014328 H90 Control`___lldb_unnamed_symbol866
H90 Control`___lldb_unnamed_symbol866:
->  0x100014328 <+0>:  stp    d9, d8, [sp, #-0x40]!
    0x10001432c <+4>:  stp    x22, x21, [sp, #0x10]
    0x100014330 <+8>:  stp    x20, x19, [sp, #0x20]
    0x100014334 <+12>: stp    x29, x30, [sp, #0x30]
Target 0: (H90 Control) stopped.
(lldb) continue
Process 7662 resuming
Process 7662 stopped
* thread #7, stop reason = breakpoint 2.1
    frame #0: 0x0000000100014328 H90 Control`___lldb_unnamed_symbol866
H90 Control`___lldb_unnamed_symbol866:
->  0x100014328 <+0>:  stp    d9, d8, [sp, #-0x40]!
    0x10001432c <+4>:  stp    x22, x21, [sp, #0x10]
    0x100014330 <+8>:  stp    x20, x19, [sp, #0x20]
    0x100014334 <+12>: stp    x29, x30, [sp, #0x30]
Target 0: (H90 Control) stopped.
(lldb) continue
Process 7662 resuming
Process 7662 stopped
* thread #7, stop reason = breakpoint 2.1
    frame #0: 0x0000000100014328 H90 Control`___lldb_unnamed_symbol866
H90 Control`___lldb_unnamed_symbol866:
->  0x100014328 <+0>:  stp    d9, d8, [sp, #-0x40]!
    0x10001432c <+4>:  stp    x22, x21, [sp, #0x10]
    0x100014330 <+8>:  stp    x20, x19, [sp, #0x20]
    0x100014334 <+12>: stp    x29, x30, [sp, #0x30]
Target 0: (H90 Control) stopped.
(lldb) continue
Process 7662 resuming
Process 7662 stopped
* thread #7, stop reason = breakpoint 2.1
    frame #0: 0x0000000100014328 H90 Control`___lldb_unnamed_symbol866
H90 Control`___lldb_unnamed_symbol866:
->  0x100014328 <+0>:  stp    d9, d8, [sp, #-0x40]!
    0x10001432c <+4>:  stp    x22, x21, [sp, #0x10]
    0x100014330 <+8>:  stp    x20, x19, [sp, #0x20]
    0x100014334 <+12>: stp    x29, x30, [sp, #0x30]
Target 0: (H90 Control) stopped.
(lldb) continue
Process 7662 resuming
Process 7662 stopped
* thread #7, stop reason = breakpoint 2.1
    frame #0: 0x0000000100014328 H90 Control`___lldb_unnamed_symbol866
H90 Control`___lldb_unnamed_symbol866:
->  0x100014328 <+0>:  stp    d9, d8, [sp, #-0x40]!
    0x10001432c <+4>:  stp    x22, x21, [sp, #0x10]
    0x100014330 <+8>:  stp    x20, x19, [sp, #0x20]
    0x100014334 <+12>: stp    x29, x30, [sp, #0x30]
Target 0: (H90 Control) stopped.
(lldb) continue
Process 7662 resuming
Process 7662 stopped
* thread #7, stop reason = breakpoint 2.1
    frame #0: 0x0000000100014328 H90 Control`___lldb_unnamed_symbol866
H90 Control`___lldb_unnamed_symbol866:
->  0x100014328 <+0>:  stp    d9, d8, [sp, #-0x40]!
    0x10001432c <+4>:  stp    x22, x21, [sp, #0x10]
    0x100014330 <+8>:  stp    x20, x19, [sp, #0x20]
    0x100014334 <+12>: stp    x29, x30, [sp, #0x30]
Target 0: (H90 Control) stopped.
(lldb) continue
Process 7662 resuming
Process 7662 stopped
* thread #7, stop reason = breakpoint 2.1
    frame #0: 0x0000000100014328 H90 Control`___lldb_unnamed_symbol866
H90 Control`___lldb_unnamed_symbol866:
->  0x100014328 <+0>:  stp    d9, d8, [sp, #-0x40]!
    0x10001432c <+4>:  stp    x22, x21, [sp, #0x10]
    0x100014330 <+8>:  stp    x20, x19, [sp, #0x20]
    0x100014334 <+12>: stp    x29, x30, [sp, #0x30]
Target 0: (H90 Control) stopped.
(lldb) continue
Process 7662 resuming
Process 7662 stopped
* thread #7, stop reason = breakpoint 2.1
    frame #0: 0x0000000100014328 H90 Control`___lldb_unnamed_symbol866
H90 Control`___lldb_unnamed_symbol866:
->  0x100014328 <+0>:  stp    d9, d8, [sp, #-0x40]!
    0x10001432c <+4>:  stp    x22, x21, [sp, #0x10]
    0x100014330 <+8>:  stp    x20, x19, [sp, #0x20]
    0x100014334 <+12>: stp    x29, x30, [sp, #0x30]
Target 0: (H90 Control) stopped.
(lldb) continue
Process 7662 resuming
Process 7662 stopped
* thread #7, stop reason = breakpoint 2.1
    frame #0: 0x0000000100014328 H90 Control`___lldb_unnamed_symbol866
H90 Control`___lldb_unnamed_symbol866:
->  0x100014328 <+0>:  stp    d9, d8, [sp, #-0x40]!
    0x10001432c <+4>:  stp    x22, x21, [sp, #0x10]
    0x100014330 <+8>:  stp    x20, x19, [sp, #0x20]
    0x100014334 <+12>: stp    x29, x30, [sp, #0x30]
Target 0: (H90 Control) stopped.
(lldb) continue
Process 7662 resuming
Process 7662 stopped
* thread #7, stop reason = breakpoint 2.1
    frame #0: 0x0000000100014328 H90 Control`___lldb_unnamed_symbol866
H90 Control`___lldb_unnamed_symbol866:
->  0x100014328 <+0>:  stp    d9, d8, [sp, #-0x40]!
    0x10001432c <+4>:  stp    x22, x21, [sp, #0x10]
    0x100014330 <+8>:  stp    x20, x19, [sp, #0x20]
    0x100014334 <+12>: stp    x29, x30, [sp, #0x30]
Target 0: (H90 Control) stopped.
(lldb) continue
Process 7662 resuming
Process 7662 stopped
* thread #7, stop reason = breakpoint 2.1
    frame #0: 0x0000000100014328 H90 Control`___lldb_unnamed_symbol866
H90 Control`___lldb_unnamed_symbol866:
->  0x100014328 <+0>:  stp    d9, d8, [sp, #-0x40]!
    0x10001432c <+4>:  stp    x22, x21, [sp, #0x10]
    0x100014330 <+8>:  stp    x20, x19, [sp, #0x20]
    0x100014334 <+12>: stp    x29, x30, [sp, #0x30]
Target 0: (H90 Control) stopped.
(lldb) continue
Process 7662 resuming
Process 7662 stopped
* thread #7, stop reason = breakpoint 2.1
    frame #0: 0x0000000100014328 H90 Control`___lldb_unnamed_symbol866
H90 Control`___lldb_unnamed_symbol866:
->  0x100014328 <+0>:  stp    d9, d8, [sp, #-0x40]!
    0x10001432c <+4>:  stp    x22, x21, [sp, #0x10]
    0x100014330 <+8>:  stp    x20, x19, [sp, #0x20]
    0x100014334 <+12>: stp    x29, x30, [sp, #0x30]
Target 0: (H90 Control) stopped.
(lldb) continue
Process 7662 resuming
Process 7662 stopped
* thread #7, stop reason = breakpoint 2.1
    frame #0: 0x0000000100014328 H90 Control`___lldb_unnamed_symbol866
H90 Control`___lldb_unnamed_symbol866:
->  0x100014328 <+0>:  stp    d9, d8, [sp, #-0x40]!
    0x10001432c <+4>:  stp    x22, x21, [sp, #0x10]
    0x100014330 <+8>:  stp    x20, x19, [sp, #0x20]
    0x100014334 <+12>: stp    x29, x30, [sp, #0x30]
Target 0: (H90 Control) stopped.
(lldb) continue
Process 7662 resuming
Process 7662 stopped
* thread #7, stop reason = breakpoint 2.1
    frame #0: 0x0000000100014328 H90 Control`___lldb_unnamed_symbol866
H90 Control`___lldb_unnamed_symbol866:
->  0x100014328 <+0>:  stp    d9, d8, [sp, #-0x40]!
    0x10001432c <+4>:  stp    x22, x21, [sp, #0x10]
    0x100014330 <+8>:  stp    x20, x19, [sp, #0x20]
    0x100014334 <+12>: stp    x29, x30, [sp, #0x30]
Target 0: (H90 Control) stopped.
(lldb) continue
Process 7662 resuming
Process 7662 stopped
* thread #7, stop reason = breakpoint 2.1
    frame #0: 0x0000000100014328 H90 Control`___lldb_unnamed_symbol866
H90 Control`___lldb_unnamed_symbol866:
->  0x100014328 <+0>:  stp    d9, d8, [sp, #-0x40]!
    0x10001432c <+4>:  stp    x22, x21, [sp, #0x10]
    0x100014330 <+8>:  stp    x20, x19, [sp, #0x20]
    0x100014334 <+12>: stp    x29, x30, [sp, #0x30]
Target 0: (H90 Control) stopped.
(lldb) continue
Process 7662 resuming
Process 7662 stopped
* thread #7, stop reason = breakpoint 2.1
    frame #0: 0x0000000100014328 H90 Control`___lldb_unnamed_symbol866
H90 Control`___lldb_unnamed_symbol866:
->  0x100014328 <+0>:  stp    d9, d8, [sp, #-0x40]!
    0x10001432c <+4>:  stp    x22, x21, [sp, #0x10]
    0x100014330 <+8>:  stp    x20, x19, [sp, #0x20]
    0x100014334 <+12>: stp    x29, x30, [sp, #0x30]
Target 0: (H90 Control) stopped.
(lldb) continue
Process 7662 resuming
Process 7662 stopped
* thread #7, stop reason = breakpoint 2.1
    frame #0: 0x0000000100014328 H90 Control`___lldb_unnamed_symbol866
H90 Control`___lldb_unnamed_symbol866:
->  0x100014328 <+0>:  stp    d9, d8, [sp, #-0x40]!
    0x10001432c <+4>:  stp    x22, x21, [sp, #0x10]
    0x100014330 <+8>:  stp    x20, x19, [sp, #0x20]
    0x100014334 <+12>: stp    x29, x30, [sp, #0x30]
Target 0: (H90 Control) stopped.
(lldb) continue
Process 7662 resuming
Process 7662 stopped
* thread #7, stop reason = breakpoint 2.1
    frame #0: 0x0000000100014328 H90 Control`___lldb_unnamed_symbol866
H90 Control`___lldb_unnamed_symbol866:
->  0x100014328 <+0>:  stp    d9, d8, [sp, #-0x40]!
    0x10001432c <+4>:  stp    x22, x21, [sp, #0x10]
    0x100014330 <+8>:  stp    x20, x19, [sp, #0x20]
    0x100014334 <+12>: stp    x29, x30, [sp, #0x30]
Target 0: (H90 Control) stopped.
(lldb) continue
Process 7662 resuming
Process 7662 stopped
* thread #7, stop reason = breakpoint 2.1
    frame #0: 0x0000000100014328 H90 Control`___lldb_unnamed_symbol866
H90 Control`___lldb_unnamed_symbol866:
->  0x100014328 <+0>:  stp    d9, d8, [sp, #-0x40]!
    0x10001432c <+4>:  stp    x22, x21, [sp, #0x10]
    0x100014330 <+8>:  stp    x20, x19, [sp, #0x20]
    0x100014334 <+12>: stp    x29, x30, [sp, #0x30]
Target 0: (H90 Control) stopped.
(lldb) continue
Process 7662 resuming
Process 7662 stopped
* thread #7, stop reason = breakpoint 2.1
    frame #0: 0x0000000100014328 H90 Control`___lldb_unnamed_symbol866
H90 Control`___lldb_unnamed_symbol866:
->  0x100014328 <+0>:  stp    d9, d8, [sp, #-0x40]!
    0x10001432c <+4>:  stp    x22, x21, [sp, #0x10]
    0x100014330 <+8>:  stp    x20, x19, [sp, #0x20]
    0x100014334 <+12>: stp    x29, x30, [sp, #0x30]
Target 0: (H90 Control) stopped.
(lldb) continue
Process 7662 resuming
Process 7662 stopped
* thread #7, stop reason = breakpoint 2.1
    frame #0: 0x0000000100014328 H90 Control`___lldb_unnamed_symbol866
H90 Control`___lldb_unnamed_symbol866:
->  0x100014328 <+0>:  stp    d9, d8, [sp, #-0x40]!
    0x10001432c <+4>:  stp    x22, x21, [sp, #0x10]
    0x100014330 <+8>:  stp    x20, x19, [sp, #0x20]
    0x100014334 <+12>: stp    x29, x30, [sp, #0x30]
Target 0: (H90 Control) stopped.
(lldb) continue
Process 7662 resuming
Process 7662 stopped
* thread #7, stop reason = breakpoint 2.1
    frame #0: 0x0000000100014328 H90 Control`___lldb_unnamed_symbol866
H90 Control`___lldb_unnamed_symbol866:
->  0x100014328 <+0>:  stp    d9, d8, [sp, #-0x40]!
    0x10001432c <+4>:  stp    x22, x21, [sp, #0x10]
    0x100014330 <+8>:  stp    x20, x19, [sp, #0x20]
    0x100014334 <+12>: stp    x29, x30, [sp, #0x30]
Target 0: (H90 Control) stopped.
(lldb) continue
Process 7662 resuming
Process 7662 stopped
* thread #7, stop reason = breakpoint 2.1
    frame #0: 0x0000000100014328 H90 Control`___lldb_unnamed_symbol866
H90 Control`___lldb_unnamed_symbol866:
->  0x100014328 <+0>:  stp    d9, d8, [sp, #-0x40]!
    0x10001432c <+4>:  stp    x22, x21, [sp, #0x10]
    0x100014330 <+8>:  stp    x20, x19, [sp, #0x20]
    0x100014334 <+12>: stp    x29, x30, [sp, #0x30]
Target 0: (H90 Control) stopped.
(lldb) continue
Process 7662 resuming
Process 7662 stopped
* thread #7, stop reason = breakpoint 2.1
    frame #0: 0x0000000100014328 H90 Control`___lldb_unnamed_symbol866
H90 Control`___lldb_unnamed_symbol866:
->  0x100014328 <+0>:  stp    d9, d8, [sp, #-0x40]!
    0x10001432c <+4>:  stp    x22, x21, [sp, #0x10]
    0x100014330 <+8>:  stp    x20, x19, [sp, #0x20]
    0x100014334 <+12>: stp    x29, x30, [sp, #0x30]
Target 0: (H90 Control) stopped.
(lldb) continue
Process 7662 resuming
Process 7662 stopped
* thread #7, stop reason = breakpoint 2.1
    frame #0: 0x0000000100014328 H90 Control`___lldb_unnamed_symbol866
H90 Control`___lldb_unnamed_symbol866:
->  0x100014328 <+0>:  stp    d9, d8, [sp, #-0x40]!
    0x10001432c <+4>:  stp    x22, x21, [sp, #0x10]
    0x100014330 <+8>:  stp    x20, x19, [sp, #0x20]
    0x100014334 <+12>: stp    x29, x30, [sp, #0x30]
Target 0: (H90 Control) stopped.
(lldb) continue
Process 7662 resuming
Process 7662 stopped
* thread #7, stop reason = breakpoint 2.1
    frame #0: 0x0000000100014328 H90 Control`___lldb_unnamed_symbol866
H90 Control`___lldb_unnamed_symbol866:
->  0x100014328 <+0>:  stp    d9, d8, [sp, #-0x40]!
    0x10001432c <+4>:  stp    x22, x21, [sp, #0x10]
    0x100014330 <+8>:  stp    x20, x19, [sp, #0x20]
    0x100014334 <+12>: stp    x29, x30, [sp, #0x30]
Target 0: (H90 Control) stopped.
(lldb) continue
Process 7662 resuming
Process 7662 stopped
* thread #7, stop reason = breakpoint 2.1
    frame #0: 0x0000000100014328 H90 Control`___lldb_unnamed_symbol866
H90 Control`___lldb_unnamed_symbol866:
->  0x100014328 <+0>:  stp    d9, d8, [sp, #-0x40]!
    0x10001432c <+4>:  stp    x22, x21, [sp, #0x10]
    0x100014330 <+8>:  stp    x20, x19, [sp, #0x20]
    0x100014334 <+12>: stp    x29, x30, [sp, #0x30]
Target 0: (H90 Control) stopped.
(lldb) continue
Process 7662 resuming
Process 7662 stopped
* thread #7, stop reason = breakpoint 2.1
    frame #0: 0x0000000100014328 H90 Control`___lldb_unnamed_symbol866
H90 Control`___lldb_unnamed_symbol866:
->  0x100014328 <+0>:  stp    d9, d8, [sp, #-0x40]!
    0x10001432c <+4>:  stp    x22, x21, [sp, #0x10]
    0x100014330 <+8>:  stp    x20, x19, [sp, #0x20]
    0x100014334 <+12>: stp    x29, x30, [sp, #0x30]
Target 0: (H90 Control) stopped.
(lldb) continue
Process 7662 resuming
Process 7662 stopped
* thread #7, stop reason = breakpoint 2.1
    frame #0: 0x0000000100014328 H90 Control`___lldb_unnamed_symbol866
H90 Control`___lldb_unnamed_symbol866:
->  0x100014328 <+0>:  stp    d9, d8, [sp, #-0x40]!
    0x10001432c <+4>:  stp    x22, x21, [sp, #0x10]
    0x100014330 <+8>:  stp    x20, x19, [sp, #0x20]
    0x100014334 <+12>: stp    x29, x30, [sp, #0x30]
Target 0: (H90 Control) stopped.
(lldb) continue
Process 7662 resuming
Process 7662 stopped
* thread #7, stop reason = breakpoint 2.1
    frame #0: 0x0000000100014328 H90 Control`___lldb_unnamed_symbol866
H90 Control`___lldb_unnamed_symbol866:
->  0x100014328 <+0>:  stp    d9, d8, [sp, #-0x40]!
    0x10001432c <+4>:  stp    x22, x21, [sp, #0x10]
    0x100014330 <+8>:  stp    x20, x19, [sp, #0x20]
    0x100014334 <+12>: stp    x29, x30, [sp, #0x30]
Target 0: (H90 Control) stopped.
(lldb) continue
Process 7662 resuming
Process 7662 stopped
* thread #7, stop reason = breakpoint 2.1
    frame #0: 0x0000000100014328 H90 Control`___lldb_unnamed_symbol866
H90 Control`___lldb_unnamed_symbol866:
->  0x100014328 <+0>:  stp    d9, d8, [sp, #-0x40]!
    0x10001432c <+4>:  stp    x22, x21, [sp, #0x10]
    0x100014330 <+8>:  stp    x20, x19, [sp, #0x20]
    0x100014334 <+12>: stp    x29, x30, [sp, #0x30]
Target 0: (H90 Control) stopped.
(lldb) continue
Process 7662 resuming
Process 7662 stopped
* thread #7, stop reason = breakpoint 2.1
    frame #0: 0x0000000100014328 H90 Control`___lldb_unnamed_symbol866
H90 Control`___lldb_unnamed_symbol866:
->  0x100014328 <+0>:  stp    d9, d8, [sp, #-0x40]!
    0x10001432c <+4>:  stp    x22, x21, [sp, #0x10]
    0x100014330 <+8>:  stp    x20, x19, [sp, #0x20]
    0x100014334 <+12>: stp    x29, x30, [sp, #0x30]
Target 0: (H90 Control) stopped.
(lldb) continue
Process 7662 resuming
Process 7662 stopped
* thread #7, stop reason = breakpoint 2.1
    frame #0: 0x0000000100014328 H90 Control`___lldb_unnamed_symbol866
H90 Control`___lldb_unnamed_symbol866:
->  0x100014328 <+0>:  stp    d9, d8, [sp, #-0x40]!
    0x10001432c <+4>:  stp    x22, x21, [sp, #0x10]
    0x100014330 <+8>:  stp    x20, x19, [sp, #0x20]
    0x100014334 <+12>: stp    x29, x30, [sp, #0x30]
Target 0: (H90 Control) stopped.
(lldb) continue
Process 7662 resuming
Process 7662 stopped
* thread #7, stop reason = breakpoint 2.1
    frame #0: 0x0000000100014328 H90 Control`___lldb_unnamed_symbol866
H90 Control`___lldb_unnamed_symbol866:
->  0x100014328 <+0>:  stp    d9, d8, [sp, #-0x40]!
    0x10001432c <+4>:  stp    x22, x21, [sp, #0x10]
    0x100014330 <+8>:  stp    x20, x19, [sp, #0x20]
    0x100014334 <+12>: stp    x29, x30, [sp, #0x30]
Target 0: (H90 Control) stopped.
(lldb) continue
Process 7662 resuming
Process 7662 stopped
* thread #7, stop reason = breakpoint 2.1
    frame #0: 0x0000000100014328 H90 Control`___lldb_unnamed_symbol866
H90 Control`___lldb_unnamed_symbol866:
->  0x100014328 <+0>:  stp    d9, d8, [sp, #-0x40]!
    0x10001432c <+4>:  stp    x22, x21, [sp, #0x10]
    0x100014330 <+8>:  stp    x20, x19, [sp, #0x20]
    0x100014334 <+12>: stp    x29, x30, [sp, #0x30]
Target 0: (H90 Control) stopped.
(lldb) continue
Process 7662 resuming
Process 7662 stopped
* thread #7, stop reason = breakpoint 2.1
    frame #0: 0x0000000100014328 H90 Control`___lldb_unnamed_symbol866
H90 Control`___lldb_unnamed_symbol866:
->  0x100014328 <+0>:  stp    d9, d8, [sp, #-0x40]!
    0x10001432c <+4>:  stp    x22, x21, [sp, #0x10]
    0x100014330 <+8>:  stp    x20, x19, [sp, #0x20]
    0x100014334 <+12>: stp    x29, x30, [sp, #0x30]
Target 0: (H90 Control) stopped.
(lldb) continue
Process 7662 resuming
Process 7662 stopped
* thread #7, stop reason = breakpoint 2.1
    frame #0: 0x0000000100014328 H90 Control`___lldb_unnamed_symbol866
H90 Control`___lldb_unnamed_symbol866:
->  0x100014328 <+0>:  stp    d9, d8, [sp, #-0x40]!
    0x10001432c <+4>:  stp    x22, x21, [sp, #0x10]
    0x100014330 <+8>:  stp    x20, x19, [sp, #0x20]
    0x100014334 <+12>: stp    x29, x30, [sp, #0x30]
Target 0: (H90 Control) stopped.
(lldb) continue
Process 7662 resuming
Process 7662 stopped
* thread #7, stop reason = breakpoint 2.1
    frame #0: 0x0000000100014328 H90 Control`___lldb_unnamed_symbol866
H90 Control`___lldb_unnamed_symbol866:
->  0x100014328 <+0>:  stp    d9, d8, [sp, #-0x40]!
    0x10001432c <+4>:  stp    x22, x21, [sp, #0x10]
    0x100014330 <+8>:  stp    x20, x19, [sp, #0x20]
    0x100014334 <+12>: stp    x29, x30, [sp, #0x30]
Target 0: (H90 Control) stopped.
(lldb) continue
Process 7662 resuming
Process 7662 stopped
* thread #7, stop reason = breakpoint 2.1
    frame #0: 0x0000000100014328 H90 Control`___lldb_unnamed_symbol866
H90 Control`___lldb_unnamed_symbol866:
->  0x100014328 <+0>:  stp    d9, d8, [sp, #-0x40]!
    0x10001432c <+4>:  stp    x22, x21, [sp, #0x10]
    0x100014330 <+8>:  stp    x20, x19, [sp, #0x20]
    0x100014334 <+12>: stp    x29, x30, [sp, #0x30]
Target 0: (H90 Control) stopped.
(lldb) continue
Process 7662 resuming
Process 7662 stopped
* thread #7, stop reason = breakpoint 2.1
    frame #0: 0x0000000100014328 H90 Control`___lldb_unnamed_symbol866
H90 Control`___lldb_unnamed_symbol866:
->  0x100014328 <+0>:  stp    d9, d8, [sp, #-0x40]!
    0x10001432c <+4>:  stp    x22, x21, [sp, #0x10]
    0x100014330 <+8>:  stp    x20, x19, [sp, #0x20]
    0x100014334 <+12>: stp    x29, x30, [sp, #0x30]
Target 0: (H90 Control) stopped.
(lldb) continue
Process 7662 resuming
Process 7662 stopped
* thread #7, stop reason = breakpoint 2.1
    frame #0: 0x0000000100014328 H90 Control`___lldb_unnamed_symbol866
H90 Control`___lldb_unnamed_symbol866:
->  0x100014328 <+0>:  stp    d9, d8, [sp, #-0x40]!
    0x10001432c <+4>:  stp    x22, x21, [sp, #0x10]
    0x100014330 <+8>:  stp    x20, x19, [sp, #0x20]
    0x100014334 <+12>: stp    x29, x30, [sp, #0x30]
Target 0: (H90 Control) stopped.
(lldb) continue
Process 7662 resuming
Process 7662 stopped
* thread #7, stop reason = breakpoint 2.1
    frame #0: 0x0000000100014328 H90 Control`___lldb_unnamed_symbol866
H90 Control`___lldb_unnamed_symbol866:
->  0x100014328 <+0>:  stp    d9, d8, [sp, #-0x40]!
    0x10001432c <+4>:  stp    x22, x21, [sp, #0x10]
    0x100014330 <+8>:  stp    x20, x19, [sp, #0x20]
    0x100014334 <+12>: stp    x29, x30, [sp, #0x30]
Target 0: (H90 Control) stopped.
(lldb) continue
Process 7662 resuming
Process 7662 stopped
* thread #7, stop reason = breakpoint 2.1
    frame #0: 0x0000000100014328 H90 Control`___lldb_unnamed_symbol866
H90 Control`___lldb_unnamed_symbol866:
->  0x100014328 <+0>:  stp    d9, d8, [sp, #-0x40]!
    0x10001432c <+4>:  stp    x22, x21, [sp, #0x10]
    0x100014330 <+8>:  stp    x20, x19, [sp, #0x20]
    0x100014334 <+12>: stp    x29, x30, [sp, #0x30]
Target 0: (H90 Control) stopped.
(lldb) continue
Process 7662 resuming
Process 7662 stopped
* thread #7, stop reason = breakpoint 2.1
    frame #0: 0x0000000100014328 H90 Control`___lldb_unnamed_symbol866
H90 Control`___lldb_unnamed_symbol866:
->  0x100014328 <+0>:  stp    d9, d8, [sp, #-0x40]!
    0x10001432c <+4>:  stp    x22, x21, [sp, #0x10]
    0x100014330 <+8>:  stp    x20, x19, [sp, #0x20]
    0x100014334 <+12>: stp    x29, x30, [sp, #0x30]
Target 0: (H90 Control) stopped.
(lldb) continue
Process 7662 resuming
Process 7662 stopped
* thread #7, stop reason = breakpoint 2.1
    frame #0: 0x0000000100014328 H90 Control`___lldb_unnamed_symbol866
H90 Control`___lldb_unnamed_symbol866:
->  0x100014328 <+0>:  stp    d9, d8, [sp, #-0x40]!
    0x10001432c <+4>:  stp    x22, x21, [sp, #0x10]
    0x100014330 <+8>:  stp    x20, x19, [sp, #0x20]
    0x100014334 <+12>: stp    x29, x30, [sp, #0x30]
Target 0: (H90 Control) stopped.
(lldb) continue
Process 7662 resuming
Process 7662 stopped
* thread #7, stop reason = breakpoint 2.1
    frame #0: 0x0000000100014328 H90 Control`___lldb_unnamed_symbol866
H90 Control`___lldb_unnamed_symbol866:
->  0x100014328 <+0>:  stp    d9, d8, [sp, #-0x40]!
    0x10001432c <+4>:  stp    x22, x21, [sp, #0x10]
    0x100014330 <+8>:  stp    x20, x19, [sp, #0x20]
    0x100014334 <+12>: stp    x29, x30, [sp, #0x30]
Target 0: (H90 Control) stopped.
(lldb) continue
Process 7662 resuming
Process 7662 stopped
* thread #7, stop reason = breakpoint 2.1
    frame #0: 0x0000000100014328 H90 Control`___lldb_unnamed_symbol866
H90 Control`___lldb_unnamed_symbol866:
->  0x100014328 <+0>:  stp    d9, d8, [sp, #-0x40]!
    0x10001432c <+4>:  stp    x22, x21, [sp, #0x10]
    0x100014330 <+8>:  stp    x20, x19, [sp, #0x20]
    0x100014334 <+12>: stp    x29, x30, [sp, #0x30]
Target 0: (H90 Control) stopped.
(lldb) continue
Process 7662 resuming
Process 7662 stopped
* thread #7, stop reason = breakpoint 2.1
    frame #0: 0x0000000100014328 H90 Control`___lldb_unnamed_symbol866
H90 Control`___lldb_unnamed_symbol866:
->  0x100014328 <+0>:  stp    d9, d8, [sp, #-0x40]!
    0x10001432c <+4>:  stp    x22, x21, [sp, #0x10]
    0x100014330 <+8>:  stp    x20, x19, [sp, #0x20]
    0x100014334 <+12>: stp    x29, x30, [sp, #0x30]
Target 0: (H90 Control) stopped.
(lldb) continue
Process 7662 resuming
Process 7662 stopped
* thread #7, stop reason = breakpoint 2.1
    frame #0: 0x0000000100014328 H90 Control`___lldb_unnamed_symbol866
H90 Control`___lldb_unnamed_symbol866:
->  0x100014328 <+0>:  stp    d9, d8, [sp, #-0x40]!
    0x10001432c <+4>:  stp    x22, x21, [sp, #0x10]
    0x100014330 <+8>:  stp    x20, x19, [sp, #0x20]
    0x100014334 <+12>: stp    x29, x30, [sp, #0x30]
Target 0: (H90 Control) stopped.
(lldb) continue
Process 7662 resuming
Process 7662 stopped
* thread #7, stop reason = breakpoint 2.1
    frame #0: 0x0000000100014328 H90 Control`___lldb_unnamed_symbol866
H90 Control`___lldb_unnamed_symbol866:
->  0x100014328 <+0>:  stp    d9, d8, [sp, #-0x40]!
    0x10001432c <+4>:  stp    x22, x21, [sp, #0x10]
    0x100014330 <+8>:  stp    x20, x19, [sp, #0x20]
    0x100014334 <+12>: stp    x29, x30, [sp, #0x30]
Target 0: (H90 Control) stopped.
(lldb) continue
Process 7662 resuming
Process 7662 stopped
* thread #7, stop reason = breakpoint 2.1
    frame #0: 0x0000000100014328 H90 Control`___lldb_unnamed_symbol866
H90 Control`___lldb_unnamed_symbol866:
->  0x100014328 <+0>:  stp    d9, d8, [sp, #-0x40]!
    0x10001432c <+4>:  stp    x22, x21, [sp, #0x10]
    0x100014330 <+8>:  stp    x20, x19, [sp, #0x20]
    0x100014334 <+12>: stp    x29, x30, [sp, #0x30]
Target 0: (H90 Control) stopped.
(lldb) continue
Process 7662 resuming
Process 7662 stopped
* thread #7, stop reason = breakpoint 2.1
    frame #0: 0x0000000100014328 H90 Control`___lldb_unnamed_symbol866
H90 Control`___lldb_unnamed_symbol866:
->  0x100014328 <+0>:  stp    d9, d8, [sp, #-0x40]!
    0x10001432c <+4>:  stp    x22, x21, [sp, #0x10]
    0x100014330 <+8>:  stp    x20, x19, [sp, #0x20]
    0x100014334 <+12>: stp    x29, x30, [sp, #0x30]
Target 0: (H90 Control) stopped.
(lldb) continue
Process 7662 resuming
Process 7662 stopped
* thread #7, stop reason = breakpoint 2.1
    frame #0: 0x0000000100014328 H90 Control`___lldb_unnamed_symbol866
H90 Control`___lldb_unnamed_symbol866:
->  0x100014328 <+0>:  stp    d9, d8, [sp, #-0x40]!
    0x10001432c <+4>:  stp    x22, x21, [sp, #0x10]
    0x100014330 <+8>:  stp    x20, x19, [sp, #0x20]
    0x100014334 <+12>: stp    x29, x30, [sp, #0x30]
Target 0: (H90 Control) stopped.
(lldb) continue
Process 7662 resuming
Process 7662 stopped
* thread #7, stop reason = breakpoint 2.1
    frame #0: 0x0000000100014328 H90 Control`___lldb_unnamed_symbol866
H90 Control`___lldb_unnamed_symbol866:
->  0x100014328 <+0>:  stp    d9, d8, [sp, #-0x40]!
    0x10001432c <+4>:  stp    x22, x21, [sp, #0x10]
    0x100014330 <+8>:  stp    x20, x19, [sp, #0x20]
    0x100014334 <+12>: stp    x29, x30, [sp, #0x30]
Target 0: (H90 Control) stopped.
(lldb) continue
Process 7662 resuming
Process 7662 stopped
* thread #7, stop reason = breakpoint 2.1
    frame #0: 0x0000000100014328 H90 Control`___lldb_unnamed_symbol866
H90 Control`___lldb_unnamed_symbol866:
->  0x100014328 <+0>:  stp    d9, d8, [sp, #-0x40]!
    0x10001432c <+4>:  stp    x22, x21, [sp, #0x10]
    0x100014330 <+8>:  stp    x20, x19, [sp, #0x20]
    0x100014334 <+12>: stp    x29, x30, [sp, #0x30]
Target 0: (H90 Control) stopped.
(lldb) continue
Process 7662 resuming
Process 7662 stopped
* thread #7, stop reason = breakpoint 2.1
    frame #0: 0x0000000100014328 H90 Control`___lldb_unnamed_symbol866
H90 Control`___lldb_unnamed_symbol866:
->  0x100014328 <+0>:  stp    d9, d8, [sp, #-0x40]!
    0x10001432c <+4>:  stp    x22, x21, [sp, #0x10]
    0x100014330 <+8>:  stp    x20, x19, [sp, #0x20]
    0x100014334 <+12>: stp    x29, x30, [sp, #0x30]
Target 0: (H90 Control) stopped.
(lldb) continue
Process 7662 resuming
Process 7662 stopped
* thread #7, stop reason = breakpoint 2.1
    frame #0: 0x0000000100014328 H90 Control`___lldb_unnamed_symbol866
H90 Control`___lldb_unnamed_symbol866:
->  0x100014328 <+0>:  stp    d9, d8, [sp, #-0x40]!
    0x10001432c <+4>:  stp    x22, x21, [sp, #0x10]
    0x100014330 <+8>:  stp    x20, x19, [sp, #0x20]
    0x100014334 <+12>: stp    x29, x30, [sp, #0x30]
Target 0: (H90 Control) stopped.
(lldb) continue
Process 7662 resuming
Process 7662 stopped
* thread #7, stop reason = breakpoint 2.1
    frame #0: 0x0000000100014328 H90 Control`___lldb_unnamed_symbol866
H90 Control`___lldb_unnamed_symbol866:
->  0x100014328 <+0>:  stp    d9, d8, [sp, #-0x40]!
    0x10001432c <+4>:  stp    x22, x21, [sp, #0x10]
    0x100014330 <+8>:  stp    x20, x19, [sp, #0x20]
    0x100014334 <+12>: stp    x29, x30, [sp, #0x30]
Target 0: (H90 Control) stopped.
(lldb) continue
Process 7662 resuming
Process 7662 stopped
* thread #7, stop reason = breakpoint 2.1
    frame #0: 0x0000000100014328 H90 Control`___lldb_unnamed_symbol866
H90 Control`___lldb_unnamed_symbol866:
->  0x100014328 <+0>:  stp    d9, d8, [sp, #-0x40]!
    0x10001432c <+4>:  stp    x22, x21, [sp, #0x10]
    0x100014330 <+8>:  stp    x20, x19, [sp, #0x20]
    0x100014334 <+12>: stp    x29, x30, [sp, #0x30]
Target 0: (H90 Control) stopped.
(lldb) continue
Process 7662 resuming
Process 7662 stopped
* thread #7, stop reason = breakpoint 2.1
    frame #0: 0x0000000100014328 H90 Control`___lldb_unnamed_symbol866
H90 Control`___lldb_unnamed_symbol866:
->  0x100014328 <+0>:  stp    d9, d8, [sp, #-0x40]!
    0x10001432c <+4>:  stp    x22, x21, [sp, #0x10]
    0x100014330 <+8>:  stp    x20, x19, [sp, #0x20]
    0x100014334 <+12>: stp    x29, x30, [sp, #0x30]
Target 0: (H90 Control) stopped.
(lldb) continue
Process 7662 resuming
Process 7662 stopped
* thread #7, stop reason = breakpoint 2.1
    frame #0: 0x0000000100014328 H90 Control`___lldb_unnamed_symbol866
H90 Control`___lldb_unnamed_symbol866:
->  0x100014328 <+0>:  stp    d9, d8, [sp, #-0x40]!
    0x10001432c <+4>:  stp    x22, x21, [sp, #0x10]
    0x100014330 <+8>:  stp    x20, x19, [sp, #0x20]
    0x100014334 <+12>: stp    x29, x30, [sp, #0x30]
Target 0: (H90 Control) stopped.
(lldb) continue
Process 7662 resuming
Process 7662 stopped
* thread #7, stop reason = breakpoint 2.1
    frame #0: 0x0000000100014328 H90 Control`___lldb_unnamed_symbol866
H90 Control`___lldb_unnamed_symbol866:
->  0x100014328 <+0>:  stp    d9, d8, [sp, #-0x40]!
    0x10001432c <+4>:  stp    x22, x21, [sp, #0x10]
    0x100014330 <+8>:  stp    x20, x19, [sp, #0x20]
    0x100014334 <+12>: stp    x29, x30, [sp, #0x30]
Target 0: (H90 Control) stopped.
(lldb) continue
Process 7662 resuming
Process 7662 stopped
* thread #7, stop reason = breakpoint 2.1
    frame #0: 0x0000000100014328 H90 Control`___lldb_unnamed_symbol866
H90 Control`___lldb_unnamed_symbol866:
->  0x100014328 <+0>:  stp    d9, d8, [sp, #-0x40]!
    0x10001432c <+4>:  stp    x22, x21, [sp, #0x10]
    0x100014330 <+8>:  stp    x20, x19, [sp, #0x20]
    0x100014334 <+12>: stp    x29, x30, [sp, #0x30]
Target 0: (H90 Control) stopped.
(lldb) continue
Process 7662 resuming
Process 7662 stopped
* thread #7, stop reason = breakpoint 2.1
    frame #0: 0x0000000100014328 H90 Control`___lldb_unnamed_symbol866
H90 Control`___lldb_unnamed_symbol866:
->  0x100014328 <+0>:  stp    d9, d8, [sp, #-0x40]!
    0x10001432c <+4>:  stp    x22, x21, [sp, #0x10]
    0x100014330 <+8>:  stp    x20, x19, [sp, #0x20]
    0x100014334 <+12>: stp    x29, x30, [sp, #0x30]
Target 0: (H90 Control) stopped.
(lldb) continue
Process 7662 resuming
Process 7662 stopped
* thread #7, stop reason = breakpoint 2.1
    frame #0: 0x0000000100014328 H90 Control`___lldb_unnamed_symbol866
H90 Control`___lldb_unnamed_symbol866:
->  0x100014328 <+0>:  stp    d9, d8, [sp, #-0x40]!
    0x10001432c <+4>:  stp    x22, x21, [sp, #0x10]
    0x100014330 <+8>:  stp    x20, x19, [sp, #0x20]
    0x100014334 <+12>: stp    x29, x30, [sp, #0x30]
Target 0: (H90 Control) stopped.
(lldb) continue
Process 7662 resuming
Process 7662 stopped
* thread #7, stop reason = breakpoint 2.1
    frame #0: 0x0000000100014328 H90 Control`___lldb_unnamed_symbol866
H90 Control`___lldb_unnamed_symbol866:
->  0x100014328 <+0>:  stp    d9, d8, [sp, #-0x40]!
    0x10001432c <+4>:  stp    x22, x21, [sp, #0x10]
    0x100014330 <+8>:  stp    x20, x19, [sp, #0x20]
    0x100014334 <+12>: stp    x29, x30, [sp, #0x30]
Target 0: (H90 Control) stopped.
(lldb) continue
Process 7662 resuming
Process 7662 stopped
* thread #7, stop reason = breakpoint 2.1
    frame #0: 0x0000000100014328 H90 Control`___lldb_unnamed_symbol866
H90 Control`___lldb_unnamed_symbol866:
->  0x100014328 <+0>:  stp    d9, d8, [sp, #-0x40]!
    0x10001432c <+4>:  stp    x22, x21, [sp, #0x10]
    0x100014330 <+8>:  stp    x20, x19, [sp, #0x20]
    0x100014334 <+12>: stp    x29, x30, [sp, #0x30]
Target 0: (H90 Control) stopped.
(lldb) continue
Process 7662 resuming
Process 7662 stopped
* thread #7, stop reason = breakpoint 2.1
    frame #0: 0x0000000100014328 H90 Control`___lldb_unnamed_symbol866
H90 Control`___lldb_unnamed_symbol866:
->  0x100014328 <+0>:  stp    d9, d8, [sp, #-0x40]!
    0x10001432c <+4>:  stp    x22, x21, [sp, #0x10]
    0x100014330 <+8>:  stp    x20, x19, [sp, #0x20]
    0x100014334 <+12>: stp    x29, x30, [sp, #0x30]
Target 0: (H90 Control) stopped.
(lldb) continue
Process 7662 resuming
Process 7662 stopped
* thread #7, stop reason = breakpoint 2.1
    frame #0: 0x0000000100014328 H90 Control`___lldb_unnamed_symbol866
H90 Control`___lldb_unnamed_symbol866:
->  0x100014328 <+0>:  stp    d9, d8, [sp, #-0x40]!
    0x10001432c <+4>:  stp    x22, x21, [sp, #0x10]
    0x100014330 <+8>:  stp    x20, x19, [sp, #0x20]
    0x100014334 <+12>: stp    x29, x30, [sp, #0x30]
Target 0: (H90 Control) stopped.
(lldb) continue
Process 7662 resuming
Process 7662 stopped
* thread #7, stop reason = breakpoint 2.1
    frame #0: 0x0000000100014328 H90 Control`___lldb_unnamed_symbol866
H90 Control`___lldb_unnamed_symbol866:
->  0x100014328 <+0>:  stp    d9, d8, [sp, #-0x40]!
    0x10001432c <+4>:  stp    x22, x21, [sp, #0x10]
    0x100014330 <+8>:  stp    x20, x19, [sp, #0x20]
    0x100014334 <+12>: stp    x29, x30, [sp, #0x30]
Target 0: (H90 Control) stopped.
(lldb) continue
Process 7662 resuming
Process 7662 stopped
* thread #7, stop reason = breakpoint 2.1
    frame #0: 0x0000000100014328 H90 Control`___lldb_unnamed_symbol866
H90 Control`___lldb_unnamed_symbol866:
->  0x100014328 <+0>:  stp    d9, d8, [sp, #-0x40]!
    0x10001432c <+4>:  stp    x22, x21, [sp, #0x10]
    0x100014330 <+8>:  stp    x20, x19, [sp, #0x20]
    0x100014334 <+12>: stp    x29, x30, [sp, #0x30]
Target 0: (H90 Control) stopped.
(lldb) continue
Process 7662 resuming
Process 7662 stopped
* thread #7, stop reason = breakpoint 2.1
    frame #0: 0x0000000100014328 H90 Control`___lldb_unnamed_symbol866
H90 Control`___lldb_unnamed_symbol866:
->  0x100014328 <+0>:  stp    d9, d8, [sp, #-0x40]!
    0x10001432c <+4>:  stp    x22, x21, [sp, #0x10]
    0x100014330 <+8>:  stp    x20, x19, [sp, #0x20]
    0x100014334 <+12>: stp    x29, x30, [sp, #0x30]
Target 0: (H90 Control) stopped.
(lldb) continue
Process 7662 resuming
Process 7662 stopped
* thread #17, name = 'ThreadWithProgressView', stop reason = breakpoint 1.1
    frame #0: 0x000000010001336c H90 Control`___lldb_unnamed_symbol857 + 704
H90 Control`___lldb_unnamed_symbol857:
->  0x10001336c <+704>: bl     0x100477330               ; symbol stub for: MIDISendEventList
    0x100013370 <+708>: b      0x100013380               ; <+724>
    0x100013374 <+712>: mov    x0, x1
    0x100013378 <+716>: mov    x1, x2
Target 0: (H90 Control) stopped.
(lldb) script print("==BP=1 n=10==")
script print("SEND")
expr -- (*(unsigned int*)($x2 + 16)) & 0xffff
==BP=1 n=10==
(lldb) continue
SEND
(lldb) (unsigned int) $9 = 16
(lldb) Process 7662 resuming
Process 7662 stopped
* thread #7, stop reason = breakpoint 2.1
    frame #0: 0x0000000100014328 H90 Control`___lldb_unnamed_symbol866
H90 Control`___lldb_unnamed_symbol866:
->  0x100014328 <+0>:  stp    d9, d8, [sp, #-0x40]!
    0x10001432c <+4>:  stp    x22, x21, [sp, #0x10]
    0x100014330 <+8>:  stp    x20, x19, [sp, #0x20]
    0x100014334 <+12>: stp    x29, x30, [sp, #0x30]
Target 0: (H90 Control) stopped.
(lldb) continue
Process 7662 resuming
Process 7662 stopped
* thread #7, stop reason = breakpoint 2.1
    frame #0: 0x0000000100014328 H90 Control`___lldb_unnamed_symbol866
H90 Control`___lldb_unnamed_symbol866:
->  0x100014328 <+0>:  stp    d9, d8, [sp, #-0x40]!
    0x10001432c <+4>:  stp    x22, x21, [sp, #0x10]
    0x100014330 <+8>:  stp    x20, x19, [sp, #0x20]
    0x100014334 <+12>: stp    x29, x30, [sp, #0x30]
Target 0: (H90 Control) stopped.
(lldb) continue
Process 7662 resuming
Process 7662 stopped
* thread #7, stop reason = breakpoint 2.1
    frame #0: 0x0000000100014328 H90 Control`___lldb_unnamed_symbol866
H90 Control`___lldb_unnamed_symbol866:
->  0x100014328 <+0>:  stp    d9, d8, [sp, #-0x40]!
    0x10001432c <+4>:  stp    x22, x21, [sp, #0x10]
    0x100014330 <+8>:  stp    x20, x19, [sp, #0x20]
    0x100014334 <+12>: stp    x29, x30, [sp, #0x30]
Target 0: (H90 Control) stopped.
(lldb) continue
Process 7662 resuming
Process 7662 stopped
* thread #7, stop reason = breakpoint 2.1
    frame #0: 0x0000000100014328 H90 Control`___lldb_unnamed_symbol866
H90 Control`___lldb_unnamed_symbol866:
->  0x100014328 <+0>:  stp    d9, d8, [sp, #-0x40]!
    0x10001432c <+4>:  stp    x22, x21, [sp, #0x10]
    0x100014330 <+8>:  stp    x20, x19, [sp, #0x20]
    0x100014334 <+12>: stp    x29, x30, [sp, #0x30]
Target 0: (H90 Control) stopped.
(lldb) continue
Process 7662 resuming
Process 7662 stopped
* thread #7, stop reason = breakpoint 2.1
    frame #0: 0x0000000100014328 H90 Control`___lldb_unnamed_symbol866
H90 Control`___lldb_unnamed_symbol866:
->  0x100014328 <+0>:  stp    d9, d8, [sp, #-0x40]!
    0x10001432c <+4>:  stp    x22, x21, [sp, #0x10]
    0x100014330 <+8>:  stp    x20, x19, [sp, #0x20]
    0x100014334 <+12>: stp    x29, x30, [sp, #0x30]
Target 0: (H90 Control) stopped.
(lldb) continue
Process 7662 resuming
Process 7662 stopped
* thread #7, stop reason = breakpoint 2.1
    frame #0: 0x0000000100014328 H90 Control`___lldb_unnamed_symbol866
H90 Control`___lldb_unnamed_symbol866:
->  0x100014328 <+0>:  stp    d9, d8, [sp, #-0x40]!
    0x10001432c <+4>:  stp    x22, x21, [sp, #0x10]
    0x100014330 <+8>:  stp    x20, x19, [sp, #0x20]
    0x100014334 <+12>: stp    x29, x30, [sp, #0x30]
Target 0: (H90 Control) stopped.
(lldb) continue
Process 7662 resuming
Process 7662 stopped
* thread #7, stop reason = breakpoint 2.1
    frame #0: 0x0000000100014328 H90 Control`___lldb_unnamed_symbol866
H90 Control`___lldb_unnamed_symbol866:
->  0x100014328 <+0>:  stp    d9, d8, [sp, #-0x40]!
    0x10001432c <+4>:  stp    x22, x21, [sp, #0x10]
    0x100014330 <+8>:  stp    x20, x19, [sp, #0x20]
    0x100014334 <+12>: stp    x29, x30, [sp, #0x30]
Target 0: (H90 Control) stopped.
(lldb) continue
Process 7662 resuming
Process 7662 stopped
* thread #7, stop reason = breakpoint 2.1
    frame #0: 0x0000000100014328 H90 Control`___lldb_unnamed_symbol866
H90 Control`___lldb_unnamed_symbol866:
->  0x100014328 <+0>:  stp    d9, d8, [sp, #-0x40]!
    0x10001432c <+4>:  stp    x22, x21, [sp, #0x10]
    0x100014330 <+8>:  stp    x20, x19, [sp, #0x20]
    0x100014334 <+12>: stp    x29, x30, [sp, #0x30]
Target 0: (H90 Control) stopped.
(lldb) continue
Process 7662 resuming
Process 7662 stopped
* thread #7, stop reason = breakpoint 2.1
    frame #0: 0x0000000100014328 H90 Control`___lldb_unnamed_symbol866
H90 Control`___lldb_unnamed_symbol866:
->  0x100014328 <+0>:  stp    d9, d8, [sp, #-0x40]!
    0x10001432c <+4>:  stp    x22, x21, [sp, #0x10]
    0x100014330 <+8>:  stp    x20, x19, [sp, #0x20]
    0x100014334 <+12>: stp    x29, x30, [sp, #0x30]
Target 0: (H90 Control) stopped.
(lldb) continue
Process 7662 resuming
Process 7662 stopped
* thread #7, stop reason = breakpoint 2.1
    frame #0: 0x0000000100014328 H90 Control`___lldb_unnamed_symbol866
H90 Control`___lldb_unnamed_symbol866:
->  0x100014328 <+0>:  stp    d9, d8, [sp, #-0x40]!
    0x10001432c <+4>:  stp    x22, x21, [sp, #0x10]
    0x100014330 <+8>:  stp    x20, x19, [sp, #0x20]
    0x100014334 <+12>: stp    x29, x30, [sp, #0x30]
Target 0: (H90 Control) stopped.
(lldb) continue
Process 7662 resuming
Process 7662 stopped
* thread #7, stop reason = breakpoint 2.1
    frame #0: 0x0000000100014328 H90 Control`___lldb_unnamed_symbol866
H90 Control`___lldb_unnamed_symbol866:
->  0x100014328 <+0>:  stp    d9, d8, [sp, #-0x40]!
    0x10001432c <+4>:  stp    x22, x21, [sp, #0x10]
    0x100014330 <+8>:  stp    x20, x19, [sp, #0x20]
    0x100014334 <+12>: stp    x29, x30, [sp, #0x30]
Target 0: (H90 Control) stopped.
(lldb) continue
Process 7662 resuming
Process 7662 stopped
* thread #7, stop reason = breakpoint 2.1
    frame #0: 0x0000000100014328 H90 Control`___lldb_unnamed_symbol866
H90 Control`___lldb_unnamed_symbol866:
->  0x100014328 <+0>:  stp    d9, d8, [sp, #-0x40]!
    0x10001432c <+4>:  stp    x22, x21, [sp, #0x10]
    0x100014330 <+8>:  stp    x20, x19, [sp, #0x20]
    0x100014334 <+12>: stp    x29, x30, [sp, #0x30]
Target 0: (H90 Control) stopped.
(lldb) continue
Process 7662 resuming
Process 7662 stopped
* thread #7, stop reason = breakpoint 2.1
    frame #0: 0x0000000100014328 H90 Control`___lldb_unnamed_symbol866
H90 Control`___lldb_unnamed_symbol866:
->  0x100014328 <+0>:  stp    d9, d8, [sp, #-0x40]!
    0x10001432c <+4>:  stp    x22, x21, [sp, #0x10]
    0x100014330 <+8>:  stp    x20, x19, [sp, #0x20]
    0x100014334 <+12>: stp    x29, x30, [sp, #0x30]
Target 0: (H90 Control) stopped.
(lldb) continue
Process 7662 resuming
Process 7662 stopped
* thread #7, stop reason = breakpoint 2.1
    frame #0: 0x0000000100014328 H90 Control`___lldb_unnamed_symbol866
H90 Control`___lldb_unnamed_symbol866:
->  0x100014328 <+0>:  stp    d9, d8, [sp, #-0x40]!
    0x10001432c <+4>:  stp    x22, x21, [sp, #0x10]
    0x100014330 <+8>:  stp    x20, x19, [sp, #0x20]
    0x100014334 <+12>: stp    x29, x30, [sp, #0x30]
Target 0: (H90 Control) stopped.
(lldb) continue
Process 7662 resuming
Process 7662 stopped
* thread #17, name = 'ThreadWithProgressView', stop reason = breakpoint 1.1
    frame #0: 0x000000010001336c H90 Control`___lldb_unnamed_symbol857 + 704
H90 Control`___lldb_unnamed_symbol857:
->  0x10001336c <+704>: bl     0x100477330               ; symbol stub for: MIDISendEventList
    0x100013370 <+708>: b      0x100013380               ; <+724>
    0x100013374 <+712>: mov    x0, x1
    0x100013378 <+716>: mov    x1, x2
Target 0: (H90 Control) stopped.
(lldb) script print("==BP=1 n=11==")
script print("SEND")
expr -- (*(unsigned int*)($x2 + 16)) & 0xffff
==BP=1 n=11==
(lldb) continue
SEND
(lldb) (unsigned int) $10 = 16
(lldb) Process 7662 resuming
Process 7662 stopped
* thread #7, stop reason = breakpoint 2.1
    frame #0: 0x0000000100014328 H90 Control`___lldb_unnamed_symbol866
H90 Control`___lldb_unnamed_symbol866:
->  0x100014328 <+0>:  stp    d9, d8, [sp, #-0x40]!
    0x10001432c <+4>:  stp    x22, x21, [sp, #0x10]
    0x100014330 <+8>:  stp    x20, x19, [sp, #0x20]
    0x100014334 <+12>: stp    x29, x30, [sp, #0x30]
Target 0: (H90 Control) stopped.
(lldb) continue
Process 7662 resuming
Process 7662 stopped
* thread #17, name = 'ThreadWithProgressView', stop reason = breakpoint 1.1
    frame #0: 0x000000010001336c H90 Control`___lldb_unnamed_symbol857 + 704
H90 Control`___lldb_unnamed_symbol857:
->  0x10001336c <+704>: bl     0x100477330               ; symbol stub for: MIDISendEventList
    0x100013370 <+708>: b      0x100013380               ; <+724>
    0x100013374 <+712>: mov    x0, x1
    0x100013378 <+716>: mov    x1, x2
Target 0: (H90 Control) stopped.
(lldb) script print("==BP=1 n=12==")
script print("SEND")
expr -- (*(unsigned int*)($x2 + 16)) & 0xffff
==BP=1 n=12==
(lldb) continue
SEND
(lldb) (unsigned int) $11 = 18
(lldb) Process 7662 resuming
Process 7662 stopped
* thread #7, stop reason = breakpoint 2.1
    frame #0: 0x0000000100014328 H90 Control`___lldb_unnamed_symbol866
H90 Control`___lldb_unnamed_symbol866:
->  0x100014328 <+0>:  stp    d9, d8, [sp, #-0x40]!
    0x10001432c <+4>:  stp    x22, x21, [sp, #0x10]
    0x100014330 <+8>:  stp    x20, x19, [sp, #0x20]
    0x100014334 <+12>: stp    x29, x30, [sp, #0x30]
Target 0: (H90 Control) stopped.
(lldb) continue
Process 7662 resuming
Process 7662 stopped
* thread #7, stop reason = breakpoint 2.1
    frame #0: 0x0000000100014328 H90 Control`___lldb_unnamed_symbol866
H90 Control`___lldb_unnamed_symbol866:
->  0x100014328 <+0>:  stp    d9, d8, [sp, #-0x40]!
    0x10001432c <+4>:  stp    x22, x21, [sp, #0x10]
    0x100014330 <+8>:  stp    x20, x19, [sp, #0x20]
    0x100014334 <+12>: stp    x29, x30, [sp, #0x30]
Target 0: (H90 Control) stopped.
(lldb) continue
Process 7662 resuming
Process 7662 stopped
* thread #7, stop reason = breakpoint 2.1
    frame #0: 0x0000000100014328 H90 Control`___lldb_unnamed_symbol866
H90 Control`___lldb_unnamed_symbol866:
->  0x100014328 <+0>:  stp    d9, d8, [sp, #-0x40]!
    0x10001432c <+4>:  stp    x22, x21, [sp, #0x10]
    0x100014330 <+8>:  stp    x20, x19, [sp, #0x20]
    0x100014334 <+12>: stp    x29, x30, [sp, #0x30]
Target 0: (H90 Control) stopped.
(lldb) continue
Process 7662 resuming
Process 7662 stopped
* thread #7, stop reason = breakpoint 2.1
    frame #0: 0x0000000100014328 H90 Control`___lldb_unnamed_symbol866
H90 Control`___lldb_unnamed_symbol866:
->  0x100014328 <+0>:  stp    d9, d8, [sp, #-0x40]!
    0x10001432c <+4>:  stp    x22, x21, [sp, #0x10]
    0x100014330 <+8>:  stp    x20, x19, [sp, #0x20]
    0x100014334 <+12>: stp    x29, x30, [sp, #0x30]
Target 0: (H90 Control) stopped.
(lldb) continue
Process 7662 resuming
Process 7662 stopped
* thread #7, stop reason = breakpoint 2.1
    frame #0: 0x0000000100014328 H90 Control`___lldb_unnamed_symbol866
H90 Control`___lldb_unnamed_symbol866:
->  0x100014328 <+0>:  stp    d9, d8, [sp, #-0x40]!
    0x10001432c <+4>:  stp    x22, x21, [sp, #0x10]
    0x100014330 <+8>:  stp    x20, x19, [sp, #0x20]
    0x100014334 <+12>: stp    x29, x30, [sp, #0x30]
Target 0: (H90 Control) stopped.
(lldb) continue
Process 7662 resuming
Process 7662 stopped
* thread #7, stop reason = breakpoint 2.1
    frame #0: 0x0000000100014328 H90 Control`___lldb_unnamed_symbol866
H90 Control`___lldb_unnamed_symbol866:
->  0x100014328 <+0>:  stp    d9, d8, [sp, #-0x40]!
    0x10001432c <+4>:  stp    x22, x21, [sp, #0x10]
    0x100014330 <+8>:  stp    x20, x19, [sp, #0x20]
    0x100014334 <+12>: stp    x29, x30, [sp, #0x30]
Target 0: (H90 Control) stopped.
(lldb) continue
Process 7662 resuming
Process 7662 stopped
* thread #7, stop reason = breakpoint 2.1
    frame #0: 0x0000000100014328 H90 Control`___lldb_unnamed_symbol866
H90 Control`___lldb_unnamed_symbol866:
->  0x100014328 <+0>:  stp    d9, d8, [sp, #-0x40]!
    0x10001432c <+4>:  stp    x22, x21, [sp, #0x10]
    0x100014330 <+8>:  stp    x20, x19, [sp, #0x20]
    0x100014334 <+12>: stp    x29, x30, [sp, #0x30]
Target 0: (H90 Control) stopped.
(lldb) continue
Process 7662 resuming
Process 7662 stopped
* thread #7, stop reason = breakpoint 2.1
    frame #0: 0x0000000100014328 H90 Control`___lldb_unnamed_symbol866
H90 Control`___lldb_unnamed_symbol866:
->  0x100014328 <+0>:  stp    d9, d8, [sp, #-0x40]!
    0x10001432c <+4>:  stp    x22, x21, [sp, #0x10]
    0x100014330 <+8>:  stp    x20, x19, [sp, #0x20]
    0x100014334 <+12>: stp    x29, x30, [sp, #0x30]
Target 0: (H90 Control) stopped.
(lldb) continue
Process 7662 resuming
Process 7662 stopped
* thread #7, stop reason = breakpoint 2.1
    frame #0: 0x0000000100014328 H90 Control`___lldb_unnamed_symbol866
H90 Control`___lldb_unnamed_symbol866:
->  0x100014328 <+0>:  stp    d9, d8, [sp, #-0x40]!
    0x10001432c <+4>:  stp    x22, x21, [sp, #0x10]
    0x100014330 <+8>:  stp    x20, x19, [sp, #0x20]
    0x100014334 <+12>: stp    x29, x30, [sp, #0x30]
Target 0: (H90 Control) stopped.
(lldb) continue
Process 7662 resuming
Process 7662 stopped
* thread #7, stop reason = breakpoint 2.1
    frame #0: 0x0000000100014328 H90 Control`___lldb_unnamed_symbol866
H90 Control`___lldb_unnamed_symbol866:
->  0x100014328 <+0>:  stp    d9, d8, [sp, #-0x40]!
    0x10001432c <+4>:  stp    x22, x21, [sp, #0x10]
    0x100014330 <+8>:  stp    x20, x19, [sp, #0x20]
    0x100014334 <+12>: stp    x29, x30, [sp, #0x30]
Target 0: (H90 Control) stopped.
(lldb) continue
Process 7662 resuming
Process 7662 stopped
* thread #7, stop reason = breakpoint 2.1
    frame #0: 0x0000000100014328 H90 Control`___lldb_unnamed_symbol866
H90 Control`___lldb_unnamed_symbol866:
->  0x100014328 <+0>:  stp    d9, d8, [sp, #-0x40]!
    0x10001432c <+4>:  stp    x22, x21, [sp, #0x10]
    0x100014330 <+8>:  stp    x20, x19, [sp, #0x20]
    0x100014334 <+12>: stp    x29, x30, [sp, #0x30]
Target 0: (H90 Control) stopped.
(lldb) continue
Process 7662 resuming
Process 7662 stopped
* thread #7, stop reason = breakpoint 2.1
    frame #0: 0x0000000100014328 H90 Control`___lldb_unnamed_symbol866
H90 Control`___lldb_unnamed_symbol866:
->  0x100014328 <+0>:  stp    d9, d8, [sp, #-0x40]!
    0x10001432c <+4>:  stp    x22, x21, [sp, #0x10]
    0x100014330 <+8>:  stp    x20, x19, [sp, #0x20]
    0x100014334 <+12>: stp    x29, x30, [sp, #0x30]
Target 0: (H90 Control) stopped.
(lldb) continue
Process 7662 resuming
Process 7662 stopped
* thread #7, stop reason = breakpoint 2.1
    frame #0: 0x0000000100014328 H90 Control`___lldb_unnamed_symbol866
H90 Control`___lldb_unnamed_symbol866:
->  0x100014328 <+0>:  stp    d9, d8, [sp, #-0x40]!
    0x10001432c <+4>:  stp    x22, x21, [sp, #0x10]
    0x100014330 <+8>:  stp    x20, x19, [sp, #0x20]
    0x100014334 <+12>: stp    x29, x30, [sp, #0x30]
Target 0: (H90 Control) stopped.
(lldb) continue
Process 7662 resuming
Process 7662 stopped
* thread #7, stop reason = breakpoint 2.1
    frame #0: 0x0000000100014328 H90 Control`___lldb_unnamed_symbol866
H90 Control`___lldb_unnamed_symbol866:
->  0x100014328 <+0>:  stp    d9, d8, [sp, #-0x40]!
    0x10001432c <+4>:  stp    x22, x21, [sp, #0x10]
    0x100014330 <+8>:  stp    x20, x19, [sp, #0x20]
    0x100014334 <+12>: stp    x29, x30, [sp, #0x30]
Target 0: (H90 Control) stopped.
(lldb) continue
Process 7662 resuming
Process 7662 stopped
* thread #7, stop reason = breakpoint 2.1
    frame #0: 0x0000000100014328 H90 Control`___lldb_unnamed_symbol866
H90 Control`___lldb_unnamed_symbol866:
->  0x100014328 <+0>:  stp    d9, d8, [sp, #-0x40]!
    0x10001432c <+4>:  stp    x22, x21, [sp, #0x10]
    0x100014330 <+8>:  stp    x20, x19, [sp, #0x20]
    0x100014334 <+12>: stp    x29, x30, [sp, #0x30]
Target 0: (H90 Control) stopped.
(lldb) continue
Process 7662 resuming
Process 7662 stopped
* thread #7, stop reason = breakpoint 2.1
    frame #0: 0x0000000100014328 H90 Control`___lldb_unnamed_symbol866
H90 Control`___lldb_unnamed_symbol866:
->  0x100014328 <+0>:  stp    d9, d8, [sp, #-0x40]!
    0x10001432c <+4>:  stp    x22, x21, [sp, #0x10]
    0x100014330 <+8>:  stp    x20, x19, [sp, #0x20]
    0x100014334 <+12>: stp    x29, x30, [sp, #0x30]
Target 0: (H90 Control) stopped.
(lldb) continue
Process 7662 resuming
Process 7662 stopped
* thread #7, stop reason = breakpoint 2.1
    frame #0: 0x0000000100014328 H90 Control`___lldb_unnamed_symbol866
H90 Control`___lldb_unnamed_symbol866:
->  0x100014328 <+0>:  stp    d9, d8, [sp, #-0x40]!
    0x10001432c <+4>:  stp    x22, x21, [sp, #0x10]
    0x100014330 <+8>:  stp    x20, x19, [sp, #0x20]
    0x100014334 <+12>: stp    x29, x30, [sp, #0x30]
Target 0: (H90 Control) stopped.
(lldb) continue
Process 7662 resuming
Process 7662 stopped
* thread #7, stop reason = breakpoint 2.1
    frame #0: 0x0000000100014328 H90 Control`___lldb_unnamed_symbol866
H90 Control`___lldb_unnamed_symbol866:
->  0x100014328 <+0>:  stp    d9, d8, [sp, #-0x40]!
    0x10001432c <+4>:  stp    x22, x21, [sp, #0x10]
    0x100014330 <+8>:  stp    x20, x19, [sp, #0x20]
    0x100014334 <+12>: stp    x29, x30, [sp, #0x30]
Target 0: (H90 Control) stopped.
(lldb) continue
Process 7662 resuming
Process 7662 stopped
* thread #7, stop reason = breakpoint 2.1
    frame #0: 0x0000000100014328 H90 Control`___lldb_unnamed_symbol866
H90 Control`___lldb_unnamed_symbol866:
->  0x100014328 <+0>:  stp    d9, d8, [sp, #-0x40]!
    0x10001432c <+4>:  stp    x22, x21, [sp, #0x10]
    0x100014330 <+8>:  stp    x20, x19, [sp, #0x20]
    0x100014334 <+12>: stp    x29, x30, [sp, #0x30]
Target 0: (H90 Control) stopped.
(lldb) continue
Process 7662 resuming
Process 7662 stopped
* thread #7, stop reason = breakpoint 2.1
    frame #0: 0x0000000100014328 H90 Control`___lldb_unnamed_symbol866
H90 Control`___lldb_unnamed_symbol866:
->  0x100014328 <+0>:  stp    d9, d8, [sp, #-0x40]!
    0x10001432c <+4>:  stp    x22, x21, [sp, #0x10]
    0x100014330 <+8>:  stp    x20, x19, [sp, #0x20]
    0x100014334 <+12>: stp    x29, x30, [sp, #0x30]
Target 0: (H90 Control) stopped.
(lldb) continue
Process 7662 resuming
Process 7662 stopped
* thread #7, stop reason = breakpoint 2.1
    frame #0: 0x0000000100014328 H90 Control`___lldb_unnamed_symbol866
H90 Control`___lldb_unnamed_symbol866:
->  0x100014328 <+0>:  stp    d9, d8, [sp, #-0x40]!
    0x10001432c <+4>:  stp    x22, x21, [sp, #0x10]
    0x100014330 <+8>:  stp    x20, x19, [sp, #0x20]
    0x100014334 <+12>: stp    x29, x30, [sp, #0x30]
Target 0: (H90 Control) stopped.
(lldb) continue
Process 7662 resuming
Process 7662 stopped
* thread #7, stop reason = breakpoint 2.1
    frame #0: 0x0000000100014328 H90 Control`___lldb_unnamed_symbol866
H90 Control`___lldb_unnamed_symbol866:
->  0x100014328 <+0>:  stp    d9, d8, [sp, #-0x40]!
    0x10001432c <+4>:  stp    x22, x21, [sp, #0x10]
    0x100014330 <+8>:  stp    x20, x19, [sp, #0x20]
    0x100014334 <+12>: stp    x29, x30, [sp, #0x30]
Target 0: (H90 Control) stopped.
(lldb) continue
Process 7662 resuming
Process 7662 stopped
* thread #7, stop reason = breakpoint 2.1
    frame #0: 0x0000000100014328 H90 Control`___lldb_unnamed_symbol866
H90 Control`___lldb_unnamed_symbol866:
->  0x100014328 <+0>:  stp    d9, d8, [sp, #-0x40]!
    0x10001432c <+4>:  stp    x22, x21, [sp, #0x10]
    0x100014330 <+8>:  stp    x20, x19, [sp, #0x20]
    0x100014334 <+12>: stp    x29, x30, [sp, #0x30]
Target 0: (H90 Control) stopped.
(lldb) continue
Process 7662 resuming
Process 7662 stopped
* thread #7, stop reason = breakpoint 2.1
    frame #0: 0x0000000100014328 H90 Control`___lldb_unnamed_symbol866
H90 Control`___lldb_unnamed_symbol866:
->  0x100014328 <+0>:  stp    d9, d8, [sp, #-0x40]!
    0x10001432c <+4>:  stp    x22, x21, [sp, #0x10]
    0x100014330 <+8>:  stp    x20, x19, [sp, #0x20]
    0x100014334 <+12>: stp    x29, x30, [sp, #0x30]
Target 0: (H90 Control) stopped.
(lldb) continue
Process 7662 resuming
Process 7662 stopped
* thread #7, stop reason = breakpoint 2.1
    frame #0: 0x0000000100014328 H90 Control`___lldb_unnamed_symbol866
H90 Control`___lldb_unnamed_symbol866:
->  0x100014328 <+0>:  stp    d9, d8, [sp, #-0x40]!
    0x10001432c <+4>:  stp    x22, x21, [sp, #0x10]
    0x100014330 <+8>:  stp    x20, x19, [sp, #0x20]
    0x100014334 <+12>: stp    x29, x30, [sp, #0x30]
Target 0: (H90 Control) stopped.
(lldb) continue
Process 7662 resuming
Process 7662 stopped
* thread #7, stop reason = breakpoint 2.1
    frame #0: 0x0000000100014328 H90 Control`___lldb_unnamed_symbol866
H90 Control`___lldb_unnamed_symbol866:
->  0x100014328 <+0>:  stp    d9, d8, [sp, #-0x40]!
    0x10001432c <+4>:  stp    x22, x21, [sp, #0x10]
    0x100014330 <+8>:  stp    x20, x19, [sp, #0x20]
    0x100014334 <+12>: stp    x29, x30, [sp, #0x30]
Target 0: (H90 Control) stopped.
(lldb) continue
Process 7662 resuming
Process 7662 stopped
* thread #7, stop reason = breakpoint 2.1
    frame #0: 0x0000000100014328 H90 Control`___lldb_unnamed_symbol866
H90 Control`___lldb_unnamed_symbol866:
->  0x100014328 <+0>:  stp    d9, d8, [sp, #-0x40]!
    0x10001432c <+4>:  stp    x22, x21, [sp, #0x10]
    0x100014330 <+8>:  stp    x20, x19, [sp, #0x20]
    0x100014334 <+12>: stp    x29, x30, [sp, #0x30]
Target 0: (H90 Control) stopped.
(lldb) continue
Process 7662 resuming
Process 7662 stopped
* thread #7, stop reason = breakpoint 2.1
    frame #0: 0x0000000100014328 H90 Control`___lldb_unnamed_symbol866
H90 Control`___lldb_unnamed_symbol866:
->  0x100014328 <+0>:  stp    d9, d8, [sp, #-0x40]!
    0x10001432c <+4>:  stp    x22, x21, [sp, #0x10]
    0x100014330 <+8>:  stp    x20, x19, [sp, #0x20]
    0x100014334 <+12>: stp    x29, x30, [sp, #0x30]
Target 0: (H90 Control) stopped.
(lldb) continue
Process 7662 resuming
Process 7662 stopped
* thread #7, stop reason = breakpoint 2.1
    frame #0: 0x0000000100014328 H90 Control`___lldb_unnamed_symbol866
H90 Control`___lldb_unnamed_symbol866:
->  0x100014328 <+0>:  stp    d9, d8, [sp, #-0x40]!
    0x10001432c <+4>:  stp    x22, x21, [sp, #0x10]
    0x100014330 <+8>:  stp    x20, x19, [sp, #0x20]
    0x100014334 <+12>: stp    x29, x30, [sp, #0x30]
Target 0: (H90 Control) stopped.
(lldb) continue
Process 7662 resuming
Process 7662 stopped
* thread #7, stop reason = breakpoint 2.1
    frame #0: 0x0000000100014328 H90 Control`___lldb_unnamed_symbol866
H90 Control`___lldb_unnamed_symbol866:
->  0x100014328 <+0>:  stp    d9, d8, [sp, #-0x40]!
    0x10001432c <+4>:  stp    x22, x21, [sp, #0x10]
    0x100014330 <+8>:  stp    x20, x19, [sp, #0x20]
    0x100014334 <+12>: stp    x29, x30, [sp, #0x30]
Target 0: (H90 Control) stopped.
(lldb) continue
Process 7662 resuming
Process 7662 stopped
* thread #7, stop reason = breakpoint 2.1
    frame #0: 0x0000000100014328 H90 Control`___lldb_unnamed_symbol866
H90 Control`___lldb_unnamed_symbol866:
->  0x100014328 <+0>:  stp    d9, d8, [sp, #-0x40]!
    0x10001432c <+4>:  stp    x22, x21, [sp, #0x10]
    0x100014330 <+8>:  stp    x20, x19, [sp, #0x20]
    0x100014334 <+12>: stp    x29, x30, [sp, #0x30]
Target 0: (H90 Control) stopped.
(lldb) continue
Process 7662 resuming
Process 7662 stopped
* thread #7, stop reason = breakpoint 2.1
    frame #0: 0x0000000100014328 H90 Control`___lldb_unnamed_symbol866
H90 Control`___lldb_unnamed_symbol866:
->  0x100014328 <+0>:  stp    d9, d8, [sp, #-0x40]!
    0x10001432c <+4>:  stp    x22, x21, [sp, #0x10]
    0x100014330 <+8>:  stp    x20, x19, [sp, #0x20]
    0x100014334 <+12>: stp    x29, x30, [sp, #0x30]
Target 0: (H90 Control) stopped.
(lldb) continue
Process 7662 resuming
Process 7662 stopped
* thread #7, stop reason = breakpoint 2.1
    frame #0: 0x0000000100014328 H90 Control`___lldb_unnamed_symbol866
H90 Control`___lldb_unnamed_symbol866:
->  0x100014328 <+0>:  stp    d9, d8, [sp, #-0x40]!
    0x10001432c <+4>:  stp    x22, x21, [sp, #0x10]
    0x100014330 <+8>:  stp    x20, x19, [sp, #0x20]
    0x100014334 <+12>: stp    x29, x30, [sp, #0x30]
Target 0: (H90 Control) stopped.
(lldb) continue
Process 7662 resuming
Process 7662 stopped
* thread #7, stop reason = breakpoint 2.1
    frame #0: 0x0000000100014328 H90 Control`___lldb_unnamed_symbol866
H90 Control`___lldb_unnamed_symbol866:
->  0x100014328 <+0>:  stp    d9, d8, [sp, #-0x40]!
    0x10001432c <+4>:  stp    x22, x21, [sp, #0x10]
    0x100014330 <+8>:  stp    x20, x19, [sp, #0x20]
    0x100014334 <+12>: stp    x29, x30, [sp, #0x30]
Target 0: (H90 Control) stopped.
(lldb) continue
Process 7662 resuming
Process 7662 stopped
* thread #7, stop reason = breakpoint 2.1
    frame #0: 0x0000000100014328 H90 Control`___lldb_unnamed_symbol866
H90 Control`___lldb_unnamed_symbol866:
->  0x100014328 <+0>:  stp    d9, d8, [sp, #-0x40]!
    0x10001432c <+4>:  stp    x22, x21, [sp, #0x10]
    0x100014330 <+8>:  stp    x20, x19, [sp, #0x20]
    0x100014334 <+12>: stp    x29, x30, [sp, #0x30]
Target 0: (H90 Control) stopped.
(lldb) continue
Process 7662 resuming
Process 7662 stopped
* thread #7, stop reason = breakpoint 2.1
    frame #0: 0x0000000100014328 H90 Control`___lldb_unnamed_symbol866
H90 Control`___lldb_unnamed_symbol866:
->  0x100014328 <+0>:  stp    d9, d8, [sp, #-0x40]!
    0x10001432c <+4>:  stp    x22, x21, [sp, #0x10]
    0x100014330 <+8>:  stp    x20, x19, [sp, #0x20]
    0x100014334 <+12>: stp    x29, x30, [sp, #0x30]
Target 0: (H90 Control) stopped.
(lldb) continue
Process 7662 resuming
Process 7662 stopped
* thread #7, stop reason = breakpoint 2.1
    frame #0: 0x0000000100014328 H90 Control`___lldb_unnamed_symbol866
H90 Control`___lldb_unnamed_symbol866:
->  0x100014328 <+0>:  stp    d9, d8, [sp, #-0x40]!
    0x10001432c <+4>:  stp    x22, x21, [sp, #0x10]
    0x100014330 <+8>:  stp    x20, x19, [sp, #0x20]
    0x100014334 <+12>: stp    x29, x30, [sp, #0x30]
Target 0: (H90 Control) stopped.
(lldb) continue
Process 7662 resuming
Process 7662 stopped
* thread #7, stop reason = breakpoint 2.1
    frame #0: 0x0000000100014328 H90 Control`___lldb_unnamed_symbol866
H90 Control`___lldb_unnamed_symbol866:
->  0x100014328 <+0>:  stp    d9, d8, [sp, #-0x40]!
    0x10001432c <+4>:  stp    x22, x21, [sp, #0x10]
    0x100014330 <+8>:  stp    x20, x19, [sp, #0x20]
    0x100014334 <+12>: stp    x29, x30, [sp, #0x30]
Target 0: (H90 Control) stopped.
(lldb) continue
Process 7662 resuming
Process 7662 stopped
* thread #7, stop reason = breakpoint 2.1
    frame #0: 0x0000000100014328 H90 Control`___lldb_unnamed_symbol866
H90 Control`___lldb_unnamed_symbol866:
->  0x100014328 <+0>:  stp    d9, d8, [sp, #-0x40]!
    0x10001432c <+4>:  stp    x22, x21, [sp, #0x10]
    0x100014330 <+8>:  stp    x20, x19, [sp, #0x20]
    0x100014334 <+12>: stp    x29, x30, [sp, #0x30]
Target 0: (H90 Control) stopped.
(lldb) continue
Process 7662 resuming
Process 7662 stopped
* thread #7, stop reason = breakpoint 2.1
    frame #0: 0x0000000100014328 H90 Control`___lldb_unnamed_symbol866
H90 Control`___lldb_unnamed_symbol866:
->  0x100014328 <+0>:  stp    d9, d8, [sp, #-0x40]!
    0x10001432c <+4>:  stp    x22, x21, [sp, #0x10]
    0x100014330 <+8>:  stp    x20, x19, [sp, #0x20]
    0x100014334 <+12>: stp    x29, x30, [sp, #0x30]
Target 0: (H90 Control) stopped.
(lldb) continue
Process 7662 resuming
Process 7662 stopped
* thread #7, stop reason = breakpoint 2.1
    frame #0: 0x0000000100014328 H90 Control`___lldb_unnamed_symbol866
H90 Control`___lldb_unnamed_symbol866:
->  0x100014328 <+0>:  stp    d9, d8, [sp, #-0x40]!
    0x10001432c <+4>:  stp    x22, x21, [sp, #0x10]
    0x100014330 <+8>:  stp    x20, x19, [sp, #0x20]
    0x100014334 <+12>: stp    x29, x30, [sp, #0x30]
Target 0: (H90 Control) stopped.
(lldb) continue
Process 7662 resuming
Process 7662 stopped
* thread #7, stop reason = breakpoint 2.1
    frame #0: 0x0000000100014328 H90 Control`___lldb_unnamed_symbol866
H90 Control`___lldb_unnamed_symbol866:
->  0x100014328 <+0>:  stp    d9, d8, [sp, #-0x40]!
    0x10001432c <+4>:  stp    x22, x21, [sp, #0x10]
    0x100014330 <+8>:  stp    x20, x19, [sp, #0x20]
    0x100014334 <+12>: stp    x29, x30, [sp, #0x30]
Target 0: (H90 Control) stopped.
(lldb) continue
Process 7662 resuming
Process 7662 stopped
* thread #7, stop reason = breakpoint 2.1
    frame #0: 0x0000000100014328 H90 Control`___lldb_unnamed_symbol866
H90 Control`___lldb_unnamed_symbol866:
->  0x100014328 <+0>:  stp    d9, d8, [sp, #-0x40]!
    0x10001432c <+4>:  stp    x22, x21, [sp, #0x10]
    0x100014330 <+8>:  stp    x20, x19, [sp, #0x20]
    0x100014334 <+12>: stp    x29, x30, [sp, #0x30]
Target 0: (H90 Control) stopped.
(lldb) continue
Process 7662 resuming
Process 7662 stopped
* thread #7, stop reason = breakpoint 2.1
    frame #0: 0x0000000100014328 H90 Control`___lldb_unnamed_symbol866
H90 Control`___lldb_unnamed_symbol866:
->  0x100014328 <+0>:  stp    d9, d8, [sp, #-0x40]!
    0x10001432c <+4>:  stp    x22, x21, [sp, #0x10]
    0x100014330 <+8>:  stp    x20, x19, [sp, #0x20]
    0x100014334 <+12>: stp    x29, x30, [sp, #0x30]
Target 0: (H90 Control) stopped.
(lldb) continue
Process 7662 resuming
Process 7662 stopped
* thread #7, stop reason = breakpoint 2.1
    frame #0: 0x0000000100014328 H90 Control`___lldb_unnamed_symbol866
H90 Control`___lldb_unnamed_symbol866:
->  0x100014328 <+0>:  stp    d9, d8, [sp, #-0x40]!
    0x10001432c <+4>:  stp    x22, x21, [sp, #0x10]
    0x100014330 <+8>:  stp    x20, x19, [sp, #0x20]
    0x100014334 <+12>: stp    x29, x30, [sp, #0x30]
Target 0: (H90 Control) stopped.
(lldb) continue
Process 7662 resuming
Process 7662 stopped
* thread #7, stop reason = breakpoint 2.1
    frame #0: 0x0000000100014328 H90 Control`___lldb_unnamed_symbol866
H90 Control`___lldb_unnamed_symbol866:
->  0x100014328 <+0>:  stp    d9, d8, [sp, #-0x40]!
    0x10001432c <+4>:  stp    x22, x21, [sp, #0x10]
    0x100014330 <+8>:  stp    x20, x19, [sp, #0x20]
    0x100014334 <+12>: stp    x29, x30, [sp, #0x30]
Target 0: (H90 Control) stopped.
(lldb) continue
Process 7662 resuming
Process 7662 stopped
* thread #7, stop reason = breakpoint 2.1
    frame #0: 0x0000000100014328 H90 Control`___lldb_unnamed_symbol866
H90 Control`___lldb_unnamed_symbol866:
->  0x100014328 <+0>:  stp    d9, d8, [sp, #-0x40]!
    0x10001432c <+4>:  stp    x22, x21, [sp, #0x10]
    0x100014330 <+8>:  stp    x20, x19, [sp, #0x20]
    0x100014334 <+12>: stp    x29, x30, [sp, #0x30]
Target 0: (H90 Control) stopped.
(lldb) continue
Process 7662 resuming
Process 7662 stopped
* thread #7, stop reason = breakpoint 2.1
    frame #0: 0x0000000100014328 H90 Control`___lldb_unnamed_symbol866
H90 Control`___lldb_unnamed_symbol866:
->  0x100014328 <+0>:  stp    d9, d8, [sp, #-0x40]!
    0x10001432c <+4>:  stp    x22, x21, [sp, #0x10]
    0x100014330 <+8>:  stp    x20, x19, [sp, #0x20]
    0x100014334 <+12>: stp    x29, x30, [sp, #0x30]
Target 0: (H90 Control) stopped.
(lldb) continue
Process 7662 resuming
Process 7662 stopped
* thread #7, stop reason = breakpoint 2.1
    frame #0: 0x0000000100014328 H90 Control`___lldb_unnamed_symbol866
H90 Control`___lldb_unnamed_symbol866:
->  0x100014328 <+0>:  stp    d9, d8, [sp, #-0x40]!
    0x10001432c <+4>:  stp    x22, x21, [sp, #0x10]
    0x100014330 <+8>:  stp    x20, x19, [sp, #0x20]
    0x100014334 <+12>: stp    x29, x30, [sp, #0x30]
Target 0: (H90 Control) stopped.
(lldb) continue
Process 7662 resuming
Process 7662 stopped
* thread #7, stop reason = breakpoint 2.1
    frame #0: 0x0000000100014328 H90 Control`___lldb_unnamed_symbol866
H90 Control`___lldb_unnamed_symbol866:
->  0x100014328 <+0>:  stp    d9, d8, [sp, #-0x40]!
    0x10001432c <+4>:  stp    x22, x21, [sp, #0x10]
    0x100014330 <+8>:  stp    x20, x19, [sp, #0x20]
    0x100014334 <+12>: stp    x29, x30, [sp, #0x30]
Target 0: (H90 Control) stopped.
(lldb) continue
Process 7662 resuming
Process 7662 stopped
* thread #7, stop reason = breakpoint 2.1
    frame #0: 0x0000000100014328 H90 Control`___lldb_unnamed_symbol866
H90 Control`___lldb_unnamed_symbol866:
->  0x100014328 <+0>:  stp    d9, d8, [sp, #-0x40]!
    0x10001432c <+4>:  stp    x22, x21, [sp, #0x10]
    0x100014330 <+8>:  stp    x20, x19, [sp, #0x20]
    0x100014334 <+12>: stp    x29, x30, [sp, #0x30]
Target 0: (H90 Control) stopped.
(lldb) continue
Process 7662 resuming
Process 7662 stopped
* thread #7, stop reason = breakpoint 2.1
    frame #0: 0x0000000100014328 H90 Control`___lldb_unnamed_symbol866
H90 Control`___lldb_unnamed_symbol866:
->  0x100014328 <+0>:  stp    d9, d8, [sp, #-0x40]!
    0x10001432c <+4>:  stp    x22, x21, [sp, #0x10]
    0x100014330 <+8>:  stp    x20, x19, [sp, #0x20]
    0x100014334 <+12>: stp    x29, x30, [sp, #0x30]
Target 0: (H90 Control) stopped.
(lldb) continue
Process 7662 resuming
Process 7662 stopped
* thread #7, stop reason = breakpoint 2.1
    frame #0: 0x0000000100014328 H90 Control`___lldb_unnamed_symbol866
H90 Control`___lldb_unnamed_symbol866:
->  0x100014328 <+0>:  stp    d9, d8, [sp, #-0x40]!
    0x10001432c <+4>:  stp    x22, x21, [sp, #0x10]
    0x100014330 <+8>:  stp    x20, x19, [sp, #0x20]
    0x100014334 <+12>: stp    x29, x30, [sp, #0x30]
Target 0: (H90 Control) stopped.
(lldb) continue
Process 7662 resuming
Process 7662 stopped
* thread #7, stop reason = breakpoint 2.1
    frame #0: 0x0000000100014328 H90 Control`___lldb_unnamed_symbol866
H90 Control`___lldb_unnamed_symbol866:
->  0x100014328 <+0>:  stp    d9, d8, [sp, #-0x40]!
    0x10001432c <+4>:  stp    x22, x21, [sp, #0x10]
    0x100014330 <+8>:  stp    x20, x19, [sp, #0x20]
    0x100014334 <+12>: stp    x29, x30, [sp, #0x30]
Target 0: (H90 Control) stopped.
(lldb) continue
Process 7662 resuming
Process 7662 stopped
* thread #7, stop reason = breakpoint 2.1
    frame #0: 0x0000000100014328 H90 Control`___lldb_unnamed_symbol866
H90 Control`___lldb_unnamed_symbol866:
->  0x100014328 <+0>:  stp    d9, d8, [sp, #-0x40]!
    0x10001432c <+4>:  stp    x22, x21, [sp, #0x10]
    0x100014330 <+8>:  stp    x20, x19, [sp, #0x20]
    0x100014334 <+12>: stp    x29, x30, [sp, #0x30]
Target 0: (H90 Control) stopped.
(lldb) continue
Process 7662 resuming
Process 7662 stopped
* thread #7, stop reason = breakpoint 2.1
    frame #0: 0x0000000100014328 H90 Control`___lldb_unnamed_symbol866
H90 Control`___lldb_unnamed_symbol866:
->  0x100014328 <+0>:  stp    d9, d8, [sp, #-0x40]!
    0x10001432c <+4>:  stp    x22, x21, [sp, #0x10]
    0x100014330 <+8>:  stp    x20, x19, [sp, #0x20]
    0x100014334 <+12>: stp    x29, x30, [sp, #0x30]
Target 0: (H90 Control) stopped.
(lldb) continue
Process 7662 resuming
Process 7662 stopped
* thread #7, stop reason = breakpoint 2.1
    frame #0: 0x0000000100014328 H90 Control`___lldb_unnamed_symbol866
H90 Control`___lldb_unnamed_symbol866:
->  0x100014328 <+0>:  stp    d9, d8, [sp, #-0x40]!
    0x10001432c <+4>:  stp    x22, x21, [sp, #0x10]
    0x100014330 <+8>:  stp    x20, x19, [sp, #0x20]
    0x100014334 <+12>: stp    x29, x30, [sp, #0x30]
Target 0: (H90 Control) stopped.
(lldb) continue
Process 7662 resuming
Process 7662 stopped
* thread #7, stop reason = breakpoint 2.1
    frame #0: 0x0000000100014328 H90 Control`___lldb_unnamed_symbol866
H90 Control`___lldb_unnamed_symbol866:
->  0x100014328 <+0>:  stp    d9, d8, [sp, #-0x40]!
    0x10001432c <+4>:  stp    x22, x21, [sp, #0x10]
    0x100014330 <+8>:  stp    x20, x19, [sp, #0x20]
    0x100014334 <+12>: stp    x29, x30, [sp, #0x30]
Target 0: (H90 Control) stopped.
(lldb) continue
Process 7662 resuming
Process 7662 stopped
* thread #7, stop reason = breakpoint 2.1
    frame #0: 0x0000000100014328 H90 Control`___lldb_unnamed_symbol866
H90 Control`___lldb_unnamed_symbol866:
->  0x100014328 <+0>:  stp    d9, d8, [sp, #-0x40]!
    0x10001432c <+4>:  stp    x22, x21, [sp, #0x10]
    0x100014330 <+8>:  stp    x20, x19, [sp, #0x20]
    0x100014334 <+12>: stp    x29, x30, [sp, #0x30]
Target 0: (H90 Control) stopped.
(lldb) continue
Process 7662 resuming
Process 7662 stopped
* thread #7, stop reason = breakpoint 2.1
    frame #0: 0x0000000100014328 H90 Control`___lldb_unnamed_symbol866
H90 Control`___lldb_unnamed_symbol866:
->  0x100014328 <+0>:  stp    d9, d8, [sp, #-0x40]!
    0x10001432c <+4>:  stp    x22, x21, [sp, #0x10]
    0x100014330 <+8>:  stp    x20, x19, [sp, #0x20]
    0x100014334 <+12>: stp    x29, x30, [sp, #0x30]
Target 0: (H90 Control) stopped.
(lldb) continue
Process 7662 resuming
Process 7662 stopped
* thread #7, stop reason = breakpoint 2.1
    frame #0: 0x0000000100014328 H90 Control`___lldb_unnamed_symbol866
H90 Control`___lldb_unnamed_symbol866:
->  0x100014328 <+0>:  stp    d9, d8, [sp, #-0x40]!
    0x10001432c <+4>:  stp    x22, x21, [sp, #0x10]
    0x100014330 <+8>:  stp    x20, x19, [sp, #0x20]
    0x100014334 <+12>: stp    x29, x30, [sp, #0x30]
Target 0: (H90 Control) stopped.
(lldb) continue
Process 7662 resuming
Process 7662 stopped
* thread #7, stop reason = breakpoint 2.1
    frame #0: 0x0000000100014328 H90 Control`___lldb_unnamed_symbol866
H90 Control`___lldb_unnamed_symbol866:
->  0x100014328 <+0>:  stp    d9, d8, [sp, #-0x40]!
    0x10001432c <+4>:  stp    x22, x21, [sp, #0x10]
    0x100014330 <+8>:  stp    x20, x19, [sp, #0x20]
    0x100014334 <+12>: stp    x29, x30, [sp, #0x30]
Target 0: (H90 Control) stopped.
(lldb) continue
Process 7662 resuming
Process 7662 stopped
* thread #7, stop reason = breakpoint 2.1
    frame #0: 0x0000000100014328 H90 Control`___lldb_unnamed_symbol866
H90 Control`___lldb_unnamed_symbol866:
->  0x100014328 <+0>:  stp    d9, d8, [sp, #-0x40]!
    0x10001432c <+4>:  stp    x22, x21, [sp, #0x10]
    0x100014330 <+8>:  stp    x20, x19, [sp, #0x20]
    0x100014334 <+12>: stp    x29, x30, [sp, #0x30]
Target 0: (H90 Control) stopped.
(lldb) continue
Process 7662 resuming
Process 7662 stopped
* thread #7, stop reason = breakpoint 2.1
    frame #0: 0x0000000100014328 H90 Control`___lldb_unnamed_symbol866
H90 Control`___lldb_unnamed_symbol866:
->  0x100014328 <+0>:  stp    d9, d8, [sp, #-0x40]!
    0x10001432c <+4>:  stp    x22, x21, [sp, #0x10]
    0x100014330 <+8>:  stp    x20, x19, [sp, #0x20]
    0x100014334 <+12>: stp    x29, x30, [sp, #0x30]
Target 0: (H90 Control) stopped.
(lldb) continue
Process 7662 resuming
Process 7662 stopped
* thread #7, stop reason = breakpoint 2.1
    frame #0: 0x0000000100014328 H90 Control`___lldb_unnamed_symbol866
H90 Control`___lldb_unnamed_symbol866:
->  0x100014328 <+0>:  stp    d9, d8, [sp, #-0x40]!
    0x10001432c <+4>:  stp    x22, x21, [sp, #0x10]
    0x100014330 <+8>:  stp    x20, x19, [sp, #0x20]
    0x100014334 <+12>: stp    x29, x30, [sp, #0x30]
Target 0: (H90 Control) stopped.
(lldb) continue
Process 7662 resuming
Process 7662 stopped
* thread #7, stop reason = breakpoint 2.1
    frame #0: 0x0000000100014328 H90 Control`___lldb_unnamed_symbol866
H90 Control`___lldb_unnamed_symbol866:
->  0x100014328 <+0>:  stp    d9, d8, [sp, #-0x40]!
    0x10001432c <+4>:  stp    x22, x21, [sp, #0x10]
    0x100014330 <+8>:  stp    x20, x19, [sp, #0x20]
    0x100014334 <+12>: stp    x29, x30, [sp, #0x30]
Target 0: (H90 Control) stopped.
(lldb) continue
Process 7662 resuming
Process 7662 stopped
* thread #7, stop reason = breakpoint 2.1
    frame #0: 0x0000000100014328 H90 Control`___lldb_unnamed_symbol866
H90 Control`___lldb_unnamed_symbol866:
->  0x100014328 <+0>:  stp    d9, d8, [sp, #-0x40]!
    0x10001432c <+4>:  stp    x22, x21, [sp, #0x10]
    0x100014330 <+8>:  stp    x20, x19, [sp, #0x20]
    0x100014334 <+12>: stp    x29, x30, [sp, #0x30]
Target 0: (H90 Control) stopped.
(lldb) continue
Process 7662 resuming
Process 7662 stopped
* thread #7, stop reason = breakpoint 2.1
    frame #0: 0x0000000100014328 H90 Control`___lldb_unnamed_symbol866
H90 Control`___lldb_unnamed_symbol866:
->  0x100014328 <+0>:  stp    d9, d8, [sp, #-0x40]!
    0x10001432c <+4>:  stp    x22, x21, [sp, #0x10]
    0x100014330 <+8>:  stp    x20, x19, [sp, #0x20]
    0x100014334 <+12>: stp    x29, x30, [sp, #0x30]
Target 0: (H90 Control) stopped.
(lldb) continue
Process 7662 resuming
Process 7662 stopped
* thread #7, stop reason = breakpoint 2.1
    frame #0: 0x0000000100014328 H90 Control`___lldb_unnamed_symbol866
H90 Control`___lldb_unnamed_symbol866:
->  0x100014328 <+0>:  stp    d9, d8, [sp, #-0x40]!
    0x10001432c <+4>:  stp    x22, x21, [sp, #0x10]
    0x100014330 <+8>:  stp    x20, x19, [sp, #0x20]
    0x100014334 <+12>: stp    x29, x30, [sp, #0x30]
Target 0: (H90 Control) stopped.
(lldb) continue
Process 7662 resuming
Process 7662 stopped
* thread #7, stop reason = breakpoint 2.1
    frame #0: 0x0000000100014328 H90 Control`___lldb_unnamed_symbol866
H90 Control`___lldb_unnamed_symbol866:
->  0x100014328 <+0>:  stp    d9, d8, [sp, #-0x40]!
    0x10001432c <+4>:  stp    x22, x21, [sp, #0x10]
    0x100014330 <+8>:  stp    x20, x19, [sp, #0x20]
    0x100014334 <+12>: stp    x29, x30, [sp, #0x30]
Target 0: (H90 Control) stopped.
(lldb) continue
Process 7662 resuming
Process 7662 stopped
* thread #7, stop reason = breakpoint 2.1
    frame #0: 0x0000000100014328 H90 Control`___lldb_unnamed_symbol866
H90 Control`___lldb_unnamed_symbol866:
->  0x100014328 <+0>:  stp    d9, d8, [sp, #-0x40]!
    0x10001432c <+4>:  stp    x22, x21, [sp, #0x10]
    0x100014330 <+8>:  stp    x20, x19, [sp, #0x20]
    0x100014334 <+12>: stp    x29, x30, [sp, #0x30]
Target 0: (H90 Control) stopped.
(lldb) continue
Process 7662 resuming
Process 7662 stopped
* thread #7, stop reason = breakpoint 2.1
    frame #0: 0x0000000100014328 H90 Control`___lldb_unnamed_symbol866
H90 Control`___lldb_unnamed_symbol866:
->  0x100014328 <+0>:  stp    d9, d8, [sp, #-0x40]!
    0x10001432c <+4>:  stp    x22, x21, [sp, #0x10]
    0x100014330 <+8>:  stp    x20, x19, [sp, #0x20]
    0x100014334 <+12>: stp    x29, x30, [sp, #0x30]
Target 0: (H90 Control) stopped.
(lldb) continue
Process 7662 resuming
Process 7662 stopped
* thread #7, stop reason = breakpoint 2.1
    frame #0: 0x0000000100014328 H90 Control`___lldb_unnamed_symbol866
H90 Control`___lldb_unnamed_symbol866:
->  0x100014328 <+0>:  stp    d9, d8, [sp, #-0x40]!
    0x10001432c <+4>:  stp    x22, x21, [sp, #0x10]
    0x100014330 <+8>:  stp    x20, x19, [sp, #0x20]
    0x100014334 <+12>: stp    x29, x30, [sp, #0x30]
Target 0: (H90 Control) stopped.
(lldb) continue
Process 7662 resuming
Process 7662 stopped
* thread #7, stop reason = breakpoint 2.1
    frame #0: 0x0000000100014328 H90 Control`___lldb_unnamed_symbol866
H90 Control`___lldb_unnamed_symbol866:
->  0x100014328 <+0>:  stp    d9, d8, [sp, #-0x40]!
    0x10001432c <+4>:  stp    x22, x21, [sp, #0x10]
    0x100014330 <+8>:  stp    x20, x19, [sp, #0x20]
    0x100014334 <+12>: stp    x29, x30, [sp, #0x30]
Target 0: (H90 Control) stopped.
(lldb) continue
Process 7662 resuming
Process 7662 stopped
* thread #7, stop reason = breakpoint 2.1
    frame #0: 0x0000000100014328 H90 Control`___lldb_unnamed_symbol866
H90 Control`___lldb_unnamed_symbol866:
->  0x100014328 <+0>:  stp    d9, d8, [sp, #-0x40]!
    0x10001432c <+4>:  stp    x22, x21, [sp, #0x10]
    0x100014330 <+8>:  stp    x20, x19, [sp, #0x20]
    0x100014334 <+12>: stp    x29, x30, [sp, #0x30]
Target 0: (H90 Control) stopped.
(lldb) continue
Process 7662 resuming
Process 7662 stopped
* thread #7, stop reason = breakpoint 2.1
    frame #0: 0x0000000100014328 H90 Control`___lldb_unnamed_symbol866
H90 Control`___lldb_unnamed_symbol866:
->  0x100014328 <+0>:  stp    d9, d8, [sp, #-0x40]!
    0x10001432c <+4>:  stp    x22, x21, [sp, #0x10]
    0x100014330 <+8>:  stp    x20, x19, [sp, #0x20]
    0x100014334 <+12>: stp    x29, x30, [sp, #0x30]
Target 0: (H90 Control) stopped.
(lldb) continue
Process 7662 resuming
Process 7662 stopped
* thread #7, stop reason = breakpoint 2.1
    frame #0: 0x0000000100014328 H90 Control`___lldb_unnamed_symbol866
H90 Control`___lldb_unnamed_symbol866:
->  0x100014328 <+0>:  stp    d9, d8, [sp, #-0x40]!
    0x10001432c <+4>:  stp    x22, x21, [sp, #0x10]
    0x100014330 <+8>:  stp    x20, x19, [sp, #0x20]
    0x100014334 <+12>: stp    x29, x30, [sp, #0x30]
Target 0: (H90 Control) stopped.
(lldb) continue
Process 7662 resuming
Process 7662 stopped
* thread #7, stop reason = breakpoint 2.1
    frame #0: 0x0000000100014328 H90 Control`___lldb_unnamed_symbol866
H90 Control`___lldb_unnamed_symbol866:
->  0x100014328 <+0>:  stp    d9, d8, [sp, #-0x40]!
    0x10001432c <+4>:  stp    x22, x21, [sp, #0x10]
    0x100014330 <+8>:  stp    x20, x19, [sp, #0x20]
    0x100014334 <+12>: stp    x29, x30, [sp, #0x30]
Target 0: (H90 Control) stopped.
(lldb) continue
Process 7662 resuming
Process 7662 stopped
* thread #7, stop reason = breakpoint 2.1
    frame #0: 0x0000000100014328 H90 Control`___lldb_unnamed_symbol866
H90 Control`___lldb_unnamed_symbol866:
->  0x100014328 <+0>:  stp    d9, d8, [sp, #-0x40]!
    0x10001432c <+4>:  stp    x22, x21, [sp, #0x10]
    0x100014330 <+8>:  stp    x20, x19, [sp, #0x20]
    0x100014334 <+12>: stp    x29, x30, [sp, #0x30]
Target 0: (H90 Control) stopped.
(lldb) continue
Process 7662 resuming
Process 7662 stopped
* thread #7, stop reason = breakpoint 2.1
    frame #0: 0x0000000100014328 H90 Control`___lldb_unnamed_symbol866
H90 Control`___lldb_unnamed_symbol866:
->  0x100014328 <+0>:  stp    d9, d8, [sp, #-0x40]!
    0x10001432c <+4>:  stp    x22, x21, [sp, #0x10]
    0x100014330 <+8>:  stp    x20, x19, [sp, #0x20]
    0x100014334 <+12>: stp    x29, x30, [sp, #0x30]
Target 0: (H90 Control) stopped.
(lldb) continue
Process 7662 resuming
Process 7662 stopped
* thread #7, stop reason = breakpoint 2.1
    frame #0: 0x0000000100014328 H90 Control`___lldb_unnamed_symbol866
H90 Control`___lldb_unnamed_symbol866:
->  0x100014328 <+0>:  stp    d9, d8, [sp, #-0x40]!
    0x10001432c <+4>:  stp    x22, x21, [sp, #0x10]
    0x100014330 <+8>:  stp    x20, x19, [sp, #0x20]
    0x100014334 <+12>: stp    x29, x30, [sp, #0x30]
Target 0: (H90 Control) stopped.
(lldb) continue
Process 7662 resuming
Process 7662 stopped
* thread #7, stop reason = breakpoint 2.1
    frame #0: 0x0000000100014328 H90 Control`___lldb_unnamed_symbol866
H90 Control`___lldb_unnamed_symbol866:
->  0x100014328 <+0>:  stp    d9, d8, [sp, #-0x40]!
    0x10001432c <+4>:  stp    x22, x21, [sp, #0x10]
    0x100014330 <+8>:  stp    x20, x19, [sp, #0x20]
    0x100014334 <+12>: stp    x29, x30, [sp, #0x30]
Target 0: (H90 Control) stopped.
(lldb) continue
Process 7662 resuming
Process 7662 stopped
* thread #7, stop reason = breakpoint 2.1
    frame #0: 0x0000000100014328 H90 Control`___lldb_unnamed_symbol866
H90 Control`___lldb_unnamed_symbol866:
->  0x100014328 <+0>:  stp    d9, d8, [sp, #-0x40]!
    0x10001432c <+4>:  stp    x22, x21, [sp, #0x10]
    0x100014330 <+8>:  stp    x20, x19, [sp, #0x20]
    0x100014334 <+12>: stp    x29, x30, [sp, #0x30]
Target 0: (H90 Control) stopped.
(lldb) continue
Process 7662 resuming
Process 7662 stopped
* thread #7, stop reason = breakpoint 2.1
    frame #0: 0x0000000100014328 H90 Control`___lldb_unnamed_symbol866
H90 Control`___lldb_unnamed_symbol866:
->  0x100014328 <+0>:  stp    d9, d8, [sp, #-0x40]!
    0x10001432c <+4>:  stp    x22, x21, [sp, #0x10]
    0x100014330 <+8>:  stp    x20, x19, [sp, #0x20]
    0x100014334 <+12>: stp    x29, x30, [sp, #0x30]
Target 0: (H90 Control) stopped.
(lldb) continue
Process 7662 resuming
Process 7662 stopped
* thread #7, stop reason = breakpoint 2.1
    frame #0: 0x0000000100014328 H90 Control`___lldb_unnamed_symbol866
H90 Control`___lldb_unnamed_symbol866:
->  0x100014328 <+0>:  stp    d9, d8, [sp, #-0x40]!
    0x10001432c <+4>:  stp    x22, x21, [sp, #0x10]
    0x100014330 <+8>:  stp    x20, x19, [sp, #0x20]
    0x100014334 <+12>: stp    x29, x30, [sp, #0x30]
Target 0: (H90 Control) stopped.
(lldb) continue
Process 7662 resuming
Process 7662 stopped
* thread #17, name = 'ThreadWithProgressView', stop reason = breakpoint 1.1
    frame #0: 0x000000010001336c H90 Control`___lldb_unnamed_symbol857 + 704
H90 Control`___lldb_unnamed_symbol857:
->  0x10001336c <+704>: bl     0x100477330               ; symbol stub for: MIDISendEventList
    0x100013370 <+708>: b      0x100013380               ; <+724>
    0x100013374 <+712>: mov    x0, x1
    0x100013378 <+716>: mov    x1, x2
Target 0: (H90 Control) stopped.
(lldb) script print("==BP=1 n=13==")
script print("SEND")
expr -- (*(unsigned int*)($x2 + 16)) & 0xffff
==BP=1 n=13==
(lldb) continue
SEND
(lldb) (unsigned int) $12 = 16
(lldb) Process 7662 resuming
Process 7662 stopped
* thread #7, stop reason = breakpoint 2.1
    frame #0: 0x0000000100014328 H90 Control`___lldb_unnamed_symbol866
H90 Control`___lldb_unnamed_symbol866:
->  0x100014328 <+0>:  stp    d9, d8, [sp, #-0x40]!
    0x10001432c <+4>:  stp    x22, x21, [sp, #0x10]
    0x100014330 <+8>:  stp    x20, x19, [sp, #0x20]
    0x100014334 <+12>: stp    x29, x30, [sp, #0x30]
Target 0: (H90 Control) stopped.
(lldb) continue
Process 7662 resuming
Process 7662 stopped
* thread #7, stop reason = breakpoint 2.1
    frame #0: 0x0000000100014328 H90 Control`___lldb_unnamed_symbol866
H90 Control`___lldb_unnamed_symbol866:
->  0x100014328 <+0>:  stp    d9, d8, [sp, #-0x40]!
    0x10001432c <+4>:  stp    x22, x21, [sp, #0x10]
    0x100014330 <+8>:  stp    x20, x19, [sp, #0x20]
    0x100014334 <+12>: stp    x29, x30, [sp, #0x30]
Target 0: (H90 Control) stopped.
(lldb) continue
Process 7662 resuming
Process 7662 stopped
* thread #7, stop reason = breakpoint 2.1
    frame #0: 0x0000000100014328 H90 Control`___lldb_unnamed_symbol866
H90 Control`___lldb_unnamed_symbol866:
->  0x100014328 <+0>:  stp    d9, d8, [sp, #-0x40]!
    0x10001432c <+4>:  stp    x22, x21, [sp, #0x10]
    0x100014330 <+8>:  stp    x20, x19, [sp, #0x20]
    0x100014334 <+12>: stp    x29, x30, [sp, #0x30]
Target 0: (H90 Control) stopped.
(lldb) continue
Process 7662 resuming
Process 7662 stopped
* thread #7, stop reason = breakpoint 2.1
    frame #0: 0x0000000100014328 H90 Control`___lldb_unnamed_symbol866
H90 Control`___lldb_unnamed_symbol866:
->  0x100014328 <+0>:  stp    d9, d8, [sp, #-0x40]!
    0x10001432c <+4>:  stp    x22, x21, [sp, #0x10]
    0x100014330 <+8>:  stp    x20, x19, [sp, #0x20]
    0x100014334 <+12>: stp    x29, x30, [sp, #0x30]
Target 0: (H90 Control) stopped.
(lldb) continue
Process 7662 resuming
Process 7662 stopped
* thread #7, stop reason = breakpoint 2.1
    frame #0: 0x0000000100014328 H90 Control`___lldb_unnamed_symbol866
H90 Control`___lldb_unnamed_symbol866:
->  0x100014328 <+0>:  stp    d9, d8, [sp, #-0x40]!
    0x10001432c <+4>:  stp    x22, x21, [sp, #0x10]
    0x100014330 <+8>:  stp    x20, x19, [sp, #0x20]
    0x100014334 <+12>: stp    x29, x30, [sp, #0x30]
Target 0: (H90 Control) stopped.
(lldb) continue
Process 7662 resuming
Process 7662 stopped
* thread #7, stop reason = breakpoint 2.1
    frame #0: 0x0000000100014328 H90 Control`___lldb_unnamed_symbol866
H90 Control`___lldb_unnamed_symbol866:
->  0x100014328 <+0>:  stp    d9, d8, [sp, #-0x40]!
    0x10001432c <+4>:  stp    x22, x21, [sp, #0x10]
    0x100014330 <+8>:  stp    x20, x19, [sp, #0x20]
    0x100014334 <+12>: stp    x29, x30, [sp, #0x30]
Target 0: (H90 Control) stopped.
(lldb) continue
Process 7662 resuming
Process 7662 stopped
* thread #7, stop reason = breakpoint 2.1
    frame #0: 0x0000000100014328 H90 Control`___lldb_unnamed_symbol866
H90 Control`___lldb_unnamed_symbol866:
->  0x100014328 <+0>:  stp    d9, d8, [sp, #-0x40]!
    0x10001432c <+4>:  stp    x22, x21, [sp, #0x10]
    0x100014330 <+8>:  stp    x20, x19, [sp, #0x20]
    0x100014334 <+12>: stp    x29, x30, [sp, #0x30]
Target 0: (H90 Control) stopped.
(lldb) continue
Process 7662 resuming
Process 7662 stopped
* thread #17, name = 'ThreadWithProgressView', stop reason = breakpoint 1.1
    frame #0: 0x000000010001336c H90 Control`___lldb_unnamed_symbol857 + 704
H90 Control`___lldb_unnamed_symbol857:
->  0x10001336c <+704>: bl     0x100477330               ; symbol stub for: MIDISendEventList
    0x100013370 <+708>: b      0x100013380               ; <+724>
    0x100013374 <+712>: mov    x0, x1
    0x100013378 <+716>: mov    x1, x2
Target 0: (H90 Control) stopped.
(lldb) script print("==BP=1 n=14==")
script print("SEND")
expr -- (*(unsigned int*)($x2 + 16)) & 0xffff
==BP=1 n=14==
(lldb) continue
SEND
(lldb) (unsigned int) $13 = 16
(lldb) Process 7662 resuming
Process 7662 stopped
* thread #7, stop reason = breakpoint 2.1
    frame #0: 0x0000000100014328 H90 Control`___lldb_unnamed_symbol866
H90 Control`___lldb_unnamed_symbol866:
->  0x100014328 <+0>:  stp    d9, d8, [sp, #-0x40]!
    0x10001432c <+4>:  stp    x22, x21, [sp, #0x10]
    0x100014330 <+8>:  stp    x20, x19, [sp, #0x20]
    0x100014334 <+12>: stp    x29, x30, [sp, #0x30]
Target 0: (H90 Control) stopped.
(lldb) continue
Process 7662 resuming
Process 7662 stopped
* thread #1, name = 'JUCE Message Thread', queue = 'com.apple.main-thread', stop reason = breakpoint 1.1
    frame #0: 0x000000010001336c H90 Control`___lldb_unnamed_symbol857 + 704
H90 Control`___lldb_unnamed_symbol857:
->  0x10001336c <+704>: bl     0x100477330               ; symbol stub for: MIDISendEventList
    0x100013370 <+708>: b      0x100013380               ; <+724>
    0x100013374 <+712>: mov    x0, x1
    0x100013378 <+716>: mov    x1, x2
Target 0: (H90 Control) stopped.
(lldb) script print("==BP=1 n=15==")
script print("SEND")
expr -- (*(unsigned int*)($x2 + 16)) & 0xffff
==BP=1 n=15==
(lldb) continue
SEND
(lldb) (unsigned int) $14 = 16
(lldb) Process 7662 resuming
Process 7662 stopped
* thread #1, name = 'JUCE Message Thread', queue = 'com.apple.main-thread', stop reason = breakpoint 1.1
    frame #0: 0x000000010001336c H90 Control`___lldb_unnamed_symbol857 + 704
H90 Control`___lldb_unnamed_symbol857:
->  0x10001336c <+704>: bl     0x100477330               ; symbol stub for: MIDISendEventList
    0x100013370 <+708>: b      0x100013380               ; <+724>
    0x100013374 <+712>: mov    x0, x1
    0x100013378 <+716>: mov    x1, x2
Target 0: (H90 Control) stopped.
(lldb) script print("==BP=1 n=16==")
script print("SEND")
expr -- (*(unsigned int*)($x2 + 16)) & 0xffff
==BP=1 n=16==
(lldb) continue
SEND
(lldb) (unsigned int) $15 = 16
(lldb) Process 7662 resuming
Process 7662 stopped
* thread #7, stop reason = breakpoint 2.1
    frame #0: 0x0000000100014328 H90 Control`___lldb_unnamed_symbol866
H90 Control`___lldb_unnamed_symbol866:
->  0x100014328 <+0>:  stp    d9, d8, [sp, #-0x40]!
    0x10001432c <+4>:  stp    x22, x21, [sp, #0x10]
    0x100014330 <+8>:  stp    x20, x19, [sp, #0x20]
    0x100014334 <+12>: stp    x29, x30, [sp, #0x30]
Target 0: (H90 Control) stopped.
(lldb) continue
Process 7662 resuming
Process 7662 stopped
* thread #7, stop reason = breakpoint 2.1
    frame #0: 0x0000000100014328 H90 Control`___lldb_unnamed_symbol866
H90 Control`___lldb_unnamed_symbol866:
->  0x100014328 <+0>:  stp    d9, d8, [sp, #-0x40]!
    0x10001432c <+4>:  stp    x22, x21, [sp, #0x10]
    0x100014330 <+8>:  stp    x20, x19, [sp, #0x20]
    0x100014334 <+12>: stp    x29, x30, [sp, #0x30]
Target 0: (H90 Control) stopped.
(lldb) continue
Process 7662 resuming
Process 7662 stopped
* thread #7, stop reason = breakpoint 2.1
    frame #0: 0x0000000100014328 H90 Control`___lldb_unnamed_symbol866
H90 Control`___lldb_unnamed_symbol866:
->  0x100014328 <+0>:  stp    d9, d8, [sp, #-0x40]!
    0x10001432c <+4>:  stp    x22, x21, [sp, #0x10]
    0x100014330 <+8>:  stp    x20, x19, [sp, #0x20]
    0x100014334 <+12>: stp    x29, x30, [sp, #0x30]
Target 0: (H90 Control) stopped.
(lldb) continue
Process 7662 resuming
Process 7662 stopped
* thread #7, stop reason = breakpoint 2.1
    frame #0: 0x0000000100014328 H90 Control`___lldb_unnamed_symbol866
H90 Control`___lldb_unnamed_symbol866:
->  0x100014328 <+0>:  stp    d9, d8, [sp, #-0x40]!
    0x10001432c <+4>:  stp    x22, x21, [sp, #0x10]
    0x100014330 <+8>:  stp    x20, x19, [sp, #0x20]
    0x100014334 <+12>: stp    x29, x30, [sp, #0x30]
Target 0: (H90 Control) stopped.
(lldb) continue
Process 7662 resuming
Process 7662 stopped
* thread #7, stop reason = breakpoint 2.1
    frame #0: 0x0000000100014328 H90 Control`___lldb_unnamed_symbol866
H90 Control`___lldb_unnamed_symbol866:
->  0x100014328 <+0>:  stp    d9, d8, [sp, #-0x40]!
    0x10001432c <+4>:  stp    x22, x21, [sp, #0x10]
    0x100014330 <+8>:  stp    x20, x19, [sp, #0x20]
    0x100014334 <+12>: stp    x29, x30, [sp, #0x30]
Target 0: (H90 Control) stopped.
(lldb) continue
Process 7662 resuming
Process 7662 stopped
* thread #7, stop reason = breakpoint 2.1
    frame #0: 0x0000000100014328 H90 Control`___lldb_unnamed_symbol866
H90 Control`___lldb_unnamed_symbol866:
->  0x100014328 <+0>:  stp    d9, d8, [sp, #-0x40]!
    0x10001432c <+4>:  stp    x22, x21, [sp, #0x10]
    0x100014330 <+8>:  stp    x20, x19, [sp, #0x20]
    0x100014334 <+12>: stp    x29, x30, [sp, #0x30]
Target 0: (H90 Control) stopped.
(lldb) continue
Process 7662 resuming
Process 7662 stopped
* thread #7, stop reason = breakpoint 2.1
    frame #0: 0x0000000100014328 H90 Control`___lldb_unnamed_symbol866
H90 Control`___lldb_unnamed_symbol866:
->  0x100014328 <+0>:  stp    d9, d8, [sp, #-0x40]!
    0x10001432c <+4>:  stp    x22, x21, [sp, #0x10]
    0x100014330 <+8>:  stp    x20, x19, [sp, #0x20]
    0x100014334 <+12>: stp    x29, x30, [sp, #0x30]
Target 0: (H90 Control) stopped.
(lldb) continue
Process 7662 resuming
Process 7662 stopped
* thread #7, stop reason = breakpoint 2.1
    frame #0: 0x0000000100014328 H90 Control`___lldb_unnamed_symbol866
H90 Control`___lldb_unnamed_symbol866:
->  0x100014328 <+0>:  stp    d9, d8, [sp, #-0x40]!
    0x10001432c <+4>:  stp    x22, x21, [sp, #0x10]
    0x100014330 <+8>:  stp    x20, x19, [sp, #0x20]
    0x100014334 <+12>: stp    x29, x30, [sp, #0x30]
Target 0: (H90 Control) stopped.
(lldb) continue
Process 7662 resuming
Process 7662 stopped
* thread #7, stop reason = breakpoint 2.1
    frame #0: 0x0000000100014328 H90 Control`___lldb_unnamed_symbol866
H90 Control`___lldb_unnamed_symbol866:
->  0x100014328 <+0>:  stp    d9, d8, [sp, #-0x40]!
    0x10001432c <+4>:  stp    x22, x21, [sp, #0x10]
    0x100014330 <+8>:  stp    x20, x19, [sp, #0x20]
    0x100014334 <+12>: stp    x29, x30, [sp, #0x30]
Target 0: (H90 Control) stopped.
(lldb) continue
Process 7662 resuming
Process 7662 stopped
* thread #7, stop reason = breakpoint 2.1
    frame #0: 0x0000000100014328 H90 Control`___lldb_unnamed_symbol866
H90 Control`___lldb_unnamed_symbol866:
->  0x100014328 <+0>:  stp    d9, d8, [sp, #-0x40]!
    0x10001432c <+4>:  stp    x22, x21, [sp, #0x10]
    0x100014330 <+8>:  stp    x20, x19, [sp, #0x20]
    0x100014334 <+12>: stp    x29, x30, [sp, #0x30]
Target 0: (H90 Control) stopped.
(lldb) continue
Process 7662 resuming
Process 7662 stopped
* thread #7, stop reason = breakpoint 2.1
    frame #0: 0x0000000100014328 H90 Control`___lldb_unnamed_symbol866
H90 Control`___lldb_unnamed_symbol866:
->  0x100014328 <+0>:  stp    d9, d8, [sp, #-0x40]!
    0x10001432c <+4>:  stp    x22, x21, [sp, #0x10]
    0x100014330 <+8>:  stp    x20, x19, [sp, #0x20]
    0x100014334 <+12>: stp    x29, x30, [sp, #0x30]
Target 0: (H90 Control) stopped.
(lldb) continue
Process 7662 resuming
Process 7662 stopped
* thread #7, stop reason = breakpoint 2.1
    frame #0: 0x0000000100014328 H90 Control`___lldb_unnamed_symbol866
H90 Control`___lldb_unnamed_symbol866:
->  0x100014328 <+0>:  stp    d9, d8, [sp, #-0x40]!
    0x10001432c <+4>:  stp    x22, x21, [sp, #0x10]
    0x100014330 <+8>:  stp    x20, x19, [sp, #0x20]
    0x100014334 <+12>: stp    x29, x30, [sp, #0x30]
Target 0: (H90 Control) stopped.
(lldb) continue
Process 7662 resuming
Process 7662 stopped
* thread #7, stop reason = breakpoint 2.1
    frame #0: 0x0000000100014328 H90 Control`___lldb_unnamed_symbol866
H90 Control`___lldb_unnamed_symbol866:
->  0x100014328 <+0>:  stp    d9, d8, [sp, #-0x40]!
    0x10001432c <+4>:  stp    x22, x21, [sp, #0x10]
    0x100014330 <+8>:  stp    x20, x19, [sp, #0x20]
    0x100014334 <+12>: stp    x29, x30, [sp, #0x30]
Target 0: (H90 Control) stopped.
(lldb) continue
Process 7662 resuming
Process 7662 stopped
* thread #7, stop reason = breakpoint 2.1
    frame #0: 0x0000000100014328 H90 Control`___lldb_unnamed_symbol866
H90 Control`___lldb_unnamed_symbol866:
->  0x100014328 <+0>:  stp    d9, d8, [sp, #-0x40]!
    0x10001432c <+4>:  stp    x22, x21, [sp, #0x10]
    0x100014330 <+8>:  stp    x20, x19, [sp, #0x20]
    0x100014334 <+12>: stp    x29, x30, [sp, #0x30]
Target 0: (H90 Control) stopped.
(lldb) continue
Process 7662 resuming
Process 7662 stopped
* thread #7, stop reason = breakpoint 2.1
    frame #0: 0x0000000100014328 H90 Control`___lldb_unnamed_symbol866
H90 Control`___lldb_unnamed_symbol866:
->  0x100014328 <+0>:  stp    d9, d8, [sp, #-0x40]!
    0x10001432c <+4>:  stp    x22, x21, [sp, #0x10]
    0x100014330 <+8>:  stp    x20, x19, [sp, #0x20]
    0x100014334 <+12>: stp    x29, x30, [sp, #0x30]
Target 0: (H90 Control) stopped.
(lldb) continue
Process 7662 resuming
Process 7662 stopped
* thread #7, stop reason = breakpoint 2.1
    frame #0: 0x0000000100014328 H90 Control`___lldb_unnamed_symbol866
H90 Control`___lldb_unnamed_symbol866:
->  0x100014328 <+0>:  stp    d9, d8, [sp, #-0x40]!
    0x10001432c <+4>:  stp    x22, x21, [sp, #0x10]
    0x100014330 <+8>:  stp    x20, x19, [sp, #0x20]
    0x100014334 <+12>: stp    x29, x30, [sp, #0x30]
Target 0: (H90 Control) stopped.
(lldb) continue
Process 7662 resuming
Process 7662 stopped
* thread #7, stop reason = breakpoint 2.1
    frame #0: 0x0000000100014328 H90 Control`___lldb_unnamed_symbol866
H90 Control`___lldb_unnamed_symbol866:
->  0x100014328 <+0>:  stp    d9, d8, [sp, #-0x40]!
    0x10001432c <+4>:  stp    x22, x21, [sp, #0x10]
    0x100014330 <+8>:  stp    x20, x19, [sp, #0x20]
    0x100014334 <+12>: stp    x29, x30, [sp, #0x30]
Target 0: (H90 Control) stopped.
(lldb) continue
Process 7662 resuming
Process 7662 stopped
* thread #7, stop reason = breakpoint 2.1
    frame #0: 0x0000000100014328 H90 Control`___lldb_unnamed_symbol866
H90 Control`___lldb_unnamed_symbol866:
->  0x100014328 <+0>:  stp    d9, d8, [sp, #-0x40]!
    0x10001432c <+4>:  stp    x22, x21, [sp, #0x10]
    0x100014330 <+8>:  stp    x20, x19, [sp, #0x20]
    0x100014334 <+12>: stp    x29, x30, [sp, #0x30]
Target 0: (H90 Control) stopped.
(lldb) continue
Process 7662 resuming
Process 7662 stopped
* thread #7, stop reason = breakpoint 2.1
    frame #0: 0x0000000100014328 H90 Control`___lldb_unnamed_symbol866
H90 Control`___lldb_unnamed_symbol866:
->  0x100014328 <+0>:  stp    d9, d8, [sp, #-0x40]!
    0x10001432c <+4>:  stp    x22, x21, [sp, #0x10]
    0x100014330 <+8>:  stp    x20, x19, [sp, #0x20]
    0x100014334 <+12>: stp    x29, x30, [sp, #0x30]
Target 0: (H90 Control) stopped.
(lldb) continue
Process 7662 resuming
Process 7662 stopped
* thread #7, stop reason = breakpoint 2.1
    frame #0: 0x0000000100014328 H90 Control`___lldb_unnamed_symbol866
H90 Control`___lldb_unnamed_symbol866:
->  0x100014328 <+0>:  stp    d9, d8, [sp, #-0x40]!
    0x10001432c <+4>:  stp    x22, x21, [sp, #0x10]
    0x100014330 <+8>:  stp    x20, x19, [sp, #0x20]
    0x100014334 <+12>: stp    x29, x30, [sp, #0x30]
Target 0: (H90 Control) stopped.
(lldb) continue
Process 7662 resuming
Process 7662 stopped
* thread #7, stop reason = breakpoint 2.1
    frame #0: 0x0000000100014328 H90 Control`___lldb_unnamed_symbol866
H90 Control`___lldb_unnamed_symbol866:
->  0x100014328 <+0>:  stp    d9, d8, [sp, #-0x40]!
    0x10001432c <+4>:  stp    x22, x21, [sp, #0x10]
    0x100014330 <+8>:  stp    x20, x19, [sp, #0x20]
    0x100014334 <+12>: stp    x29, x30, [sp, #0x30]
Target 0: (H90 Control) stopped.
(lldb) continue
Process 7662 resuming
Process 7662 stopped
* thread #7, stop reason = breakpoint 2.1
    frame #0: 0x0000000100014328 H90 Control`___lldb_unnamed_symbol866
H90 Control`___lldb_unnamed_symbol866:
->  0x100014328 <+0>:  stp    d9, d8, [sp, #-0x40]!
    0x10001432c <+4>:  stp    x22, x21, [sp, #0x10]
    0x100014330 <+8>:  stp    x20, x19, [sp, #0x20]
    0x100014334 <+12>: stp    x29, x30, [sp, #0x30]
Target 0: (H90 Control) stopped.
(lldb) continue
Process 7662 resuming
Process 7662 stopped
* thread #7, stop reason = breakpoint 2.1
    frame #0: 0x0000000100014328 H90 Control`___lldb_unnamed_symbol866
H90 Control`___lldb_unnamed_symbol866:
->  0x100014328 <+0>:  stp    d9, d8, [sp, #-0x40]!
    0x10001432c <+4>:  stp    x22, x21, [sp, #0x10]
    0x100014330 <+8>:  stp    x20, x19, [sp, #0x20]
    0x100014334 <+12>: stp    x29, x30, [sp, #0x30]
Target 0: (H90 Control) stopped.
(lldb) continue
Process 7662 resuming
Process 7662 stopped
* thread #7, stop reason = breakpoint 2.1
    frame #0: 0x0000000100014328 H90 Control`___lldb_unnamed_symbol866
H90 Control`___lldb_unnamed_symbol866:
->  0x100014328 <+0>:  stp    d9, d8, [sp, #-0x40]!
    0x10001432c <+4>:  stp    x22, x21, [sp, #0x10]
    0x100014330 <+8>:  stp    x20, x19, [sp, #0x20]
    0x100014334 <+12>: stp    x29, x30, [sp, #0x30]
Target 0: (H90 Control) stopped.
(lldb) continue
Process 7662 resuming
2026-08-05 16:27:48.567893+0300 H90 Control[7662:67723] [logging-persist] cannot open file at line 49455 of [1b37c146ee]
2026-08-05 16:27:48.567916+0300 H90 Control[7662:67723] [logging-persist] os_unix.c:49455: (2) open(/private/var/db/DetachedSignatures) - No such file or directory
2026-08-05 16:27:48.819180+0300 H90 Control[7662:67723] [OpenSavePanels] Ignoring NSSavePanel method sent to NSOpenPanel: setNameFieldStringValue:
2026-08-05 16:27:48.821769+0300 H90 Control[7662:67723] The class 'SafeOpenPanel_55c2f44d1363f184' overrides the method identifier.  This method is implemented by class 'NSWindow'
Process 7662 stopped
* thread #1, name = 'JUCE Message Thread', queue = 'com.apple.main-thread', stop reason = breakpoint 1.1
    frame #0: 0x000000010001336c H90 Control`___lldb_unnamed_symbol857 + 704
H90 Control`___lldb_unnamed_symbol857:
->  0x10001336c <+704>: bl     0x100477330               ; symbol stub for: MIDISendEventList
    0x100013370 <+708>: b      0x100013380               ; <+724>
    0x100013374 <+712>: mov    x0, x1
    0x100013378 <+716>: mov    x1, x2
Target 0: (H90 Control) stopped.
(lldb) script print("==BP=1 n=17==")
script print("SEND")
expr -- (*(unsigned int*)($x2 + 16)) & 0xffff
==BP=1 n=17==
(lldb) continue
SEND
(lldb) (unsigned int) $16 = 44
(lldb) Process 7662 resuming
Process 7662 stopped
* thread #7, stop reason = breakpoint 2.1
    frame #0: 0x0000000100014328 H90 Control`___lldb_unnamed_symbol866
H90 Control`___lldb_unnamed_symbol866:
->  0x100014328 <+0>:  stp    d9, d8, [sp, #-0x40]!
    0x10001432c <+4>:  stp    x22, x21, [sp, #0x10]
    0x100014330 <+8>:  stp    x20, x19, [sp, #0x20]
    0x100014334 <+12>: stp    x29, x30, [sp, #0x30]
Target 0: (H90 Control) stopped.
(lldb) continue
Process 7662 resuming
Process 7662 stopped
* thread #7, stop reason = breakpoint 2.1
    frame #0: 0x0000000100014328 H90 Control`___lldb_unnamed_symbol866
H90 Control`___lldb_unnamed_symbol866:
->  0x100014328 <+0>:  stp    d9, d8, [sp, #-0x40]!
    0x10001432c <+4>:  stp    x22, x21, [sp, #0x10]
    0x100014330 <+8>:  stp    x20, x19, [sp, #0x20]
    0x100014334 <+12>: stp    x29, x30, [sp, #0x30]
Target 0: (H90 Control) stopped.
(lldb) continue
Process 7662 resuming
Process 7662 stopped
* thread #7, stop reason = breakpoint 2.1
    frame #0: 0x0000000100014328 H90 Control`___lldb_unnamed_symbol866
H90 Control`___lldb_unnamed_symbol866:
->  0x100014328 <+0>:  stp    d9, d8, [sp, #-0x40]!
    0x10001432c <+4>:  stp    x22, x21, [sp, #0x10]
    0x100014330 <+8>:  stp    x20, x19, [sp, #0x20]
    0x100014334 <+12>: stp    x29, x30, [sp, #0x30]
Target 0: (H90 Control) stopped.
(lldb) continue
Process 7662 resuming
Process 7662 stopped
* thread #7, stop reason = breakpoint 2.1
    frame #0: 0x0000000100014328 H90 Control`___lldb_unnamed_symbol866
H90 Control`___lldb_unnamed_symbol866:
->  0x100014328 <+0>:  stp    d9, d8, [sp, #-0x40]!
    0x10001432c <+4>:  stp    x22, x21, [sp, #0x10]
    0x100014330 <+8>:  stp    x20, x19, [sp, #0x20]
    0x100014334 <+12>: stp    x29, x30, [sp, #0x30]
Target 0: (H90 Control) stopped.
(lldb) continue
Process 7662 resuming
Process 7662 stopped
* thread #7, stop reason = breakpoint 2.1
    frame #0: 0x0000000100014328 H90 Control`___lldb_unnamed_symbol866
H90 Control`___lldb_unnamed_symbol866:
->  0x100014328 <+0>:  stp    d9, d8, [sp, #-0x40]!
    0x10001432c <+4>:  stp    x22, x21, [sp, #0x10]
    0x100014330 <+8>:  stp    x20, x19, [sp, #0x20]
    0x100014334 <+12>: stp    x29, x30, [sp, #0x30]
Target 0: (H90 Control) stopped.
(lldb) continue
Process 7662 resuming
Process 7662 stopped
* thread #7, stop reason = breakpoint 2.1
    frame #0: 0x0000000100014328 H90 Control`___lldb_unnamed_symbol866
H90 Control`___lldb_unnamed_symbol866:
->  0x100014328 <+0>:  stp    d9, d8, [sp, #-0x40]!
    0x10001432c <+4>:  stp    x22, x21, [sp, #0x10]
    0x100014330 <+8>:  stp    x20, x19, [sp, #0x20]
    0x100014334 <+12>: stp    x29, x30, [sp, #0x30]
Target 0: (H90 Control) stopped.
(lldb) continue
Process 7662 resuming
Process 7662 stopped
* thread #7, stop reason = breakpoint 2.1
    frame #0: 0x0000000100014328 H90 Control`___lldb_unnamed_symbol866
H90 Control`___lldb_unnamed_symbol866:
->  0x100014328 <+0>:  stp    d9, d8, [sp, #-0x40]!
    0x10001432c <+4>:  stp    x22, x21, [sp, #0x10]
    0x100014330 <+8>:  stp    x20, x19, [sp, #0x20]
    0x100014334 <+12>: stp    x29, x30, [sp, #0x30]
Target 0: (H90 Control) stopped.
(lldb) continue
Process 7662 resuming
Process 7662 stopped
* thread #7, stop reason = breakpoint 2.1
    frame #0: 0x0000000100014328 H90 Control`___lldb_unnamed_symbol866
H90 Control`___lldb_unnamed_symbol866:
->  0x100014328 <+0>:  stp    d9, d8, [sp, #-0x40]!
    0x10001432c <+4>:  stp    x22, x21, [sp, #0x10]
    0x100014330 <+8>:  stp    x20, x19, [sp, #0x20]
    0x100014334 <+12>: stp    x29, x30, [sp, #0x30]
Target 0: (H90 Control) stopped.
(lldb) continue
Process 7662 resuming
Process 7662 stopped
* thread #7, stop reason = breakpoint 2.1
    frame #0: 0x0000000100014328 H90 Control`___lldb_unnamed_symbol866
H90 Control`___lldb_unnamed_symbol866:
->  0x100014328 <+0>:  stp    d9, d8, [sp, #-0x40]!
    0x10001432c <+4>:  stp    x22, x21, [sp, #0x10]
    0x100014330 <+8>:  stp    x20, x19, [sp, #0x20]
    0x100014334 <+12>: stp    x29, x30, [sp, #0x30]
Target 0: (H90 Control) stopped.
(lldb) continue
Process 7662 resuming
Process 7662 stopped
* thread #7, stop reason = breakpoint 2.1
    frame #0: 0x0000000100014328 H90 Control`___lldb_unnamed_symbol866
H90 Control`___lldb_unnamed_symbol866:
->  0x100014328 <+0>:  stp    d9, d8, [sp, #-0x40]!
    0x10001432c <+4>:  stp    x22, x21, [sp, #0x10]
    0x100014330 <+8>:  stp    x20, x19, [sp, #0x20]
    0x100014334 <+12>: stp    x29, x30, [sp, #0x30]
Target 0: (H90 Control) stopped.
(lldb) continue
Process 7662 resuming
2026-08-05 16:27:52.162949+0300 H90 Control[7662:67723] [CursorUI] ViewBridge to RemoteViewService Terminated: Error Domain=com.apple.ViewBridge Code=18 "(null)" UserInfo={com.apple.ViewBridge.error.hint=this process disconnected remote view controller -- benign unless unexpected, com.apple.ViewBridge.error.description=NSViewBridgeErrorCanceled}
Process 7662 stopped
* thread #7, stop reason = breakpoint 2.1
    frame #0: 0x0000000100014328 H90 Control`___lldb_unnamed_symbol866
H90 Control`___lldb_unnamed_symbol866:
->  0x100014328 <+0>:  stp    d9, d8, [sp, #-0x40]!
    0x10001432c <+4>:  stp    x22, x21, [sp, #0x10]
    0x100014330 <+8>:  stp    x20, x19, [sp, #0x20]
    0x100014334 <+12>: stp    x29, x30, [sp, #0x30]
Target 0: (H90 Control) stopped.
(lldb) continue
Process 7662 resuming
continue
continue
continue
2026-08-05 16:28:26.550303+0300 H90 Control[7662:67767] [tcp] tcp_output [C7.1.1.1:3] flags=[R.] seq=1650542270, ack=3501252804, win=2048 state=CLOSED rcv_nxt=3501252804, snd_una=1650542150
continue
continue
continue
continue
continue
continue
continue
continue
continue
continue
continue
continue
continue
continue
continue
continue
continue
continue
continue
continue
continue
Process 7662 stopped
* thread #1, name = 'JUCE Message Thread', queue = 'com.apple.main-thread', stop reason = breakpoint 1.1
    frame #0: 0x000000010001336c H90 Control`___lldb_unnamed_symbol857 + 704
H90 Control`___lldb_unnamed_symbol857:
->  0x10001336c <+704>: bl     0x100477330               ; symbol stub for: MIDISendEventList
    0x100013370 <+708>: b      0x100013380               ; <+724>
    0x100013374 <+712>: mov    x0, x1
    0x100013378 <+716>: mov    x1, x2
Target 0: (H90 Control) stopped.
(lldb) script print("==BP=1 n=18==")
script print("SEND")
expr -- (*(unsigned int*)($x2 + 16)) & 0xffff
==BP=1 n=18==
(lldb) continue
SEND
(lldb) (unsigned int) $17 = 18
(lldb) Process 7662 resuming
Process 7662 stopped
* thread #7, stop reason = breakpoint 2.1
    frame #0: 0x0000000100014328 H90 Control`___lldb_unnamed_symbol866
H90 Control`___lldb_unnamed_symbol866:
->  0x100014328 <+0>:  stp    d9, d8, [sp, #-0x40]!
    0x10001432c <+4>:  stp    x22, x21, [sp, #0x10]
    0x100014330 <+8>:  stp    x20, x19, [sp, #0x20]
    0x100014334 <+12>: stp    x29, x30, [sp, #0x30]
Target 0: (H90 Control) stopped.
(lldb) continue
Process 7662 resuming
Process 7662 stopped
* thread #7, stop reason = breakpoint 2.1
    frame #0: 0x0000000100014328 H90 Control`___lldb_unnamed_symbol866
H90 Control`___lldb_unnamed_symbol866:
->  0x100014328 <+0>:  stp    d9, d8, [sp, #-0x40]!
    0x10001432c <+4>:  stp    x22, x21, [sp, #0x10]
    0x100014330 <+8>:  stp    x20, x19, [sp, #0x20]
    0x100014334 <+12>: stp    x29, x30, [sp, #0x30]
Target 0: (H90 Control) stopped.
(lldb) continue
Process 7662 resuming
Process 7662 stopped
* thread #7, stop reason = breakpoint 2.1
    frame #0: 0x0000000100014328 H90 Control`___lldb_unnamed_symbol866
H90 Control`___lldb_unnamed_symbol866:
->  0x100014328 <+0>:  stp    d9, d8, [sp, #-0x40]!
    0x10001432c <+4>:  stp    x22, x21, [sp, #0x10]
    0x100014330 <+8>:  stp    x20, x19, [sp, #0x20]
    0x100014334 <+12>: stp    x29, x30, [sp, #0x30]
Target 0: (H90 Control) stopped.
(lldb) continue
Process 7662 resuming
Process 7662 stopped
* thread #7, stop reason = breakpoint 2.1
    frame #0: 0x0000000100014328 H90 Control`___lldb_unnamed_symbol866
H90 Control`___lldb_unnamed_symbol866:
->  0x100014328 <+0>:  stp    d9, d8, [sp, #-0x40]!
    0x10001432c <+4>:  stp    x22, x21, [sp, #0x10]
    0x100014330 <+8>:  stp    x20, x19, [sp, #0x20]
    0x100014334 <+12>: stp    x29, x30, [sp, #0x30]
Target 0: (H90 Control) stopped.
(lldb) continue
Process 7662 resuming
Process 7662 stopped
* thread #7, stop reason = breakpoint 2.1
    frame #0: 0x0000000100014328 H90 Control`___lldb_unnamed_symbol866
H90 Control`___lldb_unnamed_symbol866:
->  0x100014328 <+0>:  stp    d9, d8, [sp, #-0x40]!
    0x10001432c <+4>:  stp    x22, x21, [sp, #0x10]
    0x100014330 <+8>:  stp    x20, x19, [sp, #0x20]
    0x100014334 <+12>: stp    x29, x30, [sp, #0x30]
Target 0: (H90 Control) stopped.
(lldb) continue
Process 7662 resuming
Process 7662 stopped
* thread #7, stop reason = breakpoint 2.1
    frame #0: 0x0000000100014328 H90 Control`___lldb_unnamed_symbol866
H90 Control`___lldb_unnamed_symbol866:
->  0x100014328 <+0>:  stp    d9, d8, [sp, #-0x40]!
    0x10001432c <+4>:  stp    x22, x21, [sp, #0x10]
    0x100014330 <+8>:  stp    x20, x19, [sp, #0x20]
    0x100014334 <+12>: stp    x29, x30, [sp, #0x30]
Target 0: (H90 Control) stopped.
(lldb) continue
Process 7662 resuming
Process 7662 stopped
* thread #7, stop reason = breakpoint 2.1
    frame #0: 0x0000000100014328 H90 Control`___lldb_unnamed_symbol866
H90 Control`___lldb_unnamed_symbol866:
->  0x100014328 <+0>:  stp    d9, d8, [sp, #-0x40]!
    0x10001432c <+4>:  stp    x22, x21, [sp, #0x10]
    0x100014330 <+8>:  stp    x20, x19, [sp, #0x20]
    0x100014334 <+12>: stp    x29, x30, [sp, #0x30]
Target 0: (H90 Control) stopped.
(lldb) continue
Process 7662 resuming
Process 7662 stopped
* thread #7, stop reason = breakpoint 2.1
    frame #0: 0x0000000100014328 H90 Control`___lldb_unnamed_symbol866
H90 Control`___lldb_unnamed_symbol866:
->  0x100014328 <+0>:  stp    d9, d8, [sp, #-0x40]!
    0x10001432c <+4>:  stp    x22, x21, [sp, #0x10]
    0x100014330 <+8>:  stp    x20, x19, [sp, #0x20]
    0x100014334 <+12>: stp    x29, x30, [sp, #0x30]
Target 0: (H90 Control) stopped.
(lldb) continue
Process 7662 resuming
Process 7662 stopped
* thread #7, stop reason = breakpoint 2.1
    frame #0: 0x0000000100014328 H90 Control`___lldb_unnamed_symbol866
H90 Control`___lldb_unnamed_symbol866:
->  0x100014328 <+0>:  stp    d9, d8, [sp, #-0x40]!
    0x10001432c <+4>:  stp    x22, x21, [sp, #0x10]
    0x100014330 <+8>:  stp    x20, x19, [sp, #0x20]
    0x100014334 <+12>: stp    x29, x30, [sp, #0x30]
Target 0: (H90 Control) stopped.
(lldb) continue
Process 7662 resuming
Process 7662 stopped
* thread #7, stop reason = breakpoint 2.1
    frame #0: 0x0000000100014328 H90 Control`___lldb_unnamed_symbol866
H90 Control`___lldb_unnamed_symbol866:
->  0x100014328 <+0>:  stp    d9, d8, [sp, #-0x40]!
    0x10001432c <+4>:  stp    x22, x21, [sp, #0x10]
    0x100014330 <+8>:  stp    x20, x19, [sp, #0x20]
    0x100014334 <+12>: stp    x29, x30, [sp, #0x30]
Target 0: (H90 Control) stopped.
(lldb) continue
Process 7662 resuming
Process 7662 stopped
* thread #7, stop reason = breakpoint 2.1
    frame #0: 0x0000000100014328 H90 Control`___lldb_unnamed_symbol866
H90 Control`___lldb_unnamed_symbol866:
->  0x100014328 <+0>:  stp    d9, d8, [sp, #-0x40]!
    0x10001432c <+4>:  stp    x22, x21, [sp, #0x10]
    0x100014330 <+8>:  stp    x20, x19, [sp, #0x20]
    0x100014334 <+12>: stp    x29, x30, [sp, #0x30]
Target 0: (H90 Control) stopped.
(lldb) continue
Process 7662 resuming
Process 7662 stopped
* thread #7, stop reason = breakpoint 2.1
    frame #0: 0x0000000100014328 H90 Control`___lldb_unnamed_symbol866
H90 Control`___lldb_unnamed_symbol866:
->  0x100014328 <+0>:  stp    d9, d8, [sp, #-0x40]!
    0x10001432c <+4>:  stp    x22, x21, [sp, #0x10]
    0x100014330 <+8>:  stp    x20, x19, [sp, #0x20]
    0x100014334 <+12>: stp    x29, x30, [sp, #0x30]
Target 0: (H90 Control) stopped.
(lldb) continue
Process 7662 resuming
Process 7662 stopped
* thread #7, stop reason = breakpoint 2.1
    frame #0: 0x0000000100014328 H90 Control`___lldb_unnamed_symbol866
H90 Control`___lldb_unnamed_symbol866:
->  0x100014328 <+0>:  stp    d9, d8, [sp, #-0x40]!
    0x10001432c <+4>:  stp    x22, x21, [sp, #0x10]
    0x100014330 <+8>:  stp    x20, x19, [sp, #0x20]
    0x100014334 <+12>: stp    x29, x30, [sp, #0x30]
Target 0: (H90 Control) stopped.
(lldb) continue
Process 7662 resuming
Process 7662 stopped
* thread #7, stop reason = breakpoint 2.1
    frame #0: 0x0000000100014328 H90 Control`___lldb_unnamed_symbol866
H90 Control`___lldb_unnamed_symbol866:
->  0x100014328 <+0>:  stp    d9, d8, [sp, #-0x40]!
    0x10001432c <+4>:  stp    x22, x21, [sp, #0x10]
    0x100014330 <+8>:  stp    x20, x19, [sp, #0x20]
    0x100014334 <+12>: stp    x29, x30, [sp, #0x30]
Target 0: (H90 Control) stopped.
(lldb) continue
Process 7662 resuming
Process 7662 stopped
* thread #7, stop reason = breakpoint 2.1
    frame #0: 0x0000000100014328 H90 Control`___lldb_unnamed_symbol866
H90 Control`___lldb_unnamed_symbol866:
->  0x100014328 <+0>:  stp    d9, d8, [sp, #-0x40]!
    0x10001432c <+4>:  stp    x22, x21, [sp, #0x10]
    0x100014330 <+8>:  stp    x20, x19, [sp, #0x20]
    0x100014334 <+12>: stp    x29, x30, [sp, #0x30]
Target 0: (H90 Control) stopped.
(lldb) continue
Process 7662 resuming
Process 7662 stopped
* thread #7, stop reason = breakpoint 2.1
    frame #0: 0x0000000100014328 H90 Control`___lldb_unnamed_symbol866
H90 Control`___lldb_unnamed_symbol866:
->  0x100014328 <+0>:  stp    d9, d8, [sp, #-0x40]!
    0x10001432c <+4>:  stp    x22, x21, [sp, #0x10]
    0x100014330 <+8>:  stp    x20, x19, [sp, #0x20]
    0x100014334 <+12>: stp    x29, x30, [sp, #0x30]
Target 0: (H90 Control) stopped.
(lldb) continue
Process 7662 resuming
Process 7662 stopped
* thread #7, stop reason = breakpoint 2.1
    frame #0: 0x0000000100014328 H90 Control`___lldb_unnamed_symbol866
H90 Control`___lldb_unnamed_symbol866:
->  0x100014328 <+0>:  stp    d9, d8, [sp, #-0x40]!
    0x10001432c <+4>:  stp    x22, x21, [sp, #0x10]
    0x100014330 <+8>:  stp    x20, x19, [sp, #0x20]
    0x100014334 <+12>: stp    x29, x30, [sp, #0x30]
Target 0: (H90 Control) stopped.
(lldb) continue
Process 7662 resuming
Process 7662 stopped
* thread #7, stop reason = breakpoint 2.1
    frame #0: 0x0000000100014328 H90 Control`___lldb_unnamed_symbol866
H90 Control`___lldb_unnamed_symbol866:
->  0x100014328 <+0>:  stp    d9, d8, [sp, #-0x40]!
    0x10001432c <+4>:  stp    x22, x21, [sp, #0x10]
    0x100014330 <+8>:  stp    x20, x19, [sp, #0x20]
    0x100014334 <+12>: stp    x29, x30, [sp, #0x30]
Target 0: (H90 Control) stopped.
(lldb) continue
Process 7662 resuming
Process 7662 stopped
* thread #7, stop reason = breakpoint 2.1
    frame #0: 0x0000000100014328 H90 Control`___lldb_unnamed_symbol866
H90 Control`___lldb_unnamed_symbol866:
->  0x100014328 <+0>:  stp    d9, d8, [sp, #-0x40]!
    0x10001432c <+4>:  stp    x22, x21, [sp, #0x10]
    0x100014330 <+8>:  stp    x20, x19, [sp, #0x20]
    0x100014334 <+12>: stp    x29, x30, [sp, #0x30]
Target 0: (H90 Control) stopped.
(lldb) continue
Process 7662 resuming
Process 7662 stopped
* thread #7, stop reason = breakpoint 2.1
    frame #0: 0x0000000100014328 H90 Control`___lldb_unnamed_symbol866
H90 Control`___lldb_unnamed_symbol866:
->  0x100014328 <+0>:  stp    d9, d8, [sp, #-0x40]!
    0x10001432c <+4>:  stp    x22, x21, [sp, #0x10]
    0x100014330 <+8>:  stp    x20, x19, [sp, #0x20]
    0x100014334 <+12>: stp    x29, x30, [sp, #0x30]
Target 0: (H90 Control) stopped.
(lldb) continue
Process 7662 resuming
Process 7662 stopped
* thread #7, stop reason = breakpoint 2.1
    frame #0: 0x0000000100014328 H90 Control`___lldb_unnamed_symbol866
H90 Control`___lldb_unnamed_symbol866:
->  0x100014328 <+0>:  stp    d9, d8, [sp, #-0x40]!
    0x10001432c <+4>:  stp    x22, x21, [sp, #0x10]
    0x100014330 <+8>:  stp    x20, x19, [sp, #0x20]
    0x100014334 <+12>: stp    x29, x30, [sp, #0x30]
Target 0: (H90 Control) stopped.
(lldb) continue
Process 7662 resuming
Process 7662 stopped
* thread #7, stop reason = breakpoint 2.1
    frame #0: 0x0000000100014328 H90 Control`___lldb_unnamed_symbol866
H90 Control`___lldb_unnamed_symbol866:
->  0x100014328 <+0>:  stp    d9, d8, [sp, #-0x40]!
    0x10001432c <+4>:  stp    x22, x21, [sp, #0x10]
    0x100014330 <+8>:  stp    x20, x19, [sp, #0x20]
    0x100014334 <+12>: stp    x29, x30, [sp, #0x30]
Target 0: (H90 Control) stopped.
(lldb) continue
Process 7662 resuming
Process 7662 stopped
* thread #7, stop reason = breakpoint 2.1
    frame #0: 0x0000000100014328 H90 Control`___lldb_unnamed_symbol866
H90 Control`___lldb_unnamed_symbol866:
->  0x100014328 <+0>:  stp    d9, d8, [sp, #-0x40]!
    0x10001432c <+4>:  stp    x22, x21, [sp, #0x10]
    0x100014330 <+8>:  stp    x20, x19, [sp, #0x20]
    0x100014334 <+12>: stp    x29, x30, [sp, #0x30]
Target 0: (H90 Control) stopped.
(lldb) continue
Process 7662 resuming
Process 7662 stopped
* thread #7, stop reason = breakpoint 2.1
    frame #0: 0x0000000100014328 H90 Control`___lldb_unnamed_symbol866
H90 Control`___lldb_unnamed_symbol866:
->  0x100014328 <+0>:  stp    d9, d8, [sp, #-0x40]!
    0x10001432c <+4>:  stp    x22, x21, [sp, #0x10]
    0x100014330 <+8>:  stp    x20, x19, [sp, #0x20]
    0x100014334 <+12>: stp    x29, x30, [sp, #0x30]
Target 0: (H90 Control) stopped.
(lldb) continue
Process 7662 resuming
Process 7662 stopped
* thread #7, stop reason = breakpoint 2.1
    frame #0: 0x0000000100014328 H90 Control`___lldb_unnamed_symbol866
H90 Control`___lldb_unnamed_symbol866:
->  0x100014328 <+0>:  stp    d9, d8, [sp, #-0x40]!
    0x10001432c <+4>:  stp    x22, x21, [sp, #0x10]
    0x100014330 <+8>:  stp    x20, x19, [sp, #0x20]
    0x100014334 <+12>: stp    x29, x30, [sp, #0x30]
Target 0: (H90 Control) stopped.
(lldb) continue
Process 7662 resuming
Process 7662 stopped
* thread #7, stop reason = breakpoint 2.1
    frame #0: 0x0000000100014328 H90 Control`___lldb_unnamed_symbol866
H90 Control`___lldb_unnamed_symbol866:
->  0x100014328 <+0>:  stp    d9, d8, [sp, #-0x40]!
    0x10001432c <+4>:  stp    x22, x21, [sp, #0x10]
    0x100014330 <+8>:  stp    x20, x19, [sp, #0x20]
    0x100014334 <+12>: stp    x29, x30, [sp, #0x30]
Target 0: (H90 Control) stopped.
(lldb) continue
Process 7662 resuming
continue
Process 7662 stopped
* thread #1, name = 'JUCE Message Thread', queue = 'com.apple.main-thread', stop reason = breakpoint 1.1
    frame #0: 0x000000010001336c H90 Control`___lldb_unnamed_symbol857 + 704
H90 Control`___lldb_unnamed_symbol857:
->  0x10001336c <+704>: bl     0x100477330               ; symbol stub for: MIDISendEventList
    0x100013370 <+708>: b      0x100013380               ; <+724>
    0x100013374 <+712>: mov    x0, x1
    0x100013378 <+716>: mov    x1, x2
Target 0: (H90 Control) stopped.
(lldb) script print("==BP=1 n=19==")
script print("SEND")
expr -- (*(unsigned int*)($x2 + 16)) & 0xffff
==BP=1 n=19==
(lldb) continue
SEND
(lldb) (unsigned int) $18 = 18
(lldb) Process 7662 resuming
Process 7662 stopped
* thread #7, stop reason = breakpoint 2.1
    frame #0: 0x0000000100014328 H90 Control`___lldb_unnamed_symbol866
H90 Control`___lldb_unnamed_symbol866:
->  0x100014328 <+0>:  stp    d9, d8, [sp, #-0x40]!
    0x10001432c <+4>:  stp    x22, x21, [sp, #0x10]
    0x100014330 <+8>:  stp    x20, x19, [sp, #0x20]
    0x100014334 <+12>: stp    x29, x30, [sp, #0x30]
Target 0: (H90 Control) stopped.
(lldb) continue
Process 7662 resuming
Process 7662 stopped
* thread #7, stop reason = breakpoint 2.1
    frame #0: 0x0000000100014328 H90 Control`___lldb_unnamed_symbol866
H90 Control`___lldb_unnamed_symbol866:
->  0x100014328 <+0>:  stp    d9, d8, [sp, #-0x40]!
    0x10001432c <+4>:  stp    x22, x21, [sp, #0x10]
    0x100014330 <+8>:  stp    x20, x19, [sp, #0x20]
    0x100014334 <+12>: stp    x29, x30, [sp, #0x30]
Target 0: (H90 Control) stopped.
(lldb) continue
Process 7662 resuming
Process 7662 stopped
* thread #7, stop reason = breakpoint 2.1
    frame #0: 0x0000000100014328 H90 Control`___lldb_unnamed_symbol866
H90 Control`___lldb_unnamed_symbol866:
->  0x100014328 <+0>:  stp    d9, d8, [sp, #-0x40]!
    0x10001432c <+4>:  stp    x22, x21, [sp, #0x10]
    0x100014330 <+8>:  stp    x20, x19, [sp, #0x20]
    0x100014334 <+12>: stp    x29, x30, [sp, #0x30]
Target 0: (H90 Control) stopped.
(lldb) continue
Process 7662 resuming
Process 7662 stopped
* thread #7, stop reason = breakpoint 2.1
    frame #0: 0x0000000100014328 H90 Control`___lldb_unnamed_symbol866
H90 Control`___lldb_unnamed_symbol866:
->  0x100014328 <+0>:  stp    d9, d8, [sp, #-0x40]!
    0x10001432c <+4>:  stp    x22, x21, [sp, #0x10]
    0x100014330 <+8>:  stp    x20, x19, [sp, #0x20]
    0x100014334 <+12>: stp    x29, x30, [sp, #0x30]
Target 0: (H90 Control) stopped.
(lldb) continue
Process 7662 resuming
Process 7662 stopped
* thread #7, stop reason = breakpoint 2.1
    frame #0: 0x0000000100014328 H90 Control`___lldb_unnamed_symbol866
H90 Control`___lldb_unnamed_symbol866:
->  0x100014328 <+0>:  stp    d9, d8, [sp, #-0x40]!
    0x10001432c <+4>:  stp    x22, x21, [sp, #0x10]
    0x100014330 <+8>:  stp    x20, x19, [sp, #0x20]
    0x100014334 <+12>: stp    x29, x30, [sp, #0x30]
Target 0: (H90 Control) stopped.
(lldb) continue
Process 7662 resuming
Process 7662 stopped
* thread #7, stop reason = breakpoint 2.1
    frame #0: 0x0000000100014328 H90 Control`___lldb_unnamed_symbol866
H90 Control`___lldb_unnamed_symbol866:
->  0x100014328 <+0>:  stp    d9, d8, [sp, #-0x40]!
    0x10001432c <+4>:  stp    x22, x21, [sp, #0x10]
    0x100014330 <+8>:  stp    x20, x19, [sp, #0x20]
    0x100014334 <+12>: stp    x29, x30, [sp, #0x30]
Target 0: (H90 Control) stopped.
(lldb) continue
Process 7662 resuming
Process 7662 stopped
* thread #7, stop reason = breakpoint 2.1
    frame #0: 0x0000000100014328 H90 Control`___lldb_unnamed_symbol866
H90 Control`___lldb_unnamed_symbol866:
->  0x100014328 <+0>:  stp    d9, d8, [sp, #-0x40]!
    0x10001432c <+4>:  stp    x22, x21, [sp, #0x10]
    0x100014330 <+8>:  stp    x20, x19, [sp, #0x20]
    0x100014334 <+12>: stp    x29, x30, [sp, #0x30]
Target 0: (H90 Control) stopped.
(lldb) continue
Process 7662 resuming
Process 7662 stopped
* thread #7, stop reason = breakpoint 2.1
    frame #0: 0x0000000100014328 H90 Control`___lldb_unnamed_symbol866
H90 Control`___lldb_unnamed_symbol866:
->  0x100014328 <+0>:  stp    d9, d8, [sp, #-0x40]!
    0x10001432c <+4>:  stp    x22, x21, [sp, #0x10]
    0x100014330 <+8>:  stp    x20, x19, [sp, #0x20]
    0x100014334 <+12>: stp    x29, x30, [sp, #0x30]
Target 0: (H90 Control) stopped.
(lldb) continue
Process 7662 resuming
Process 7662 stopped
* thread #7, stop reason = breakpoint 2.1
    frame #0: 0x0000000100014328 H90 Control`___lldb_unnamed_symbol866
H90 Control`___lldb_unnamed_symbol866:
->  0x100014328 <+0>:  stp    d9, d8, [sp, #-0x40]!
    0x10001432c <+4>:  stp    x22, x21, [sp, #0x10]
    0x100014330 <+8>:  stp    x20, x19, [sp, #0x20]
    0x100014334 <+12>: stp    x29, x30, [sp, #0x30]
Target 0: (H90 Control) stopped.
(lldb) continue
Process 7662 resuming
Process 7662 stopped
* thread #7, stop reason = breakpoint 2.1
    frame #0: 0x0000000100014328 H90 Control`___lldb_unnamed_symbol866
H90 Control`___lldb_unnamed_symbol866:
->  0x100014328 <+0>:  stp    d9, d8, [sp, #-0x40]!
    0x10001432c <+4>:  stp    x22, x21, [sp, #0x10]
    0x100014330 <+8>:  stp    x20, x19, [sp, #0x20]
    0x100014334 <+12>: stp    x29, x30, [sp, #0x30]
Target 0: (H90 Control) stopped.
(lldb) continue
Process 7662 resuming
Process 7662 stopped
* thread #7, stop reason = breakpoint 2.1
    frame #0: 0x0000000100014328 H90 Control`___lldb_unnamed_symbol866
H90 Control`___lldb_unnamed_symbol866:
->  0x100014328 <+0>:  stp    d9, d8, [sp, #-0x40]!
    0x10001432c <+4>:  stp    x22, x21, [sp, #0x10]
    0x100014330 <+8>:  stp    x20, x19, [sp, #0x20]
    0x100014334 <+12>: stp    x29, x30, [sp, #0x30]
Target 0: (H90 Control) stopped.
(lldb) continue
Process 7662 resuming
Process 7662 stopped
* thread #7, stop reason = breakpoint 2.1
    frame #0: 0x0000000100014328 H90 Control`___lldb_unnamed_symbol866
H90 Control`___lldb_unnamed_symbol866:
->  0x100014328 <+0>:  stp    d9, d8, [sp, #-0x40]!
    0x10001432c <+4>:  stp    x22, x21, [sp, #0x10]
    0x100014330 <+8>:  stp    x20, x19, [sp, #0x20]
    0x100014334 <+12>: stp    x29, x30, [sp, #0x30]
Target 0: (H90 Control) stopped.
(lldb) continue
Process 7662 resuming
Process 7662 stopped
* thread #7, stop reason = breakpoint 2.1
    frame #0: 0x0000000100014328 H90 Control`___lldb_unnamed_symbol866
H90 Control`___lldb_unnamed_symbol866:
->  0x100014328 <+0>:  stp    d9, d8, [sp, #-0x40]!
    0x10001432c <+4>:  stp    x22, x21, [sp, #0x10]
    0x100014330 <+8>:  stp    x20, x19, [sp, #0x20]
    0x100014334 <+12>: stp    x29, x30, [sp, #0x30]
Target 0: (H90 Control) stopped.
(lldb) continue
Process 7662 resuming
Process 7662 stopped
* thread #7, stop reason = breakpoint 2.1
    frame #0: 0x0000000100014328 H90 Control`___lldb_unnamed_symbol866
H90 Control`___lldb_unnamed_symbol866:
->  0x100014328 <+0>:  stp    d9, d8, [sp, #-0x40]!
    0x10001432c <+4>:  stp    x22, x21, [sp, #0x10]
    0x100014330 <+8>:  stp    x20, x19, [sp, #0x20]
    0x100014334 <+12>: stp    x29, x30, [sp, #0x30]
Target 0: (H90 Control) stopped.
(lldb) continue
Process 7662 resuming
Process 7662 stopped
* thread #7, stop reason = breakpoint 2.1
    frame #0: 0x0000000100014328 H90 Control`___lldb_unnamed_symbol866
H90 Control`___lldb_unnamed_symbol866:
->  0x100014328 <+0>:  stp    d9, d8, [sp, #-0x40]!
    0x10001432c <+4>:  stp    x22, x21, [sp, #0x10]
    0x100014330 <+8>:  stp    x20, x19, [sp, #0x20]
    0x100014334 <+12>: stp    x29, x30, [sp, #0x30]
Target 0: (H90 Control) stopped.
(lldb) continue
Process 7662 resuming
2026-08-05 16:32:12.027371+0300 H90 Control[7662:67723] [OpenSavePanels] Ignoring NSSavePanel method sent to NSOpenPanel: setNameFieldStringValue:
Process 7662 stopped
* thread #1, name = 'JUCE Message Thread', queue = 'com.apple.main-thread', stop reason = breakpoint 1.1
    frame #0: 0x000000010001336c H90 Control`___lldb_unnamed_symbol857 + 704
H90 Control`___lldb_unnamed_symbol857:
->  0x10001336c <+704>: bl     0x100477330               ; symbol stub for: MIDISendEventList
    0x100013370 <+708>: b      0x100013380               ; <+724>
    0x100013374 <+712>: mov    x0, x1
    0x100013378 <+716>: mov    x1, x2
Target 0: (H90 Control) stopped.
(lldb) script print("==BP=1 n=20==")
script print("SEND")
expr -- (*(unsigned int*)($x2 + 16)) & 0xffff
==BP=1 n=20==
(lldb) continue
SEND
(lldb) (unsigned int) $19 = 6
(lldb) Process 7662 resuming
Process 7662 stopped
* thread #7, stop reason = breakpoint 2.1
    frame #0: 0x0000000100014328 H90 Control`___lldb_unnamed_symbol866
H90 Control`___lldb_unnamed_symbol866:
->  0x100014328 <+0>:  stp    d9, d8, [sp, #-0x40]!
    0x10001432c <+4>:  stp    x22, x21, [sp, #0x10]
    0x100014330 <+8>:  stp    x20, x19, [sp, #0x20]
    0x100014334 <+12>: stp    x29, x30, [sp, #0x30]
Target 0: (H90 Control) stopped.
(lldb) continue
Process 7662 resuming
Process 7662 stopped
* thread #7, stop reason = breakpoint 2.1
    frame #0: 0x0000000100014328 H90 Control`___lldb_unnamed_symbol866
H90 Control`___lldb_unnamed_symbol866:
->  0x100014328 <+0>:  stp    d9, d8, [sp, #-0x40]!
    0x10001432c <+4>:  stp    x22, x21, [sp, #0x10]
    0x100014330 <+8>:  stp    x20, x19, [sp, #0x20]
    0x100014334 <+12>: stp    x29, x30, [sp, #0x30]
Target 0: (H90 Control) stopped.
(lldb) continue
Process 7662 resuming
Process 7662 stopped
* thread #7, stop reason = breakpoint 2.1
    frame #0: 0x0000000100014328 H90 Control`___lldb_unnamed_symbol866
H90 Control`___lldb_unnamed_symbol866:
->  0x100014328 <+0>:  stp    d9, d8, [sp, #-0x40]!
    0x10001432c <+4>:  stp    x22, x21, [sp, #0x10]
    0x100014330 <+8>:  stp    x20, x19, [sp, #0x20]
    0x100014334 <+12>: stp    x29, x30, [sp, #0x30]
Target 0: (H90 Control) stopped.
(lldb) continue
Process 7662 resuming
Process 7662 stopped
* thread #7, stop reason = breakpoint 2.1
    frame #0: 0x0000000100014328 H90 Control`___lldb_unnamed_symbol866
H90 Control`___lldb_unnamed_symbol866:
->  0x100014328 <+0>:  stp    d9, d8, [sp, #-0x40]!
    0x10001432c <+4>:  stp    x22, x21, [sp, #0x10]
    0x100014330 <+8>:  stp    x20, x19, [sp, #0x20]
    0x100014334 <+12>: stp    x29, x30, [sp, #0x30]
Target 0: (H90 Control) stopped.
(lldb) continue
Process 7662 resuming
Process 7662 stopped
* thread #7, stop reason = breakpoint 2.1
    frame #0: 0x0000000100014328 H90 Control`___lldb_unnamed_symbol866
H90 Control`___lldb_unnamed_symbol866:
->  0x100014328 <+0>:  stp    d9, d8, [sp, #-0x40]!
    0x10001432c <+4>:  stp    x22, x21, [sp, #0x10]
    0x100014330 <+8>:  stp    x20, x19, [sp, #0x20]
    0x100014334 <+12>: stp    x29, x30, [sp, #0x30]
Target 0: (H90 Control) stopped.
(lldb) continue
Process 7662 resuming
Process 7662 stopped
* thread #7, stop reason = breakpoint 2.1
    frame #0: 0x0000000100014328 H90 Control`___lldb_unnamed_symbol866
H90 Control`___lldb_unnamed_symbol866:
->  0x100014328 <+0>:  stp    d9, d8, [sp, #-0x40]!
    0x10001432c <+4>:  stp    x22, x21, [sp, #0x10]
    0x100014330 <+8>:  stp    x20, x19, [sp, #0x20]
    0x100014334 <+12>: stp    x29, x30, [sp, #0x30]
Target 0: (H90 Control) stopped.
(lldb) continue
Process 7662 resuming
Process 7662 stopped
* thread #7, stop reason = breakpoint 2.1
    frame #0: 0x0000000100014328 H90 Control`___lldb_unnamed_symbol866
H90 Control`___lldb_unnamed_symbol866:
->  0x100014328 <+0>:  stp    d9, d8, [sp, #-0x40]!
    0x10001432c <+4>:  stp    x22, x21, [sp, #0x10]
    0x100014330 <+8>:  stp    x20, x19, [sp, #0x20]
    0x100014334 <+12>: stp    x29, x30, [sp, #0x30]
Target 0: (H90 Control) stopped.
(lldb) continue
Process 7662 resuming
Process 7662 stopped
* thread #7, stop reason = breakpoint 2.1
    frame #0: 0x0000000100014328 H90 Control`___lldb_unnamed_symbol866
H90 Control`___lldb_unnamed_symbol866:
->  0x100014328 <+0>:  stp    d9, d8, [sp, #-0x40]!
    0x10001432c <+4>:  stp    x22, x21, [sp, #0x10]
    0x100014330 <+8>:  stp    x20, x19, [sp, #0x20]
    0x100014334 <+12>: stp    x29, x30, [sp, #0x30]
Target 0: (H90 Control) stopped.
(lldb) continue
Process 7662 resuming
Process 7662 stopped
* thread #7, stop reason = breakpoint 2.1
    frame #0: 0x0000000100014328 H90 Control`___lldb_unnamed_symbol866
H90 Control`___lldb_unnamed_symbol866:
->  0x100014328 <+0>:  stp    d9, d8, [sp, #-0x40]!
    0x10001432c <+4>:  stp    x22, x21, [sp, #0x10]
    0x100014330 <+8>:  stp    x20, x19, [sp, #0x20]
    0x100014334 <+12>: stp    x29, x30, [sp, #0x30]
Target 0: (H90 Control) stopped.
(lldb) continue
Process 7662 resuming
continue
continue
continue
continue
continue
continue
continue
continue
continue
continue
continue
continue
continue
continue
continue
continue
continue
continue
continue
continue
continue
continue
continue
continue
continue
continue
continue
continue
continue
continue
continue
2026-08-05 16:37:30.402210+0300 H90 Control[7662:67723] [OpenSavePanels] Ignoring NSSavePanel method sent to NSOpenPanel: setNameFieldStringValue:
Process 7662 stopped
* thread #1, name = 'JUCE Message Thread', queue = 'com.apple.main-thread', stop reason = breakpoint 1.1
    frame #0: 0x000000010001336c H90 Control`___lldb_unnamed_symbol857 + 704
H90 Control`___lldb_unnamed_symbol857:
->  0x10001336c <+704>: bl     0x100477330               ; symbol stub for: MIDISendEventList
    0x100013370 <+708>: b      0x100013380               ; <+724>
    0x100013374 <+712>: mov    x0, x1
    0x100013378 <+716>: mov    x1, x2
Target 0: (H90 Control) stopped.
(lldb) script print("==BP=1 n=21==")
script print("SEND")
expr -- (*(unsigned int*)($x2 + 16)) & 0xffff
==BP=1 n=21==
(lldb) continue
SEND
(lldb) (unsigned int) $20 = 36
(lldb) Process 7662 resuming
Process 7662 stopped
* thread #7, stop reason = breakpoint 2.1
    frame #0: 0x0000000100014328 H90 Control`___lldb_unnamed_symbol866
H90 Control`___lldb_unnamed_symbol866:
->  0x100014328 <+0>:  stp    d9, d8, [sp, #-0x40]!
    0x10001432c <+4>:  stp    x22, x21, [sp, #0x10]
    0x100014330 <+8>:  stp    x20, x19, [sp, #0x20]
    0x100014334 <+12>: stp    x29, x30, [sp, #0x30]
Target 0: (H90 Control) stopped.
(lldb) continue
Process 7662 resuming
Process 7662 stopped
* thread #7, stop reason = breakpoint 2.1
    frame #0: 0x0000000100014328 H90 Control`___lldb_unnamed_symbol866
H90 Control`___lldb_unnamed_symbol866:
->  0x100014328 <+0>:  stp    d9, d8, [sp, #-0x40]!
    0x10001432c <+4>:  stp    x22, x21, [sp, #0x10]
    0x100014330 <+8>:  stp    x20, x19, [sp, #0x20]
    0x100014334 <+12>: stp    x29, x30, [sp, #0x30]
Target 0: (H90 Control) stopped.
(lldb) continue
Process 7662 resuming
Process 7662 stopped
* thread #7, stop reason = breakpoint 2.1
    frame #0: 0x0000000100014328 H90 Control`___lldb_unnamed_symbol866
H90 Control`___lldb_unnamed_symbol866:
->  0x100014328 <+0>:  stp    d9, d8, [sp, #-0x40]!
    0x10001432c <+4>:  stp    x22, x21, [sp, #0x10]
    0x100014330 <+8>:  stp    x20, x19, [sp, #0x20]
    0x100014334 <+12>: stp    x29, x30, [sp, #0x30]
Target 0: (H90 Control) stopped.
(lldb) continue
Process 7662 resuming
Process 7662 stopped
* thread #7, stop reason = breakpoint 2.1
    frame #0: 0x0000000100014328 H90 Control`___lldb_unnamed_symbol866
H90 Control`___lldb_unnamed_symbol866:
->  0x100014328 <+0>:  stp    d9, d8, [sp, #-0x40]!
    0x10001432c <+4>:  stp    x22, x21, [sp, #0x10]
    0x100014330 <+8>:  stp    x20, x19, [sp, #0x20]
    0x100014334 <+12>: stp    x29, x30, [sp, #0x30]
Target 0: (H90 Control) stopped.
(lldb) continue
Process 7662 resuming
Process 7662 stopped
* thread #7, stop reason = breakpoint 2.1
    frame #0: 0x0000000100014328 H90 Control`___lldb_unnamed_symbol866
H90 Control`___lldb_unnamed_symbol866:
->  0x100014328 <+0>:  stp    d9, d8, [sp, #-0x40]!
    0x10001432c <+4>:  stp    x22, x21, [sp, #0x10]
    0x100014330 <+8>:  stp    x20, x19, [sp, #0x20]
    0x100014334 <+12>: stp    x29, x30, [sp, #0x30]
Target 0: (H90 Control) stopped.
(lldb) continue
Process 7662 resuming
Process 7662 stopped
* thread #7, stop reason = breakpoint 2.1
    frame #0: 0x0000000100014328 H90 Control`___lldb_unnamed_symbol866
H90 Control`___lldb_unnamed_symbol866:
->  0x100014328 <+0>:  stp    d9, d8, [sp, #-0x40]!
    0x10001432c <+4>:  stp    x22, x21, [sp, #0x10]
    0x100014330 <+8>:  stp    x20, x19, [sp, #0x20]
    0x100014334 <+12>: stp    x29, x30, [sp, #0x30]
Target 0: (H90 Control) stopped.
(lldb) continue
Process 7662 resuming
Process 7662 stopped
* thread #7, stop reason = breakpoint 2.1
    frame #0: 0x0000000100014328 H90 Control`___lldb_unnamed_symbol866
H90 Control`___lldb_unnamed_symbol866:
->  0x100014328 <+0>:  stp    d9, d8, [sp, #-0x40]!
    0x10001432c <+4>:  stp    x22, x21, [sp, #0x10]
    0x100014330 <+8>:  stp    x20, x19, [sp, #0x20]
    0x100014334 <+12>: stp    x29, x30, [sp, #0x30]
Target 0: (H90 Control) stopped.
(lldb) continue
Process 7662 resuming
Process 7662 stopped
* thread #7, stop reason = breakpoint 2.1
    frame #0: 0x0000000100014328 H90 Control`___lldb_unnamed_symbol866
H90 Control`___lldb_unnamed_symbol866:
->  0x100014328 <+0>:  stp    d9, d8, [sp, #-0x40]!
    0x10001432c <+4>:  stp    x22, x21, [sp, #0x10]
    0x100014330 <+8>:  stp    x20, x19, [sp, #0x20]
    0x100014334 <+12>: stp    x29, x30, [sp, #0x30]
Target 0: (H90 Control) stopped.
(lldb) continue
Process 7662 resuming
Process 7662 stopped
* thread #7, stop reason = breakpoint 2.1
    frame #0: 0x0000000100014328 H90 Control`___lldb_unnamed_symbol866
H90 Control`___lldb_unnamed_symbol866:
->  0x100014328 <+0>:  stp    d9, d8, [sp, #-0x40]!
    0x10001432c <+4>:  stp    x22, x21, [sp, #0x10]
    0x100014330 <+8>:  stp    x20, x19, [sp, #0x20]
    0x100014334 <+12>: stp    x29, x30, [sp, #0x30]
Target 0: (H90 Control) stopped.
(lldb) continue
Process 7662 resuming
Process 7662 stopped
* thread #7, stop reason = breakpoint 2.1
    frame #0: 0x0000000100014328 H90 Control`___lldb_unnamed_symbol866
H90 Control`___lldb_unnamed_symbol866:
->  0x100014328 <+0>:  stp    d9, d8, [sp, #-0x40]!
    0x10001432c <+4>:  stp    x22, x21, [sp, #0x10]
    0x100014330 <+8>:  stp    x20, x19, [sp, #0x20]
    0x100014334 <+12>: stp    x29, x30, [sp, #0x30]
Target 0: (H90 Control) stopped.
(lldb) continue
Process 7662 resuming
Process 7662 stopped
* thread #7, stop reason = breakpoint 2.1
    frame #0: 0x0000000100014328 H90 Control`___lldb_unnamed_symbol866
H90 Control`___lldb_unnamed_symbol866:
->  0x100014328 <+0>:  stp    d9, d8, [sp, #-0x40]!
    0x10001432c <+4>:  stp    x22, x21, [sp, #0x10]
    0x100014330 <+8>:  stp    x20, x19, [sp, #0x20]
    0x100014334 <+12>: stp    x29, x30, [sp, #0x30]
Target 0: (H90 Control) stopped.
(lldb) continue
Process 7662 resuming
continue
continue
continue
continue
continue
continue
continue
continue
continue
continue
continue
continue
continue
continue
process kill
quit
